2026-08-28 10:55:26,166 [hotpotqa] [Part1] dumping corpus for hotpotqa...
2026-08-28 11:01:32,589 [hotpotqa] [Part1] dumping qrels/queries...
2026-08-28 11:01:33,686 [hotpotqa] [Part1] building Lucene index over 5233329 docs...
2026-08-28 11:08:42,503 [hotpotqa] [Part1] done. build_time=428.8s size=2322.4MB
2026-08-29 03:37:40,944 [hotpotqa] [Part1] dumping corpus for hotpotqa...
2026-08-29 03:39:59,583 [hotpotqa] [Part1] dumping qrels/queries...
2026-08-29 03:40:00,528 [hotpotqa] [Part1] building Lucene index over 5233329 docs...
2026-08-29 03:45:29,593 [hotpotqa] [Part1] done. build_time=329.1s size=2322.4MB
2026-08-29 03:45:30,799 [hotpotqa] [Part2] grid search over k1=[0.6, 0.9, 1.2, 1.5, 1.8] b=[0.3, 0.4, 0.6, 0.8]
2026-08-29 03:53:03,305 [hotpotqa]   k1=0.6 b=0.3 -> nDCG@10=0.6288
2026-08-29 04:00:17,054 [hotpotqa]   k1=0.6 b=0.4 -> nDCG@10=0.6321
2026-08-29 04:07:31,444 [hotpotqa]   k1=0.6 b=0.6 -> nDCG@10=0.6282
2026-08-29 04:14:48,586 [hotpotqa]   k1=0.6 b=0.8 -> nDCG@10=0.6152
2026-08-29 04:22:10,121 [hotpotqa]   k1=0.9 b=0.3 -> nDCG@10=0.6329
2026-08-29 04:29:33,449 [hotpotqa]   k1=0.9 b=0.4 -> nDCG@10=0.6330
2026-08-29 04:36:56,309 [hotpotqa]   k1=0.9 b=0.6 -> nDCG@10=0.6231
2026-08-29 04:44:20,853 [hotpotqa]   k1=0.9 b=0.8 -> nDCG@10=0.6007
2026-08-29 04:51:47,478 [hotpotqa]   k1=1.2 b=0.3 -> nDCG@10=0.6302
2026-08-29 04:59:22,695 [hotpotqa]   k1=1.2 b=0.4 -> nDCG@10=0.6284
2026-08-29 05:06:57,177 [hotpotqa]   k1=1.2 b=0.6 -> nDCG@10=0.6138
2026-08-29 05:14:30,328 [hotpotqa]   k1=1.2 b=0.8 -> nDCG@10=0.5835
2026-08-29 05:22:05,980 [hotpotqa]   k1=1.5 b=0.3 -> nDCG@10=0.6242
2026-08-29 05:29:41,610 [hotpotqa]   k1=1.5 b=0.4 -> nDCG@10=0.6214
2026-08-29 05:37:16,609 [hotpotqa]   k1=1.5 b=0.6 -> nDCG@10=0.6025
2026-08-29 05:44:53,601 [hotpotqa]   k1=1.5 b=0.8 -> nDCG@10=0.5661
2026-08-29 05:52:33,974 [hotpotqa]   k1=1.8 b=0.3 -> nDCG@10=0.6161
2026-08-29 06:00:14,558 [hotpotqa]   k1=1.8 b=0.4 -> nDCG@10=0.6134
2026-08-29 06:07:56,292 [hotpotqa]   k1=1.8 b=0.6 -> nDCG@10=0.5915
2026-08-29 06:15:38,707 [hotpotqa]   k1=1.8 b=0.8 -> nDCG@10=0.5491
2026-08-29 06:15:38,715 [hotpotqa] [Part2] winner: k1=0.9 b=0.4 (saved to bm25_params.json)
2026-08-29 06:38:23,143 [hotpotqa] [Part2] done.
2026-08-29 06:40:17,013 [hotpotqa] [Part3] done. success_avg=0.1335 fail_avg=0.0885
2026-08-29 07:02:44,330 [hotpotqa] [Part4a] N=10 k=10 completed.
2026-08-29 07:26:21,792 [hotpotqa] [Part4a] N=10 k=20 completed.
2026-08-29 07:51:35,093 [hotpotqa] [Part4a] N=20 k=10 completed.
2026-08-29 08:19:16,373 [hotpotqa] [Part4a] N=20 k=20 completed.
2026-08-29 08:19:16,377 [hotpotqa] [Part4a] Done for dataset: hotpotqa
2026-08-29 08:19:49,646 [hotpotqa] [Part4b] Starting BATCHED generation with Qwen/Qwen2.5-7B-Instruct...
2026-08-29 08:19:49,646 [hotpotqa] [Part4b] Batch size=8, samples/query=4
2026-08-29 08:25:03,032 [hotpotqa] [Part4b] Generating for all 7405 queries in batches...
2026-08-29 08:25:45,268 [hotpotqa] [Part4b] Progress: 8/7405 queries completed (batch_size=8)
2026-08-29 08:26:25,600 [hotpotqa] [Part4b] Progress: 16/7405 queries completed (batch_size=8)
2026-08-29 08:27:07,663 [hotpotqa] [Part4b] Progress: 24/7405 queries completed (batch_size=8)
2026-08-29 08:27:50,403 [hotpotqa] [Part4b] Progress: 32/7405 queries completed (batch_size=8)
2026-08-29 08:28:28,535 [hotpotqa] [Part4b] Progress: 40/7405 queries completed (batch_size=8)
2026-08-29 08:29:06,586 [hotpotqa] [Part4b] Progress: 48/7405 queries completed (batch_size=8)
2026-08-29 08:29:45,914 [hotpotqa] [Part4b] Progress: 56/7405 queries completed (batch_size=8)
2026-08-29 08:30:26,876 [hotpotqa] [Part4b] Progress: 64/7405 queries completed (batch_size=8)
2026-08-29 08:31:01,048 [hotpotqa] [Part4b] Progress: 72/7405 queries completed (batch_size=8)
2026-08-29 08:31:42,295 [hotpotqa] [Part4b] Progress: 80/7405 queries completed (batch_size=8)
2026-08-29 08:32:20,699 [hotpotqa] [Part4b] Progress: 88/7405 queries completed (batch_size=8)
2026-08-29 08:32:56,419 [hotpotqa] [Part4b] Progress: 96/7405 queries completed (batch_size=8)
2026-08-29 08:33:34,874 [hotpotqa] [Part4b] Progress: 104/7405 queries completed (batch_size=8)
2026-08-29 08:34:10,412 [hotpotqa] [Part4b] Progress: 112/7405 queries completed (batch_size=8)
2026-08-29 08:34:49,166 [hotpotqa] [Part4b] Progress: 120/7405 queries completed (batch_size=8)
2026-08-29 08:35:27,845 [hotpotqa] [Part4b] Progress: 128/7405 queries completed (batch_size=8)
2026-08-29 08:36:08,294 [hotpotqa] [Part4b] Progress: 136/7405 queries completed (batch_size=8)
2026-08-29 08:36:42,846 [hotpotqa] [Part4b] Progress: 144/7405 queries completed (batch_size=8)
2026-08-29 08:37:20,592 [hotpotqa] [Part4b] Progress: 152/7405 queries completed (batch_size=8)
2026-08-29 08:37:57,946 [hotpotqa] [Part4b] Progress: 160/7405 queries completed (batch_size=8)
2026-08-29 08:38:35,893 [hotpotqa] [Part4b] Progress: 168/7405 queries completed (batch_size=8)
2026-08-29 08:39:15,055 [hotpotqa] [Part4b] Progress: 176/7405 queries completed (batch_size=8)
2026-08-29 08:39:52,941 [hotpotqa] [Part4b] Progress: 184/7405 queries completed (batch_size=8)
2026-08-29 08:40:33,518 [hotpotqa] [Part4b] Progress: 192/7405 queries completed (batch_size=8)
2026-08-29 08:41:10,698 [hotpotqa] [Part4b] Progress: 200/7405 queries completed (batch_size=8)
2026-08-29 08:41:51,373 [hotpotqa] [Part4b] Progress: 208/7405 queries completed (batch_size=8)
2026-08-29 08:42:29,183 [hotpotqa] [Part4b] Progress: 216/7405 queries completed (batch_size=8)
2026-08-29 08:43:07,600 [hotpotqa] [Part4b] Progress: 224/7405 queries completed (batch_size=8)
2026-08-29 08:43:45,225 [hotpotqa] [Part4b] Progress: 232/7405 queries completed (batch_size=8)
2026-08-29 08:44:21,668 [hotpotqa] [Part4b] Progress: 240/7405 queries completed (batch_size=8)
2026-08-29 08:44:56,224 [hotpotqa] [Part4b] Progress: 248/7405 queries completed (batch_size=8)
2026-08-29 08:45:35,219 [hotpotqa] [Part4b] Progress: 256/7405 queries completed (batch_size=8)
2026-08-29 08:46:15,823 [hotpotqa] [Part4b] Progress: 264/7405 queries completed (batch_size=8)
2026-08-29 08:46:56,117 [hotpotqa] [Part4b] Progress: 272/7405 queries completed (batch_size=8)
2026-08-29 08:47:33,347 [hotpotqa] [Part4b] Progress: 280/7405 queries completed (batch_size=8)
2026-08-29 08:48:13,041 [hotpotqa] [Part4b] Progress: 288/7405 queries completed (batch_size=8)
2026-08-29 08:48:52,886 [hotpotqa] [Part4b] Progress: 296/7405 queries completed (batch_size=8)
2026-08-29 08:49:32,251 [hotpotqa] [Part4b] Progress: 304/7405 queries completed (batch_size=8)
2026-08-29 08:50:09,165 [hotpotqa] [Part4b] Progress: 312/7405 queries completed (batch_size=8)
2026-08-29 08:50:49,055 [hotpotqa] [Part4b] Progress: 320/7405 queries completed (batch_size=8)
2026-08-29 08:51:31,252 [hotpotqa] [Part4b] Progress: 328/7405 queries completed (batch_size=8)
2026-08-29 08:52:10,756 [hotpotqa] [Part4b] Progress: 336/7405 queries completed (batch_size=8)
2026-08-29 08:52:51,972 [hotpotqa] [Part4b] Progress: 344/7405 queries completed (batch_size=8)
2026-08-29 08:53:33,623 [hotpotqa] [Part4b] Progress: 352/7405 queries completed (batch_size=8)
2026-08-29 08:54:13,250 [hotpotqa] [Part4b] Progress: 360/7405 queries completed (batch_size=8)
2026-08-29 08:54:52,638 [hotpotqa] [Part4b] Progress: 368/7405 queries completed (batch_size=8)
2026-08-29 08:55:33,703 [hotpotqa] [Part4b] Progress: 376/7405 queries completed (batch_size=8)
2026-08-29 08:56:16,568 [hotpotqa] [Part4b] Progress: 384/7405 queries completed (batch_size=8)
2026-08-29 08:56:58,763 [hotpotqa] [Part4b] Progress: 392/7405 queries completed (batch_size=8)
2026-08-29 08:57:40,563 [hotpotqa] [Part4b] Progress: 400/7405 queries completed (batch_size=8)
2026-08-29 08:58:16,924 [hotpotqa] [Part4b] Progress: 408/7405 queries completed (batch_size=8)
2026-08-29 08:58:55,389 [hotpotqa] [Part4b] Progress: 416/7405 queries completed (batch_size=8)
2026-08-29 08:59:35,839 [hotpotqa] [Part4b] Progress: 424/7405 queries completed (batch_size=8)
2026-08-29 09:00:15,071 [hotpotqa] [Part4b] Progress: 432/7405 queries completed (batch_size=8)
2026-08-29 09:00:49,227 [hotpotqa] [Part4b] Progress: 440/7405 queries completed (batch_size=8)
2026-08-29 09:01:26,105 [hotpotqa] [Part4b] Progress: 448/7405 queries completed (batch_size=8)
2026-08-29 09:02:07,995 [hotpotqa] [Part4b] Progress: 456/7405 queries completed (batch_size=8)
2026-08-29 09:02:45,280 [hotpotqa] [Part4b] Progress: 464/7405 queries completed (batch_size=8)
2026-08-29 09:03:22,568 [hotpotqa] [Part4b] Progress: 472/7405 queries completed (batch_size=8)
2026-08-29 09:03:58,360 [hotpotqa] [Part4b] Progress: 480/7405 queries completed (batch_size=8)
2026-08-29 09:04:36,223 [hotpotqa] [Part4b] Progress: 488/7405 queries completed (batch_size=8)
2026-08-29 09:05:16,102 [hotpotqa] [Part4b] Progress: 496/7405 queries completed (batch_size=8)
2026-08-29 09:05:53,432 [hotpotqa] [Part4b] Progress: 504/7405 queries completed (batch_size=8)
2026-08-29 09:06:31,078 [hotpotqa] [Part4b] Progress: 512/7405 queries completed (batch_size=8)
2026-08-29 09:07:09,691 [hotpotqa] [Part4b] Progress: 520/7405 queries completed (batch_size=8)
2026-08-29 09:07:49,425 [hotpotqa] [Part4b] Progress: 528/7405 queries completed (batch_size=8)
2026-08-29 09:08:24,773 [hotpotqa] [Part4b] Progress: 536/7405 queries completed (batch_size=8)
2026-08-29 09:09:01,375 [hotpotqa] [Part4b] Progress: 544/7405 queries completed (batch_size=8)
2026-08-29 09:09:40,234 [hotpotqa] [Part4b] Progress: 552/7405 queries completed (batch_size=8)
2026-08-29 09:10:18,974 [hotpotqa] [Part4b] Progress: 560/7405 queries completed (batch_size=8)
2026-08-29 09:10:55,595 [hotpotqa] [Part4b] Progress: 568/7405 queries completed (batch_size=8)
2026-08-29 09:11:31,812 [hotpotqa] [Part4b] Progress: 576/7405 queries completed (batch_size=8)
2026-08-29 09:12:10,856 [hotpotqa] [Part4b] Progress: 584/7405 queries completed (batch_size=8)
2026-08-29 09:12:50,630 [hotpotqa] [Part4b] Progress: 592/7405 queries completed (batch_size=8)
2026-08-29 09:13:23,372 [hotpotqa] [Part4b] Progress: 600/7405 queries completed (batch_size=8)
2026-08-29 09:14:05,263 [hotpotqa] [Part4b] Progress: 608/7405 queries completed (batch_size=8)
2026-08-29 09:14:45,123 [hotpotqa] [Part4b] Progress: 616/7405 queries completed (batch_size=8)
2026-08-29 09:15:21,749 [hotpotqa] [Part4b] Progress: 624/7405 queries completed (batch_size=8)
2026-08-29 09:15:58,398 [hotpotqa] [Part4b] Progress: 632/7405 queries completed (batch_size=8)
2026-08-29 09:16:39,977 [hotpotqa] [Part4b] Progress: 640/7405 queries completed (batch_size=8)
2026-08-29 09:17:20,073 [hotpotqa] [Part4b] Progress: 648/7405 queries completed (batch_size=8)
2026-08-29 09:17:57,904 [hotpotqa] [Part4b] Progress: 656/7405 queries completed (batch_size=8)
2026-08-29 09:18:38,331 [hotpotqa] [Part4b] Progress: 664/7405 queries completed (batch_size=8)
2026-08-29 09:19:16,737 [hotpotqa] [Part4b] Progress: 672/7405 queries completed (batch_size=8)
2026-08-29 09:19:59,118 [hotpotqa] [Part4b] Progress: 680/7405 queries completed (batch_size=8)
2026-08-29 09:20:40,135 [hotpotqa] [Part4b] Progress: 688/7405 queries completed (batch_size=8)
2026-08-29 09:21:23,220 [hotpotqa] [Part4b] Progress: 696/7405 queries completed (batch_size=8)
2026-08-29 09:22:05,288 [hotpotqa] [Part4b] Progress: 704/7405 queries completed (batch_size=8)
2026-08-29 09:22:45,126 [hotpotqa] [Part4b] Progress: 712/7405 queries completed (batch_size=8)
2026-08-29 09:23:24,379 [hotpotqa] [Part4b] Progress: 720/7405 queries completed (batch_size=8)
2026-08-29 09:24:05,467 [hotpotqa] [Part4b] Progress: 728/7405 queries completed (batch_size=8)
2026-08-29 09:24:43,918 [hotpotqa] [Part4b] Progress: 736/7405 queries completed (batch_size=8)
2026-08-29 09:25:22,539 [hotpotqa] [Part4b] Progress: 744/7405 queries completed (batch_size=8)
2026-08-29 09:26:02,595 [hotpotqa] [Part4b] Progress: 752/7405 queries completed (batch_size=8)
2026-08-29 09:26:42,256 [hotpotqa] [Part4b] Progress: 760/7405 queries completed (batch_size=8)
2026-08-29 09:27:21,993 [hotpotqa] [Part4b] Progress: 768/7405 queries completed (batch_size=8)
2026-08-29 09:28:01,603 [hotpotqa] [Part4b] Progress: 776/7405 queries completed (batch_size=8)
2026-08-29 09:28:39,345 [hotpotqa] [Part4b] Progress: 784/7405 queries completed (batch_size=8)
2026-08-29 09:29:09,146 [hotpotqa] [Part4b] Progress: 792/7405 queries completed (batch_size=8)
2026-08-29 09:29:49,364 [hotpotqa] [Part4b] Progress: 800/7405 queries completed (batch_size=8)
2026-08-29 09:30:28,122 [hotpotqa] [Part4b] Progress: 808/7405 queries completed (batch_size=8)
2026-08-29 09:31:06,221 [hotpotqa] [Part4b] Progress: 816/7405 queries completed (batch_size=8)
2026-08-29 09:31:44,933 [hotpotqa] [Part4b] Progress: 824/7405 queries completed (batch_size=8)
2026-08-29 09:32:21,090 [hotpotqa] [Part4b] Progress: 832/7405 queries completed (batch_size=8)
2026-08-29 09:32:57,956 [hotpotqa] [Part4b] Progress: 840/7405 queries completed (batch_size=8)
2026-08-29 09:33:33,774 [hotpotqa] [Part4b] Progress: 848/7405 queries completed (batch_size=8)
2026-08-29 09:34:07,287 [hotpotqa] [Part4b] Progress: 856/7405 queries completed (batch_size=8)
2026-08-29 09:34:45,200 [hotpotqa] [Part4b] Progress: 864/7405 queries completed (batch_size=8)
2026-08-29 09:35:22,552 [hotpotqa] [Part4b] Progress: 872/7405 queries completed (batch_size=8)
2026-08-29 09:35:59,578 [hotpotqa] [Part4b] Progress: 880/7405 queries completed (batch_size=8)
2026-08-29 09:36:36,501 [hotpotqa] [Part4b] Progress: 888/7405 queries completed (batch_size=8)
2026-08-29 09:37:15,798 [hotpotqa] [Part4b] Progress: 896/7405 queries completed (batch_size=8)
2026-08-29 09:37:53,317 [hotpotqa] [Part4b] Progress: 904/7405 queries completed (batch_size=8)
2026-08-29 09:38:30,927 [hotpotqa] [Part4b] Progress: 912/7405 queries completed (batch_size=8)
2026-08-29 09:39:07,468 [hotpotqa] [Part4b] Progress: 920/7405 queries completed (batch_size=8)
2026-08-29 09:39:49,837 [hotpotqa] [Part4b] Progress: 928/7405 queries completed (batch_size=8)
2026-08-29 09:40:27,801 [hotpotqa] [Part4b] Progress: 936/7405 queries completed (batch_size=8)
2026-08-29 09:41:07,298 [hotpotqa] [Part4b] Progress: 944/7405 queries completed (batch_size=8)
2026-08-29 09:41:45,923 [hotpotqa] [Part4b] Progress: 952/7405 queries completed (batch_size=8)
2026-08-29 09:42:26,107 [hotpotqa] [Part4b] Progress: 960/7405 queries completed (batch_size=8)
2026-08-29 09:43:05,171 [hotpotqa] [Part4b] Progress: 968/7405 queries completed (batch_size=8)
2026-08-29 09:43:47,540 [hotpotqa] [Part4b] Progress: 976/7405 queries completed (batch_size=8)
2026-08-29 09:44:32,274 [hotpotqa] [Part4b] Progress: 984/7405 queries completed (batch_size=8)
2026-08-29 09:45:11,693 [hotpotqa] [Part4b] Progress: 992/7405 queries completed (batch_size=8)
2026-08-29 09:45:51,307 [hotpotqa] [Part4b] Progress: 1000/7405 queries completed (batch_size=8)
2026-08-29 09:46:32,666 [hotpotqa] [Part4b] Progress: 1008/7405 queries completed (batch_size=8)
2026-08-29 09:47:12,919 [hotpotqa] [Part4b] Progress: 1016/7405 queries completed (batch_size=8)
2026-08-29 09:47:51,451 [hotpotqa] [Part4b] Progress: 1024/7405 queries completed (batch_size=8)
2026-08-29 09:48:31,351 [hotpotqa] [Part4b] Progress: 1032/7405 queries completed (batch_size=8)
2026-08-29 09:49:14,051 [hotpotqa] [Part4b] Progress: 1040/7405 queries completed (batch_size=8)
2026-08-29 09:49:52,752 [hotpotqa] [Part4b] Progress: 1048/7405 queries completed (batch_size=8)
2026-08-29 09:50:31,479 [hotpotqa] [Part4b] Progress: 1056/7405 queries completed (batch_size=8)
2026-08-29 09:51:09,970 [hotpotqa] [Part4b] Progress: 1064/7405 queries completed (batch_size=8)
2026-08-29 09:51:53,252 [hotpotqa] [Part4b] Progress: 1072/7405 queries completed (batch_size=8)
2026-08-29 09:52:31,640 [hotpotqa] [Part4b] Progress: 1080/7405 queries completed (batch_size=8)
2026-08-29 09:53:10,212 [hotpotqa] [Part4b] Progress: 1088/7405 queries completed (batch_size=8)
2026-08-29 09:53:47,165 [hotpotqa] [Part4b] Progress: 1096/7405 queries completed (batch_size=8)
2026-08-29 09:54:26,353 [hotpotqa] [Part4b] Progress: 1104/7405 queries completed (batch_size=8)
2026-08-29 09:55:05,433 [hotpotqa] [Part4b] Progress: 1112/7405 queries completed (batch_size=8)
2026-08-29 09:55:44,111 [hotpotqa] [Part4b] Progress: 1120/7405 queries completed (batch_size=8)
2026-08-29 09:56:23,664 [hotpotqa] [Part4b] Progress: 1128/7405 queries completed (batch_size=8)
2026-08-29 09:57:02,006 [hotpotqa] [Part4b] Progress: 1136/7405 queries completed (batch_size=8)
2026-08-29 09:57:38,200 [hotpotqa] [Part4b] Progress: 1144/7405 queries completed (batch_size=8)
2026-08-29 09:58:15,977 [hotpotqa] [Part4b] Progress: 1152/7405 queries completed (batch_size=8)
2026-08-29 09:58:50,579 [hotpotqa] [Part4b] Progress: 1160/7405 queries completed (batch_size=8)
2026-08-29 09:59:25,851 [hotpotqa] [Part4b] Progress: 1168/7405 queries completed (batch_size=8)
2026-08-29 09:59:59,694 [hotpotqa] [Part4b] Progress: 1176/7405 queries completed (batch_size=8)
2026-08-29 10:00:35,794 [hotpotqa] [Part4b] Progress: 1184/7405 queries completed (batch_size=8)
2026-08-29 10:01:12,338 [hotpotqa] [Part4b] Progress: 1192/7405 queries completed (batch_size=8)
2026-08-29 10:01:49,096 [hotpotqa] [Part4b] Progress: 1200/7405 queries completed (batch_size=8)
2026-08-29 10:02:25,479 [hotpotqa] [Part4b] Progress: 1208/7405 queries completed (batch_size=8)
2026-08-29 10:03:02,453 [hotpotqa] [Part4b] Progress: 1216/7405 queries completed (batch_size=8)
2026-08-29 10:03:39,262 [hotpotqa] [Part4b] Progress: 1224/7405 queries completed (batch_size=8)
2026-08-29 10:04:17,271 [hotpotqa] [Part4b] Progress: 1232/7405 queries completed (batch_size=8)
2026-08-29 10:04:54,093 [hotpotqa] [Part4b] Progress: 1240/7405 queries completed (batch_size=8)
2026-08-29 10:05:31,087 [hotpotqa] [Part4b] Progress: 1248/7405 queries completed (batch_size=8)
2026-08-29 10:06:08,361 [hotpotqa] [Part4b] Progress: 1256/7405 queries completed (batch_size=8)
2026-08-29 10:06:48,575 [hotpotqa] [Part4b] Progress: 1264/7405 queries completed (batch_size=8)
2026-08-29 10:07:27,288 [hotpotqa] [Part4b] Progress: 1272/7405 queries completed (batch_size=8)
2026-08-29 10:08:08,722 [hotpotqa] [Part4b] Progress: 1280/7405 queries completed (batch_size=8)
2026-08-29 10:08:48,773 [hotpotqa] [Part4b] Progress: 1288/7405 queries completed (batch_size=8)
2026-08-29 10:09:25,330 [hotpotqa] [Part4b] Progress: 1296/7405 queries completed (batch_size=8)
2026-08-29 10:10:05,681 [hotpotqa] [Part4b] Progress: 1304/7405 queries completed (batch_size=8)
2026-08-29 10:10:46,377 [hotpotqa] [Part4b] Progress: 1312/7405 queries completed (batch_size=8)
2026-08-29 10:11:26,247 [hotpotqa] [Part4b] Progress: 1320/7405 queries completed (batch_size=8)
2026-08-29 10:12:06,536 [hotpotqa] [Part4b] Progress: 1328/7405 queries completed (batch_size=8)
2026-08-29 10:12:45,208 [hotpotqa] [Part4b] Progress: 1336/7405 queries completed (batch_size=8)
2026-08-29 10:13:23,863 [hotpotqa] [Part4b] Progress: 1344/7405 queries completed (batch_size=8)
2026-08-29 10:14:04,075 [hotpotqa] [Part4b] Progress: 1352/7405 queries completed (batch_size=8)
2026-08-29 10:14:39,757 [hotpotqa] [Part4b] Progress: 1360/7405 queries completed (batch_size=8)
2026-08-29 10:15:17,267 [hotpotqa] [Part4b] Progress: 1368/7405 queries completed (batch_size=8)
2026-08-29 10:15:58,895 [hotpotqa] [Part4b] Progress: 1376/7405 queries completed (batch_size=8)
2026-08-29 10:16:37,313 [hotpotqa] [Part4b] Progress: 1384/7405 queries completed (batch_size=8)
2026-08-29 10:17:20,504 [hotpotqa] [Part4b] Progress: 1392/7405 queries completed (batch_size=8)
2026-08-29 10:18:00,056 [hotpotqa] [Part4b] Progress: 1400/7405 queries completed (batch_size=8)
2026-08-29 10:18:35,136 [hotpotqa] [Part4b] Progress: 1408/7405 queries completed (batch_size=8)
2026-08-29 10:19:15,638 [hotpotqa] [Part4b] Progress: 1416/7405 queries completed (batch_size=8)
2026-08-29 10:19:54,862 [hotpotqa] [Part4b] Progress: 1424/7405 queries completed (batch_size=8)
2026-08-29 10:20:35,169 [hotpotqa] [Part4b] Progress: 1432/7405 queries completed (batch_size=8)
2026-08-29 10:21:15,393 [hotpotqa] [Part4b] Progress: 1440/7405 queries completed (batch_size=8)
2026-08-29 10:21:55,656 [hotpotqa] [Part4b] Progress: 1448/7405 queries completed (batch_size=8)
2026-08-29 10:22:35,408 [hotpotqa] [Part4b] Progress: 1456/7405 queries completed (batch_size=8)
2026-08-29 10:23:15,157 [hotpotqa] [Part4b] Progress: 1464/7405 queries completed (batch_size=8)
2026-08-29 10:23:57,481 [hotpotqa] [Part4b] Progress: 1472/7405 queries completed (batch_size=8)
2026-08-29 10:24:35,579 [hotpotqa] [Part4b] Progress: 1480/7405 queries completed (batch_size=8)
2026-08-29 10:25:15,603 [hotpotqa] [Part4b] Progress: 1488/7405 queries completed (batch_size=8)
2026-08-29 10:25:52,946 [hotpotqa] [Part4b] Progress: 1496/7405 queries completed (batch_size=8)
2026-08-29 10:26:29,069 [hotpotqa] [Part4b] Progress: 1504/7405 queries completed (batch_size=8)
2026-08-29 10:27:07,584 [hotpotqa] [Part4b] Progress: 1512/7405 queries completed (batch_size=8)
2026-08-29 10:27:47,189 [hotpotqa] [Part4b] Progress: 1520/7405 queries completed (batch_size=8)
2026-08-29 10:28:26,880 [hotpotqa] [Part4b] Progress: 1528/7405 queries completed (batch_size=8)
2026-08-29 10:29:01,100 [hotpotqa] [Part4b] Progress: 1536/7405 queries completed (batch_size=8)
2026-08-29 10:29:39,466 [hotpotqa] [Part4b] Progress: 1544/7405 queries completed (batch_size=8)
2026-08-29 10:30:16,844 [hotpotqa] [Part4b] Progress: 1552/7405 queries completed (batch_size=8)
2026-08-29 10:30:52,883 [hotpotqa] [Part4b] Progress: 1560/7405 queries completed (batch_size=8)
2026-08-29 10:31:29,895 [hotpotqa] [Part4b] Progress: 1568/7405 queries completed (batch_size=8)
2026-08-29 10:32:06,951 [hotpotqa] [Part4b] Progress: 1576/7405 queries completed (batch_size=8)
2026-08-29 10:32:42,315 [hotpotqa] [Part4b] Progress: 1584/7405 queries completed (batch_size=8)
2026-08-29 10:33:23,195 [hotpotqa] [Part4b] Progress: 1592/7405 queries completed (batch_size=8)
2026-08-29 10:34:00,224 [hotpotqa] [Part4b] Progress: 1600/7405 queries completed (batch_size=8)
2026-08-29 10:34:41,008 [hotpotqa] [Part4b] Progress: 1608/7405 queries completed (batch_size=8)
2026-08-29 10:35:19,875 [hotpotqa] [Part4b] Progress: 1616/7405 queries completed (batch_size=8)
2026-08-29 10:35:59,846 [hotpotqa] [Part4b] Progress: 1624/7405 queries completed (batch_size=8)
2026-08-29 10:36:41,080 [hotpotqa] [Part4b] Progress: 1632/7405 queries completed (batch_size=8)
2026-08-29 10:37:21,896 [hotpotqa] [Part4b] Progress: 1640/7405 queries completed (batch_size=8)
2026-08-29 10:38:01,016 [hotpotqa] [Part4b] Progress: 1648/7405 queries completed (batch_size=8)
2026-08-29 10:38:39,512 [hotpotqa] [Part4b] Progress: 1656/7405 queries completed (batch_size=8)
2026-08-29 10:39:18,334 [hotpotqa] [Part4b] Progress: 1664/7405 queries completed (batch_size=8)
2026-08-29 10:39:57,607 [hotpotqa] [Part4b] Progress: 1672/7405 queries completed (batch_size=8)
2026-08-29 10:40:34,930 [hotpotqa] [Part4b] Progress: 1680/7405 queries completed (batch_size=8)
2026-08-29 10:41:11,614 [hotpotqa] [Part4b] Progress: 1688/7405 queries completed (batch_size=8)
2026-08-29 10:41:49,813 [hotpotqa] [Part4b] Progress: 1696/7405 queries completed (batch_size=8)
2026-08-29 10:42:26,778 [hotpotqa] [Part4b] Progress: 1704/7405 queries completed (batch_size=8)
2026-08-29 10:43:05,589 [hotpotqa] [Part4b] Progress: 1712/7405 queries completed (batch_size=8)
2026-08-29 10:43:44,748 [hotpotqa] [Part4b] Progress: 1720/7405 queries completed (batch_size=8)
2026-08-29 10:44:24,981 [hotpotqa] [Part4b] Progress: 1728/7405 queries completed (batch_size=8)
2026-08-29 10:45:04,594 [hotpotqa] [Part4b] Progress: 1736/7405 queries completed (batch_size=8)
2026-08-29 10:45:44,576 [hotpotqa] [Part4b] Progress: 1744/7405 queries completed (batch_size=8)
2026-08-29 10:46:20,939 [hotpotqa] [Part4b] Progress: 1752/7405 queries completed (batch_size=8)
2026-08-29 10:47:00,885 [hotpotqa] [Part4b] Progress: 1760/7405 queries completed (batch_size=8)
2026-08-29 10:47:42,759 [hotpotqa] [Part4b] Progress: 1768/7405 queries completed (batch_size=8)
2026-08-29 10:48:21,639 [hotpotqa] [Part4b] Progress: 1776/7405 queries completed (batch_size=8)
2026-08-29 10:48:58,949 [hotpotqa] [Part4b] Progress: 1784/7405 queries completed (batch_size=8)
2026-08-29 10:49:39,067 [hotpotqa] [Part4b] Progress: 1792/7405 queries completed (batch_size=8)
2026-08-29 10:50:19,922 [hotpotqa] [Part4b] Progress: 1800/7405 queries completed (batch_size=8)
2026-08-29 10:51:00,307 [hotpotqa] [Part4b] Progress: 1808/7405 queries completed (batch_size=8)
2026-08-29 10:51:42,042 [hotpotqa] [Part4b] Progress: 1816/7405 queries completed (batch_size=8)
2026-08-29 10:52:12,411 [hotpotqa] [Part4b] Progress: 1824/7405 queries completed (batch_size=8)
2026-08-29 10:52:51,267 [hotpotqa] [Part4b] Progress: 1832/7405 queries completed (batch_size=8)
2026-08-29 10:53:31,427 [hotpotqa] [Part4b] Progress: 1840/7405 queries completed (batch_size=8)
2026-08-29 10:54:09,211 [hotpotqa] [Part4b] Progress: 1848/7405 queries completed (batch_size=8)
2026-08-29 10:54:50,081 [hotpotqa] [Part4b] Progress: 1856/7405 queries completed (batch_size=8)
2026-08-29 10:55:25,965 [hotpotqa] [Part4b] Progress: 1864/7405 queries completed (batch_size=8)
2026-08-29 10:56:06,057 [hotpotqa] [Part4b] Progress: 1872/7405 queries completed (batch_size=8)
2026-08-29 10:56:45,383 [hotpotqa] [Part4b] Progress: 1880/7405 queries completed (batch_size=8)
2026-08-29 10:57:27,026 [hotpotqa] [Part4b] Progress: 1888/7405 queries completed (batch_size=8)
2026-08-29 10:58:05,637 [hotpotqa] [Part4b] Progress: 1896/7405 queries completed (batch_size=8)
2026-08-29 10:58:42,910 [hotpotqa] [Part4b] Progress: 1904/7405 queries completed (batch_size=8)
2026-08-29 10:59:23,034 [hotpotqa] [Part4b] Progress: 1912/7405 queries completed (batch_size=8)
2026-08-29 10:59:59,899 [hotpotqa] [Part4b] Progress: 1920/7405 queries completed (batch_size=8)
2026-08-29 11:00:29,580 [hotpotqa] [Part4b] Progress: 1928/7405 queries completed (batch_size=8)
2026-08-29 11:01:07,556 [hotpotqa] [Part4b] Progress: 1936/7405 queries completed (batch_size=8)
2026-08-29 11:01:43,475 [hotpotqa] [Part4b] Progress: 1944/7405 queries completed (batch_size=8)
2026-08-29 11:02:21,588 [hotpotqa] [Part4b] Progress: 1952/7405 queries completed (batch_size=8)
2026-08-29 11:02:58,613 [hotpotqa] [Part4b] Progress: 1960/7405 queries completed (batch_size=8)
2026-08-29 11:03:38,212 [hotpotqa] [Part4b] Progress: 1968/7405 queries completed (batch_size=8)
2026-08-29 11:04:13,541 [hotpotqa] [Part4b] Progress: 1976/7405 queries completed (batch_size=8)
2026-08-29 11:04:50,632 [hotpotqa] [Part4b] Progress: 1984/7405 queries completed (batch_size=8)
2026-08-29 11:05:29,786 [hotpotqa] [Part4b] Progress: 1992/7405 queries completed (batch_size=8)
2026-08-29 11:06:11,098 [hotpotqa] [Part4b] Progress: 2000/7405 queries completed (batch_size=8)
2026-08-29 11:06:49,729 [hotpotqa] [Part4b] Progress: 2008/7405 queries completed (batch_size=8)
2026-08-29 11:07:29,894 [hotpotqa] [Part4b] Progress: 2016/7405 queries completed (batch_size=8)
2026-08-29 11:08:09,927 [hotpotqa] [Part4b] Progress: 2024/7405 queries completed (batch_size=8)
2026-08-29 11:08:47,110 [hotpotqa] [Part4b] Progress: 2032/7405 queries completed (batch_size=8)
2026-08-29 11:09:25,529 [hotpotqa] [Part4b] Progress: 2040/7405 queries completed (batch_size=8)
2026-08-29 11:10:08,486 [hotpotqa] [Part4b] Progress: 2048/7405 queries completed (batch_size=8)
2026-08-29 11:10:46,962 [hotpotqa] [Part4b] Progress: 2056/7405 queries completed (batch_size=8)
2026-08-29 11:11:26,371 [hotpotqa] [Part4b] Progress: 2064/7405 queries completed (batch_size=8)
2026-08-29 11:12:05,243 [hotpotqa] [Part4b] Progress: 2072/7405 queries completed (batch_size=8)
2026-08-29 11:12:46,375 [hotpotqa] [Part4b] Progress: 2080/7405 queries completed (batch_size=8)
2026-08-29 11:13:27,122 [hotpotqa] [Part4b] Progress: 2088/7405 queries completed (batch_size=8)
2026-08-29 11:14:07,200 [hotpotqa] [Part4b] Progress: 2096/7405 queries completed (batch_size=8)
2026-08-29 11:14:44,348 [hotpotqa] [Part4b] Progress: 2104/7405 queries completed (batch_size=8)
2026-08-29 11:15:24,665 [hotpotqa] [Part4b] Progress: 2112/7405 queries completed (batch_size=8)
2026-08-29 11:16:03,078 [hotpotqa] [Part4b] Progress: 2120/7405 queries completed (batch_size=8)
2026-08-29 11:16:44,367 [hotpotqa] [Part4b] Progress: 2128/7405 queries completed (batch_size=8)
2026-08-29 11:17:26,417 [hotpotqa] [Part4b] Progress: 2136/7405 queries completed (batch_size=8)
2026-08-29 11:18:03,239 [hotpotqa] [Part4b] Progress: 2144/7405 queries completed (batch_size=8)
2026-08-29 11:18:43,455 [hotpotqa] [Part4b] Progress: 2152/7405 queries completed (batch_size=8)
2026-08-29 11:19:23,051 [hotpotqa] [Part4b] Progress: 2160/7405 queries completed (batch_size=8)
2026-08-29 11:20:01,000 [hotpotqa] [Part4b] Progress: 2168/7405 queries completed (batch_size=8)
2026-08-29 11:20:41,358 [hotpotqa] [Part4b] Progress: 2176/7405 queries completed (batch_size=8)
2026-08-29 11:21:23,433 [hotpotqa] [Part4b] Progress: 2184/7405 queries completed (batch_size=8)
2026-08-29 11:22:01,071 [hotpotqa] [Part4b] Progress: 2192/7405 queries completed (batch_size=8)
2026-08-29 11:22:43,038 [hotpotqa] [Part4b] Progress: 2200/7405 queries completed (batch_size=8)
2026-08-29 11:23:26,057 [hotpotqa] [Part4b] Progress: 2208/7405 queries completed (batch_size=8)
2026-08-29 11:24:06,028 [hotpotqa] [Part4b] Progress: 2216/7405 queries completed (batch_size=8)
2026-08-29 11:24:47,735 [hotpotqa] [Part4b] Progress: 2224/7405 queries completed (batch_size=8)
2026-08-29 11:25:25,521 [hotpotqa] [Part4b] Progress: 2232/7405 queries completed (batch_size=8)
2026-08-29 11:26:07,076 [hotpotqa] [Part4b] Progress: 2240/7405 queries completed (batch_size=8)
2026-08-29 11:26:49,387 [hotpotqa] [Part4b] Progress: 2248/7405 queries completed (batch_size=8)
2026-08-29 11:27:34,886 [hotpotqa] [Part4b] Progress: 2256/7405 queries completed (batch_size=8)
2026-08-29 11:28:14,196 [hotpotqa] [Part4b] Progress: 2264/7405 queries completed (batch_size=8)
2026-08-29 11:28:50,663 [hotpotqa] [Part4b] Progress: 2272/7405 queries completed (batch_size=8)
2026-08-29 11:29:27,583 [hotpotqa] [Part4b] Progress: 2280/7405 queries completed (batch_size=8)
2026-08-29 11:30:09,424 [hotpotqa] [Part4b] Progress: 2288/7405 queries completed (batch_size=8)
2026-08-29 11:30:47,069 [hotpotqa] [Part4b] Progress: 2296/7405 queries completed (batch_size=8)
2026-08-29 11:31:22,821 [hotpotqa] [Part4b] Progress: 2304/7405 queries completed (batch_size=8)
2026-08-29 11:32:02,130 [hotpotqa] [Part4b] Progress: 2312/7405 queries completed (batch_size=8)
2026-08-29 11:32:38,514 [hotpotqa] [Part4b] Progress: 2320/7405 queries completed (batch_size=8)
2026-08-29 11:33:15,276 [hotpotqa] [Part4b] Progress: 2328/7405 queries completed (batch_size=8)
2026-08-29 11:33:52,750 [hotpotqa] [Part4b] Progress: 2336/7405 queries completed (batch_size=8)
2026-08-29 11:34:28,166 [hotpotqa] [Part4b] Progress: 2344/7405 queries completed (batch_size=8)
2026-08-29 11:35:07,220 [hotpotqa] [Part4b] Progress: 2352/7405 queries completed (batch_size=8)
2026-08-29 11:35:46,183 [hotpotqa] [Part4b] Progress: 2360/7405 queries completed (batch_size=8)
2026-08-29 11:36:26,562 [hotpotqa] [Part4b] Progress: 2368/7405 queries completed (batch_size=8)
2026-08-29 11:37:01,560 [hotpotqa] [Part4b] Progress: 2376/7405 queries completed (batch_size=8)
2026-08-29 11:37:40,363 [hotpotqa] [Part4b] Progress: 2384/7405 queries completed (batch_size=8)
2026-08-29 11:38:20,023 [hotpotqa] [Part4b] Progress: 2392/7405 queries completed (batch_size=8)
2026-08-29 11:38:59,305 [hotpotqa] [Part4b] Progress: 2400/7405 queries completed (batch_size=8)
2026-08-29 11:39:36,802 [hotpotqa] [Part4b] Progress: 2408/7405 queries completed (batch_size=8)
2026-08-29 11:40:16,015 [hotpotqa] [Part4b] Progress: 2416/7405 queries completed (batch_size=8)
2026-08-29 11:40:55,476 [hotpotqa] [Part4b] Progress: 2424/7405 queries completed (batch_size=8)
2026-08-29 11:41:34,187 [hotpotqa] [Part4b] Progress: 2432/7405 queries completed (batch_size=8)
2026-08-29 11:42:11,869 [hotpotqa] [Part4b] Progress: 2440/7405 queries completed (batch_size=8)
2026-08-29 11:42:49,475 [hotpotqa] [Part4b] Progress: 2448/7405 queries completed (batch_size=8)
2026-08-29 11:43:29,548 [hotpotqa] [Part4b] Progress: 2456/7405 queries completed (batch_size=8)
2026-08-29 11:44:08,164 [hotpotqa] [Part4b] Progress: 2464/7405 queries completed (batch_size=8)
2026-08-29 11:44:48,618 [hotpotqa] [Part4b] Progress: 2472/7405 queries completed (batch_size=8)
2026-08-29 11:45:28,161 [hotpotqa] [Part4b] Progress: 2480/7405 queries completed (batch_size=8)
2026-08-29 11:46:07,724 [hotpotqa] [Part4b] Progress: 2488/7405 queries completed (batch_size=8)
2026-08-29 11:46:46,601 [hotpotqa] [Part4b] Progress: 2496/7405 queries completed (batch_size=8)
2026-08-29 11:47:26,507 [hotpotqa] [Part4b] Progress: 2504/7405 queries completed (batch_size=8)
2026-08-29 11:48:06,646 [hotpotqa] [Part4b] Progress: 2512/7405 queries completed (batch_size=8)
2026-08-29 11:48:43,606 [hotpotqa] [Part4b] Progress: 2520/7405 queries completed (batch_size=8)
2026-08-29 11:49:24,998 [hotpotqa] [Part4b] Progress: 2528/7405 queries completed (batch_size=8)
2026-08-29 11:50:06,801 [hotpotqa] [Part4b] Progress: 2536/7405 queries completed (batch_size=8)
2026-08-29 11:50:48,085 [hotpotqa] [Part4b] Progress: 2544/7405 queries completed (batch_size=8)
2026-08-29 11:51:28,984 [hotpotqa] [Part4b] Progress: 2552/7405 queries completed (batch_size=8)
2026-08-29 11:52:11,369 [hotpotqa] [Part4b] Progress: 2560/7405 queries completed (batch_size=8)
2026-08-29 11:52:53,854 [hotpotqa] [Part4b] Progress: 2568/7405 queries completed (batch_size=8)
2026-08-29 11:53:31,568 [hotpotqa] [Part4b] Progress: 2576/7405 queries completed (batch_size=8)
2026-08-29 11:54:15,567 [hotpotqa] [Part4b] Progress: 2584/7405 queries completed (batch_size=8)
2026-08-29 11:54:53,619 [hotpotqa] [Part4b] Progress: 2592/7405 queries completed (batch_size=8)
2026-08-29 11:55:32,499 [hotpotqa] [Part4b] Progress: 2600/7405 queries completed (batch_size=8)
2026-08-29 11:56:11,108 [hotpotqa] [Part4b] Progress: 2608/7405 queries completed (batch_size=8)
2026-08-29 11:56:52,459 [hotpotqa] [Part4b] Progress: 2616/7405 queries completed (batch_size=8)
2026-08-29 11:57:29,749 [hotpotqa] [Part4b] Progress: 2624/7405 queries completed (batch_size=8)
2026-08-29 11:58:10,028 [hotpotqa] [Part4b] Progress: 2632/7405 queries completed (batch_size=8)
2026-08-29 11:58:46,604 [hotpotqa] [Part4b] Progress: 2640/7405 queries completed (batch_size=8)
2026-08-29 11:59:21,838 [hotpotqa] [Part4b] Progress: 2648/7405 queries completed (batch_size=8)
2026-08-29 11:59:56,752 [hotpotqa] [Part4b] Progress: 2656/7405 queries completed (batch_size=8)
2026-08-29 12:00:35,905 [hotpotqa] [Part4b] Progress: 2664/7405 queries completed (batch_size=8)
2026-08-29 12:01:11,946 [hotpotqa] [Part4b] Progress: 2672/7405 queries completed (batch_size=8)
2026-08-29 12:01:47,344 [hotpotqa] [Part4b] Progress: 2680/7405 queries completed (batch_size=8)
2026-08-29 12:02:26,226 [hotpotqa] [Part4b] Progress: 2688/7405 queries completed (batch_size=8)
2026-08-29 12:03:06,388 [hotpotqa] [Part4b] Progress: 2696/7405 queries completed (batch_size=8)
2026-08-29 12:03:42,307 [hotpotqa] [Part4b] Progress: 2704/7405 queries completed (batch_size=8)
2026-08-29 12:04:19,756 [hotpotqa] [Part4b] Progress: 2712/7405 queries completed (batch_size=8)
2026-08-29 12:04:58,861 [hotpotqa] [Part4b] Progress: 2720/7405 queries completed (batch_size=8)
2026-08-29 12:05:37,113 [hotpotqa] [Part4b] Progress: 2728/7405 queries completed (batch_size=8)
2026-08-29 12:06:14,525 [hotpotqa] [Part4b] Progress: 2736/7405 queries completed (batch_size=8)
2026-08-29 12:06:50,630 [hotpotqa] [Part4b] Progress: 2744/7405 queries completed (batch_size=8)
2026-08-29 12:07:31,880 [hotpotqa] [Part4b] Progress: 2752/7405 queries completed (batch_size=8)
2026-08-29 12:08:09,751 [hotpotqa] [Part4b] Progress: 2760/7405 queries completed (batch_size=8)
2026-08-29 12:08:51,199 [hotpotqa] [Part4b] Progress: 2768/7405 queries completed (batch_size=8)
2026-08-29 12:09:31,333 [hotpotqa] [Part4b] Progress: 2776/7405 queries completed (batch_size=8)
2026-08-29 12:10:12,062 [hotpotqa] [Part4b] Progress: 2784/7405 queries completed (batch_size=8)
2026-08-29 12:10:51,345 [hotpotqa] [Part4b] Progress: 2792/7405 queries completed (batch_size=8)
2026-08-29 12:11:34,110 [hotpotqa] [Part4b] Progress: 2800/7405 queries completed (batch_size=8)
2026-08-29 12:12:15,204 [hotpotqa] [Part4b] Progress: 2808/7405 queries completed (batch_size=8)
2026-08-29 12:12:55,147 [hotpotqa] [Part4b] Progress: 2816/7405 queries completed (batch_size=8)
2026-08-29 12:13:31,461 [hotpotqa] [Part4b] Progress: 2824/7405 queries completed (batch_size=8)
2026-08-29 12:14:12,777 [hotpotqa] [Part4b] Progress: 2832/7405 queries completed (batch_size=8)
2026-08-29 12:14:52,943 [hotpotqa] [Part4b] Progress: 2840/7405 queries completed (batch_size=8)
2026-08-29 12:15:32,199 [hotpotqa] [Part4b] Progress: 2848/7405 queries completed (batch_size=8)
2026-08-29 12:16:10,062 [hotpotqa] [Part4b] Progress: 2856/7405 queries completed (batch_size=8)
2026-08-29 12:16:47,536 [hotpotqa] [Part4b] Progress: 2864/7405 queries completed (batch_size=8)
2026-08-29 12:17:26,253 [hotpotqa] [Part4b] Progress: 2872/7405 queries completed (batch_size=8)
2026-08-29 12:18:03,617 [hotpotqa] [Part4b] Progress: 2880/7405 queries completed (batch_size=8)
2026-08-29 12:18:44,334 [hotpotqa] [Part4b] Progress: 2888/7405 queries completed (batch_size=8)
2026-08-29 12:19:24,610 [hotpotqa] [Part4b] Progress: 2896/7405 queries completed (batch_size=8)
2026-08-29 12:20:02,859 [hotpotqa] [Part4b] Progress: 2904/7405 queries completed (batch_size=8)
2026-08-29 12:20:42,288 [hotpotqa] [Part4b] Progress: 2912/7405 queries completed (batch_size=8)
2026-08-29 12:21:19,801 [hotpotqa] [Part4b] Progress: 2920/7405 queries completed (batch_size=8)
2026-08-29 12:22:01,070 [hotpotqa] [Part4b] Progress: 2928/7405 queries completed (batch_size=8)
2026-08-29 12:22:38,331 [hotpotqa] [Part4b] Progress: 2936/7405 queries completed (batch_size=8)
2026-08-29 12:23:18,079 [hotpotqa] [Part4b] Progress: 2944/7405 queries completed (batch_size=8)
2026-08-29 12:23:57,060 [hotpotqa] [Part4b] Progress: 2952/7405 queries completed (batch_size=8)
2026-08-29 12:24:34,790 [hotpotqa] [Part4b] Progress: 2960/7405 queries completed (batch_size=8)
2026-08-29 12:25:09,621 [hotpotqa] [Part4b] Progress: 2968/7405 queries completed (batch_size=8)
2026-08-29 12:25:46,617 [hotpotqa] [Part4b] Progress: 2976/7405 queries completed (batch_size=8)
2026-08-29 12:26:24,878 [hotpotqa] [Part4b] Progress: 2984/7405 queries completed (batch_size=8)
2026-08-29 12:27:03,938 [hotpotqa] [Part4b] Progress: 2992/7405 queries completed (batch_size=8)
2026-08-29 12:27:41,567 [hotpotqa] [Part4b] Progress: 3000/7405 queries completed (batch_size=8)
2026-08-29 12:28:20,103 [hotpotqa] [Part4b] Progress: 3008/7405 queries completed (batch_size=8)
2026-08-29 12:28:54,023 [hotpotqa] [Part4b] Progress: 3016/7405 queries completed (batch_size=8)
2026-08-29 12:29:31,032 [hotpotqa] [Part4b] Progress: 3024/7405 queries completed (batch_size=8)
2026-08-29 12:30:07,316 [hotpotqa] [Part4b] Progress: 3032/7405 queries completed (batch_size=8)
2026-08-29 12:30:42,858 [hotpotqa] [Part4b] Progress: 3040/7405 queries completed (batch_size=8)
2026-08-29 12:31:19,012 [hotpotqa] [Part4b] Progress: 3048/7405 queries completed (batch_size=8)
2026-08-29 12:31:55,331 [hotpotqa] [Part4b] Progress: 3056/7405 queries completed (batch_size=8)
2026-08-29 12:32:34,468 [hotpotqa] [Part4b] Progress: 3064/7405 queries completed (batch_size=8)
2026-08-29 12:33:14,615 [hotpotqa] [Part4b] Progress: 3072/7405 queries completed (batch_size=8)
2026-08-29 12:33:54,375 [hotpotqa] [Part4b] Progress: 3080/7405 queries completed (batch_size=8)
2026-08-29 12:34:31,646 [hotpotqa] [Part4b] Progress: 3088/7405 queries completed (batch_size=8)
2026-08-29 12:35:10,710 [hotpotqa] [Part4b] Progress: 3096/7405 queries completed (batch_size=8)
2026-08-29 12:35:48,900 [hotpotqa] [Part4b] Progress: 3104/7405 queries completed (batch_size=8)
2026-08-29 12:36:27,612 [hotpotqa] [Part4b] Progress: 3112/7405 queries completed (batch_size=8)
2026-08-29 12:37:08,216 [hotpotqa] [Part4b] Progress: 3120/7405 queries completed (batch_size=8)
2026-08-29 12:37:47,270 [hotpotqa] [Part4b] Progress: 3128/7405 queries completed (batch_size=8)
2026-08-29 12:38:28,617 [hotpotqa] [Part4b] Progress: 3136/7405 queries completed (batch_size=8)
2026-08-29 12:39:07,495 [hotpotqa] [Part4b] Progress: 3144/7405 queries completed (batch_size=8)
2026-08-29 12:39:50,398 [hotpotqa] [Part4b] Progress: 3152/7405 queries completed (batch_size=8)
2026-08-29 12:40:29,834 [hotpotqa] [Part4b] Progress: 3160/7405 queries completed (batch_size=8)
2026-08-29 12:41:07,738 [hotpotqa] [Part4b] Progress: 3168/7405 queries completed (batch_size=8)
2026-08-29 12:41:49,492 [hotpotqa] [Part4b] Progress: 3176/7405 queries completed (batch_size=8)
2026-08-29 12:42:31,371 [hotpotqa] [Part4b] Progress: 3184/7405 queries completed (batch_size=8)
2026-08-29 12:43:15,550 [hotpotqa] [Part4b] Progress: 3192/7405 queries completed (batch_size=8)
2026-08-29 12:43:58,979 [hotpotqa] [Part4b] Progress: 3200/7405 queries completed (batch_size=8)
2026-08-29 12:44:36,908 [hotpotqa] [Part4b] Progress: 3208/7405 queries completed (batch_size=8)
2026-08-29 12:45:19,771 [hotpotqa] [Part4b] Progress: 3216/7405 queries completed (batch_size=8)
2026-08-29 12:45:59,450 [hotpotqa] [Part4b] Progress: 3224/7405 queries completed (batch_size=8)
2026-08-29 12:46:40,506 [hotpotqa] [Part4b] Progress: 3232/7405 queries completed (batch_size=8)
2026-08-29 12:47:19,440 [hotpotqa] [Part4b] Progress: 3240/7405 queries completed (batch_size=8)
2026-08-29 12:47:54,129 [hotpotqa] [Part4b] Progress: 3248/7405 queries completed (batch_size=8)
2026-08-29 12:48:32,993 [hotpotqa] [Part4b] Progress: 3256/7405 queries completed (batch_size=8)
2026-08-29 12:49:12,786 [hotpotqa] [Part4b] Progress: 3264/7405 queries completed (batch_size=8)
2026-08-29 12:49:52,573 [hotpotqa] [Part4b] Progress: 3272/7405 queries completed (batch_size=8)
2026-08-29 12:50:28,509 [hotpotqa] [Part4b] Progress: 3280/7405 queries completed (batch_size=8)
2026-08-29 12:51:06,002 [hotpotqa] [Part4b] Progress: 3288/7405 queries completed (batch_size=8)
2026-08-29 12:51:40,363 [hotpotqa] [Part4b] Progress: 3296/7405 queries completed (batch_size=8)
2026-08-29 12:52:17,950 [hotpotqa] [Part4b] Progress: 3304/7405 queries completed (batch_size=8)
2026-08-29 12:52:55,404 [hotpotqa] [Part4b] Progress: 3312/7405 queries completed (batch_size=8)
2026-08-29 12:53:35,184 [hotpotqa] [Part4b] Progress: 3320/7405 queries completed (batch_size=8)
2026-08-29 12:54:13,197 [hotpotqa] [Part4b] Progress: 3328/7405 queries completed (batch_size=8)
2026-08-29 12:54:51,601 [hotpotqa] [Part4b] Progress: 3336/7405 queries completed (batch_size=8)
2026-08-29 12:55:31,373 [hotpotqa] [Part4b] Progress: 3344/7405 queries completed (batch_size=8)
2026-08-29 12:56:09,440 [hotpotqa] [Part4b] Progress: 3352/7405 queries completed (batch_size=8)
2026-08-29 12:56:45,650 [hotpotqa] [Part4b] Progress: 3360/7405 queries completed (batch_size=8)
2026-08-29 12:57:26,515 [hotpotqa] [Part4b] Progress: 3368/7405 queries completed (batch_size=8)
2026-08-29 12:58:03,653 [hotpotqa] [Part4b] Progress: 3376/7405 queries completed (batch_size=8)
2026-08-29 12:58:42,525 [hotpotqa] [Part4b] Progress: 3384/7405 queries completed (batch_size=8)
2026-08-29 12:59:21,373 [hotpotqa] [Part4b] Progress: 3392/7405 queries completed (batch_size=8)
2026-08-29 12:59:59,007 [hotpotqa] [Part4b] Progress: 3400/7405 queries completed (batch_size=8)
2026-08-29 13:00:37,042 [hotpotqa] [Part4b] Progress: 3408/7405 queries completed (batch_size=8)
2026-08-29 13:01:14,861 [hotpotqa] [Part4b] Progress: 3416/7405 queries completed (batch_size=8)
2026-08-29 13:01:45,641 [hotpotqa] [Part4b] Progress: 3424/7405 queries completed (batch_size=8)
2026-08-29 13:02:21,231 [hotpotqa] [Part4b] Progress: 3432/7405 queries completed (batch_size=8)
2026-08-29 13:03:00,479 [hotpotqa] [Part4b] Progress: 3440/7405 queries completed (batch_size=8)
2026-08-29 13:03:37,313 [hotpotqa] [Part4b] Progress: 3448/7405 queries completed (batch_size=8)
2026-08-29 13:04:14,614 [hotpotqa] [Part4b] Progress: 3456/7405 queries completed (batch_size=8)
2026-08-29 13:04:54,323 [hotpotqa] [Part4b] Progress: 3464/7405 queries completed (batch_size=8)
2026-08-29 13:05:32,247 [hotpotqa] [Part4b] Progress: 3472/7405 queries completed (batch_size=8)
2026-08-29 13:06:13,761 [hotpotqa] [Part4b] Progress: 3480/7405 queries completed (batch_size=8)
2026-08-29 13:06:53,309 [hotpotqa] [Part4b] Progress: 3488/7405 queries completed (batch_size=8)
2026-08-29 13:07:33,693 [hotpotqa] [Part4b] Progress: 3496/7405 queries completed (batch_size=8)
2026-08-29 13:08:10,127 [hotpotqa] [Part4b] Progress: 3504/7405 queries completed (batch_size=8)
2026-08-29 13:08:50,867 [hotpotqa] [Part4b] Progress: 3512/7405 queries completed (batch_size=8)
2026-08-29 13:09:29,901 [hotpotqa] [Part4b] Progress: 3520/7405 queries completed (batch_size=8)
2026-08-29 13:10:08,715 [hotpotqa] [Part4b] Progress: 3528/7405 queries completed (batch_size=8)
2026-08-29 13:10:48,470 [hotpotqa] [Part4b] Progress: 3536/7405 queries completed (batch_size=8)
2026-08-29 13:11:27,991 [hotpotqa] [Part4b] Progress: 3544/7405 queries completed (batch_size=8)
2026-08-29 13:12:06,265 [hotpotqa] [Part4b] Progress: 3552/7405 queries completed (batch_size=8)
2026-08-29 13:12:45,049 [hotpotqa] [Part4b] Progress: 3560/7405 queries completed (batch_size=8)
2026-08-29 13:13:25,195 [hotpotqa] [Part4b] Progress: 3568/7405 queries completed (batch_size=8)
2026-08-29 13:14:06,593 [hotpotqa] [Part4b] Progress: 3576/7405 queries completed (batch_size=8)
2026-08-29 13:14:50,628 [hotpotqa] [Part4b] Progress: 3584/7405 queries completed (batch_size=8)
2026-08-29 13:15:28,936 [hotpotqa] [Part4b] Progress: 3592/7405 queries completed (batch_size=8)
2026-08-29 13:16:06,679 [hotpotqa] [Part4b] Progress: 3600/7405 queries completed (batch_size=8)
2026-08-29 13:16:45,004 [hotpotqa] [Part4b] Progress: 3608/7405 queries completed (batch_size=8)
2026-08-29 13:17:23,816 [hotpotqa] [Part4b] Progress: 3616/7405 queries completed (batch_size=8)
2026-08-29 13:18:03,649 [hotpotqa] [Part4b] Progress: 3624/7405 queries completed (batch_size=8)
2026-08-29 13:18:44,371 [hotpotqa] [Part4b] Progress: 3632/7405 queries completed (batch_size=8)
2026-08-29 13:19:22,576 [hotpotqa] [Part4b] Progress: 3640/7405 queries completed (batch_size=8)
2026-08-29 13:20:02,811 [hotpotqa] [Part4b] Progress: 3648/7405 queries completed (batch_size=8)
2026-08-29 13:20:42,952 [hotpotqa] [Part4b] Progress: 3656/7405 queries completed (batch_size=8)
2026-08-29 13:21:24,509 [hotpotqa] [Part4b] Progress: 3664/7405 queries completed (batch_size=8)
2026-08-29 13:22:02,775 [hotpotqa] [Part4b] Progress: 3672/7405 queries completed (batch_size=8)
2026-08-29 13:22:44,823 [hotpotqa] [Part4b] Progress: 3680/7405 queries completed (batch_size=8)
2026-08-29 13:23:26,151 [hotpotqa] [Part4b] Progress: 3688/7405 queries completed (batch_size=8)
2026-08-29 13:24:05,864 [hotpotqa] [Part4b] Progress: 3696/7405 queries completed (batch_size=8)
2026-08-29 13:24:42,110 [hotpotqa] [Part4b] Progress: 3704/7405 queries completed (batch_size=8)
2026-08-29 13:25:19,876 [hotpotqa] [Part4b] Progress: 3712/7405 queries completed (batch_size=8)
2026-08-29 13:25:57,585 [hotpotqa] [Part4b] Progress: 3720/7405 queries completed (batch_size=8)
2026-08-29 13:26:37,901 [hotpotqa] [Part4b] Progress: 3728/7405 queries completed (batch_size=8)
2026-08-29 13:27:13,552 [hotpotqa] [Part4b] Progress: 3736/7405 queries completed (batch_size=8)
2026-08-29 13:27:55,049 [hotpotqa] [Part4b] Progress: 3744/7405 queries completed (batch_size=8)
2026-08-29 13:28:32,442 [hotpotqa] [Part4b] Progress: 3752/7405 queries completed (batch_size=8)
2026-08-29 13:29:06,777 [hotpotqa] [Part4b] Progress: 3760/7405 queries completed (batch_size=8)
2026-08-29 13:29:47,028 [hotpotqa] [Part4b] Progress: 3768/7405 queries completed (batch_size=8)
2026-08-29 13:30:24,266 [hotpotqa] [Part4b] Progress: 3776/7405 queries completed (batch_size=8)
2026-08-29 13:31:02,681 [hotpotqa] [Part4b] Progress: 3784/7405 queries completed (batch_size=8)
2026-08-29 13:31:40,825 [hotpotqa] [Part4b] Progress: 3792/7405 queries completed (batch_size=8)
2026-08-29 13:32:18,591 [hotpotqa] [Part4b] Progress: 3800/7405 queries completed (batch_size=8)
2026-08-29 13:32:57,019 [hotpotqa] [Part4b] Progress: 3808/7405 queries completed (batch_size=8)
2026-08-29 13:33:33,624 [hotpotqa] [Part4b] Progress: 3816/7405 queries completed (batch_size=8)
2026-08-29 13:34:14,555 [hotpotqa] [Part4b] Progress: 3824/7405 queries completed (batch_size=8)
2026-08-29 13:34:53,954 [hotpotqa] [Part4b] Progress: 3832/7405 queries completed (batch_size=8)
2026-08-29 13:35:32,765 [hotpotqa] [Part4b] Progress: 3840/7405 queries completed (batch_size=8)
2026-08-29 13:36:12,310 [hotpotqa] [Part4b] Progress: 3848/7405 queries completed (batch_size=8)
2026-08-29 13:36:50,554 [hotpotqa] [Part4b] Progress: 3856/7405 queries completed (batch_size=8)
2026-08-29 13:37:29,258 [hotpotqa] [Part4b] Progress: 3864/7405 queries completed (batch_size=8)
2026-08-29 13:38:06,846 [hotpotqa] [Part4b] Progress: 3872/7405 queries completed (batch_size=8)
2026-08-29 13:38:50,479 [hotpotqa] [Part4b] Progress: 3880/7405 queries completed (batch_size=8)
2026-08-29 13:39:28,461 [hotpotqa] [Part4b] Progress: 3888/7405 queries completed (batch_size=8)
2026-08-29 13:40:08,641 [hotpotqa] [Part4b] Progress: 3896/7405 queries completed (batch_size=8)
2026-08-29 13:40:47,913 [hotpotqa] [Part4b] Progress: 3904/7405 queries completed (batch_size=8)
2026-08-29 13:41:26,536 [hotpotqa] [Part4b] Progress: 3912/7405 queries completed (batch_size=8)
2026-08-29 13:42:04,289 [hotpotqa] [Part4b] Progress: 3920/7405 queries completed (batch_size=8)
2026-08-29 13:42:40,317 [hotpotqa] [Part4b] Progress: 3928/7405 queries completed (batch_size=8)
2026-08-29 13:43:19,168 [hotpotqa] [Part4b] Progress: 3936/7405 queries completed (batch_size=8)
2026-08-29 13:43:53,690 [hotpotqa] [Part4b] Progress: 3944/7405 queries completed (batch_size=8)
2026-08-29 13:44:33,136 [hotpotqa] [Part4b] Progress: 3952/7405 queries completed (batch_size=8)
2026-08-29 13:45:08,963 [hotpotqa] [Part4b] Progress: 3960/7405 queries completed (batch_size=8)
2026-08-29 13:45:48,147 [hotpotqa] [Part4b] Progress: 3968/7405 queries completed (batch_size=8)
2026-08-29 13:46:27,582 [hotpotqa] [Part4b] Progress: 3976/7405 queries completed (batch_size=8)
2026-08-29 13:47:06,135 [hotpotqa] [Part4b] Progress: 3984/7405 queries completed (batch_size=8)
2026-08-29 13:47:41,778 [hotpotqa] [Part4b] Progress: 3992/7405 queries completed (batch_size=8)
2026-08-29 13:48:16,708 [hotpotqa] [Part4b] Progress: 4000/7405 queries completed (batch_size=8)
2026-08-29 13:48:56,748 [hotpotqa] [Part4b] Progress: 4008/7405 queries completed (batch_size=8)
2026-08-29 13:49:38,017 [hotpotqa] [Part4b] Progress: 4016/7405 queries completed (batch_size=8)
2026-08-29 13:50:19,310 [hotpotqa] [Part4b] Progress: 4024/7405 queries completed (batch_size=8)
2026-08-29 13:50:59,847 [hotpotqa] [Part4b] Progress: 4032/7405 queries completed (batch_size=8)
2026-08-29 13:51:38,983 [hotpotqa] [Part4b] Progress: 4040/7405 queries completed (batch_size=8)
2026-08-29 13:52:19,416 [hotpotqa] [Part4b] Progress: 4048/7405 queries completed (batch_size=8)
2026-08-29 13:53:04,292 [hotpotqa] [Part4b] Progress: 4056/7405 queries completed (batch_size=8)
2026-08-29 13:53:46,490 [hotpotqa] [Part4b] Progress: 4064/7405 queries completed (batch_size=8)
2026-08-29 13:54:28,352 [hotpotqa] [Part4b] Progress: 4072/7405 queries completed (batch_size=8)
2026-08-29 13:55:09,471 [hotpotqa] [Part4b] Progress: 4080/7405 queries completed (batch_size=8)
2026-08-29 13:55:49,083 [hotpotqa] [Part4b] Progress: 4088/7405 queries completed (batch_size=8)
2026-08-29 13:56:26,492 [hotpotqa] [Part4b] Progress: 4096/7405 queries completed (batch_size=8)
2026-08-29 13:57:08,965 [hotpotqa] [Part4b] Progress: 4104/7405 queries completed (batch_size=8)
2026-08-29 13:57:48,326 [hotpotqa] [Part4b] Progress: 4112/7405 queries completed (batch_size=8)
2026-08-29 13:58:26,980 [hotpotqa] [Part4b] Progress: 4120/7405 queries completed (batch_size=8)
2026-08-29 13:59:02,048 [hotpotqa] [Part4b] Progress: 4128/7405 queries completed (batch_size=8)
2026-08-29 13:59:41,854 [hotpotqa] [Part4b] Progress: 4136/7405 queries completed (batch_size=8)
2026-08-29 14:00:23,023 [hotpotqa] [Part4b] Progress: 4144/7405 queries completed (batch_size=8)
2026-08-29 14:01:04,024 [hotpotqa] [Part4b] Progress: 4152/7405 queries completed (batch_size=8)
2026-08-29 14:01:40,719 [hotpotqa] [Part4b] Progress: 4160/7405 queries completed (batch_size=8)
2026-08-29 14:02:18,134 [hotpotqa] [Part4b] Progress: 4168/7405 queries completed (batch_size=8)
2026-08-29 14:02:55,549 [hotpotqa] [Part4b] Progress: 4176/7405 queries completed (batch_size=8)
2026-08-29 14:03:33,642 [hotpotqa] [Part4b] Progress: 4184/7405 queries completed (batch_size=8)
2026-08-29 14:04:08,485 [hotpotqa] [Part4b] Progress: 4192/7405 queries completed (batch_size=8)
2026-08-29 14:04:45,324 [hotpotqa] [Part4b] Progress: 4200/7405 queries completed (batch_size=8)
2026-08-29 14:05:20,648 [hotpotqa] [Part4b] Progress: 4208/7405 queries completed (batch_size=8)
2026-08-29 14:05:59,547 [hotpotqa] [Part4b] Progress: 4216/7405 queries completed (batch_size=8)
2026-08-29 14:06:35,818 [hotpotqa] [Part4b] Progress: 4224/7405 queries completed (batch_size=8)
2026-08-29 14:07:12,887 [hotpotqa] [Part4b] Progress: 4232/7405 queries completed (batch_size=8)
2026-08-29 14:07:50,267 [hotpotqa] [Part4b] Progress: 4240/7405 queries completed (batch_size=8)
2026-08-29 14:08:30,327 [hotpotqa] [Part4b] Progress: 4248/7405 queries completed (batch_size=8)
2026-08-29 14:09:10,231 [hotpotqa] [Part4b] Progress: 4256/7405 queries completed (batch_size=8)
2026-08-29 14:09:46,092 [hotpotqa] [Part4b] Progress: 4264/7405 queries completed (batch_size=8)
2026-08-29 14:10:24,062 [hotpotqa] [Part4b] Progress: 4272/7405 queries completed (batch_size=8)
2026-08-29 14:11:03,999 [hotpotqa] [Part4b] Progress: 4280/7405 queries completed (batch_size=8)
2026-08-29 14:11:40,481 [hotpotqa] [Part4b] Progress: 4288/7405 queries completed (batch_size=8)
2026-08-29 14:12:18,309 [hotpotqa] [Part4b] Progress: 4296/7405 queries completed (batch_size=8)
2026-08-29 14:12:57,674 [hotpotqa] [Part4b] Progress: 4304/7405 queries completed (batch_size=8)
2026-08-29 14:13:37,681 [hotpotqa] [Part4b] Progress: 4312/7405 queries completed (batch_size=8)
2026-08-29 14:14:15,487 [hotpotqa] [Part4b] Progress: 4320/7405 queries completed (batch_size=8)
2026-08-29 14:14:53,150 [hotpotqa] [Part4b] Progress: 4328/7405 queries completed (batch_size=8)
2026-08-29 14:15:32,100 [hotpotqa] [Part4b] Progress: 4336/7405 queries completed (batch_size=8)
2026-08-29 14:16:10,132 [hotpotqa] [Part4b] Progress: 4344/7405 queries completed (batch_size=8)
2026-08-29 14:16:45,897 [hotpotqa] [Part4b] Progress: 4352/7405 queries completed (batch_size=8)
2026-08-29 14:17:24,999 [hotpotqa] [Part4b] Progress: 4360/7405 queries completed (batch_size=8)
2026-08-29 14:18:02,442 [hotpotqa] [Part4b] Progress: 4368/7405 queries completed (batch_size=8)
2026-08-29 14:18:39,389 [hotpotqa] [Part4b] Progress: 4376/7405 queries completed (batch_size=8)
2026-08-29 14:19:20,694 [hotpotqa] [Part4b] Progress: 4384/7405 queries completed (batch_size=8)
2026-08-29 14:19:55,888 [hotpotqa] [Part4b] Progress: 4392/7405 queries completed (batch_size=8)
2026-08-29 14:20:33,763 [hotpotqa] [Part4b] Progress: 4400/7405 queries completed (batch_size=8)
2026-08-29 14:21:14,176 [hotpotqa] [Part4b] Progress: 4408/7405 queries completed (batch_size=8)
2026-08-29 14:21:53,203 [hotpotqa] [Part4b] Progress: 4416/7405 queries completed (batch_size=8)
2026-08-29 14:22:31,271 [hotpotqa] [Part4b] Progress: 4424/7405 queries completed (batch_size=8)
2026-08-29 14:23:07,967 [hotpotqa] [Part4b] Progress: 4432/7405 queries completed (batch_size=8)
2026-08-29 14:23:45,835 [hotpotqa] [Part4b] Progress: 4440/7405 queries completed (batch_size=8)
2026-08-29 14:24:25,171 [hotpotqa] [Part4b] Progress: 4448/7405 queries completed (batch_size=8)
2026-08-29 14:25:05,048 [hotpotqa] [Part4b] Progress: 4456/7405 queries completed (batch_size=8)
2026-08-29 14:25:45,853 [hotpotqa] [Part4b] Progress: 4464/7405 queries completed (batch_size=8)
2026-08-29 14:26:26,358 [hotpotqa] [Part4b] Progress: 4472/7405 queries completed (batch_size=8)
2026-08-29 14:27:09,177 [hotpotqa] [Part4b] Progress: 4480/7405 queries completed (batch_size=8)
2026-08-29 14:27:48,369 [hotpotqa] [Part4b] Progress: 4488/7405 queries completed (batch_size=8)
2026-08-29 14:28:25,930 [hotpotqa] [Part4b] Progress: 4496/7405 queries completed (batch_size=8)
2026-08-29 14:29:01,749 [hotpotqa] [Part4b] Progress: 4504/7405 queries completed (batch_size=8)
2026-08-29 14:29:40,157 [hotpotqa] [Part4b] Progress: 4512/7405 queries completed (batch_size=8)
2026-08-29 14:30:18,605 [hotpotqa] [Part4b] Progress: 4520/7405 queries completed (batch_size=8)
2026-08-29 14:30:51,994 [hotpotqa] [Part4b] Progress: 4528/7405 queries completed (batch_size=8)
2026-08-29 14:31:30,864 [hotpotqa] [Part4b] Progress: 4536/7405 queries completed (batch_size=8)
2026-08-29 14:32:06,705 [hotpotqa] [Part4b] Progress: 4544/7405 queries completed (batch_size=8)
2026-08-29 14:32:46,766 [hotpotqa] [Part4b] Progress: 4552/7405 queries completed (batch_size=8)
2026-08-29 14:33:21,516 [hotpotqa] [Part4b] Progress: 4560/7405 queries completed (batch_size=8)
2026-08-29 14:33:58,770 [hotpotqa] [Part4b] Progress: 4568/7405 queries completed (batch_size=8)
2026-08-29 14:34:39,599 [hotpotqa] [Part4b] Progress: 4576/7405 queries completed (batch_size=8)
2026-08-29 14:35:18,625 [hotpotqa] [Part4b] Progress: 4584/7405 queries completed (batch_size=8)
2026-08-29 14:35:57,916 [hotpotqa] [Part4b] Progress: 4592/7405 queries completed (batch_size=8)
2026-08-29 14:36:37,742 [hotpotqa] [Part4b] Progress: 4600/7405 queries completed (batch_size=8)
2026-08-29 14:37:18,925 [hotpotqa] [Part4b] Progress: 4608/7405 queries completed (batch_size=8)
2026-08-29 14:37:57,125 [hotpotqa] [Part4b] Progress: 4616/7405 queries completed (batch_size=8)
2026-08-29 14:38:54,410 [hotpotqa] [Part4b] Progress: 4624/7405 queries completed (batch_size=8)
2026-08-29 14:39:46,584 [hotpotqa] [Part4b] Progress: 4632/7405 queries completed (batch_size=8)
2026-08-29 14:40:43,550 [hotpotqa] [Part4b] Progress: 4640/7405 queries completed (batch_size=8)
2026-08-29 14:41:45,008 [hotpotqa] [Part4b] Progress: 4648/7405 queries completed (batch_size=8)
2026-08-29 14:42:43,094 [hotpotqa] [Part4b] Progress: 4656/7405 queries completed (batch_size=8)
2026-08-29 14:43:40,166 [hotpotqa] [Part4b] Progress: 4664/7405 queries completed (batch_size=8)
2026-08-29 14:44:39,558 [hotpotqa] [Part4b] Progress: 4672/7405 queries completed (batch_size=8)
2026-08-29 14:45:38,693 [hotpotqa] [Part4b] Progress: 4680/7405 queries completed (batch_size=8)
2026-08-29 14:46:37,628 [hotpotqa] [Part4b] Progress: 4688/7405 queries completed (batch_size=8)
2026-08-29 14:47:31,163 [hotpotqa] [Part4b] Progress: 4696/7405 queries completed (batch_size=8)
2026-08-29 14:48:33,323 [hotpotqa] [Part4b] Progress: 4704/7405 queries completed (batch_size=8)
2026-08-29 14:49:34,592 [hotpotqa] [Part4b] Progress: 4712/7405 queries completed (batch_size=8)
2026-08-29 14:50:36,604 [hotpotqa] [Part4b] Progress: 4720/7405 queries completed (batch_size=8)
2026-08-29 14:51:34,041 [hotpotqa] [Part4b] Progress: 4728/7405 queries completed (batch_size=8)
2026-08-29 14:52:35,212 [hotpotqa] [Part4b] Progress: 4736/7405 queries completed (batch_size=8)
2026-08-29 14:53:36,396 [hotpotqa] [Part4b] Progress: 4744/7405 queries completed (batch_size=8)
2026-08-29 14:54:38,906 [hotpotqa] [Part4b] Progress: 4752/7405 queries completed (batch_size=8)
2026-08-29 14:55:39,195 [hotpotqa] [Part4b] Progress: 4760/7405 queries completed (batch_size=8)
2026-08-29 14:56:37,708 [hotpotqa] [Part4b] Progress: 4768/7405 queries completed (batch_size=8)
2026-08-29 14:57:40,428 [hotpotqa] [Part4b] Progress: 4776/7405 queries completed (batch_size=8)
2026-08-29 14:58:35,440 [hotpotqa] [Part4b] Progress: 4784/7405 queries completed (batch_size=8)
2026-08-29 14:59:32,537 [hotpotqa] [Part4b] Progress: 4792/7405 queries completed (batch_size=8)
2026-08-29 15:00:25,029 [hotpotqa] [Part4b] Progress: 4800/7405 queries completed (batch_size=8)
2026-08-29 15:01:21,817 [hotpotqa] [Part4b] Progress: 4808/7405 queries completed (batch_size=8)
2026-08-29 15:02:17,458 [hotpotqa] [Part4b] Progress: 4816/7405 queries completed (batch_size=8)
2026-08-29 15:03:14,449 [hotpotqa] [Part4b] Progress: 4824/7405 queries completed (batch_size=8)
2026-08-29 15:04:14,863 [hotpotqa] [Part4b] Progress: 4832/7405 queries completed (batch_size=8)
2026-08-29 15:05:14,706 [hotpotqa] [Part4b] Progress: 4840/7405 queries completed (batch_size=8)
2026-08-29 15:06:12,156 [hotpotqa] [Part4b] Progress: 4848/7405 queries completed (batch_size=8)
2026-08-29 15:07:09,829 [hotpotqa] [Part4b] Progress: 4856/7405 queries completed (batch_size=8)
2026-08-29 15:08:10,236 [hotpotqa] [Part4b] Progress: 4864/7405 queries completed (batch_size=8)
2026-08-29 15:09:08,599 [hotpotqa] [Part4b] Progress: 4872/7405 queries completed (batch_size=8)
2026-08-29 15:10:09,735 [hotpotqa] [Part4b] Progress: 4880/7405 queries completed (batch_size=8)
2026-08-29 15:11:11,095 [hotpotqa] [Part4b] Progress: 4888/7405 queries completed (batch_size=8)
2026-08-29 15:12:11,615 [hotpotqa] [Part4b] Progress: 4896/7405 queries completed (batch_size=8)
2026-08-29 15:13:13,174 [hotpotqa] [Part4b] Progress: 4904/7405 queries completed (batch_size=8)
2026-08-29 15:14:15,880 [hotpotqa] [Part4b] Progress: 4912/7405 queries completed (batch_size=8)
2026-08-29 15:15:14,669 [hotpotqa] [Part4b] Progress: 4920/7405 queries completed (batch_size=8)
2026-08-29 15:16:18,075 [hotpotqa] [Part4b] Progress: 4928/7405 queries completed (batch_size=8)
2026-08-29 15:17:17,195 [hotpotqa] [Part4b] Progress: 4936/7405 queries completed (batch_size=8)
2026-08-29 15:18:17,008 [hotpotqa] [Part4b] Progress: 4944/7405 queries completed (batch_size=8)
2026-08-29 15:19:16,337 [hotpotqa] [Part4b] Progress: 4952/7405 queries completed (batch_size=8)
2026-08-29 15:20:18,154 [hotpotqa] [Part4b] Progress: 4960/7405 queries completed (batch_size=8)
2026-08-29 15:21:18,040 [hotpotqa] [Part4b] Progress: 4968/7405 queries completed (batch_size=8)
2026-08-29 15:22:13,777 [hotpotqa] [Part4b] Progress: 4976/7405 queries completed (batch_size=8)
2026-08-29 15:23:09,422 [hotpotqa] [Part4b] Progress: 4984/7405 queries completed (batch_size=8)
2026-08-29 15:24:08,913 [hotpotqa] [Part4b] Progress: 4992/7405 queries completed (batch_size=8)
2026-08-29 15:25:05,024 [hotpotqa] [Part4b] Progress: 5000/7405 queries completed (batch_size=8)
2026-08-29 15:26:05,796 [hotpotqa] [Part4b] Progress: 5008/7405 queries completed (batch_size=8)
2026-08-29 15:27:07,621 [hotpotqa] [Part4b] Progress: 5016/7405 queries completed (batch_size=8)
2026-08-29 15:28:06,995 [hotpotqa] [Part4b] Progress: 5024/7405 queries completed (batch_size=8)
2026-08-29 15:29:02,977 [hotpotqa] [Part4b] Progress: 5032/7405 queries completed (batch_size=8)
2026-08-29 15:29:59,969 [hotpotqa] [Part4b] Progress: 5040/7405 queries completed (batch_size=8)
2026-08-29 15:30:56,759 [hotpotqa] [Part4b] Progress: 5048/7405 queries completed (batch_size=8)
2026-08-29 15:31:53,154 [hotpotqa] [Part4b] Progress: 5056/7405 queries completed (batch_size=8)
2026-08-29 15:32:49,984 [hotpotqa] [Part4b] Progress: 5064/7405 queries completed (batch_size=8)
2026-08-29 15:33:47,120 [hotpotqa] [Part4b] Progress: 5072/7405 queries completed (batch_size=8)
2026-08-29 15:34:44,701 [hotpotqa] [Part4b] Progress: 5080/7405 queries completed (batch_size=8)
2026-08-29 15:35:42,626 [hotpotqa] [Part4b] Progress: 5088/7405 queries completed (batch_size=8)
2026-08-29 15:36:39,671 [hotpotqa] [Part4b] Progress: 5096/7405 queries completed (batch_size=8)
2026-08-29 15:37:35,451 [hotpotqa] [Part4b] Progress: 5104/7405 queries completed (batch_size=8)
2026-08-29 15:38:34,160 [hotpotqa] [Part4b] Progress: 5112/7405 queries completed (batch_size=8)
2026-08-29 15:39:39,851 [hotpotqa] [Part4b] Progress: 5120/7405 queries completed (batch_size=8)
2026-08-29 15:40:40,693 [hotpotqa] [Part4b] Progress: 5128/7405 queries completed (batch_size=8)
2026-08-29 15:41:45,433 [hotpotqa] [Part4b] Progress: 5136/7405 queries completed (batch_size=8)
2026-08-29 15:42:46,628 [hotpotqa] [Part4b] Progress: 5144/7405 queries completed (batch_size=8)
2026-08-29 15:43:46,741 [hotpotqa] [Part4b] Progress: 5152/7405 queries completed (batch_size=8)
2026-08-29 15:44:42,578 [hotpotqa] [Part4b] Progress: 5160/7405 queries completed (batch_size=8)
2026-08-29 15:45:44,911 [hotpotqa] [Part4b] Progress: 5168/7405 queries completed (batch_size=8)
2026-08-29 15:46:43,627 [hotpotqa] [Part4b] Progress: 5176/7405 queries completed (batch_size=8)
2026-08-29 15:47:42,151 [hotpotqa] [Part4b] Progress: 5184/7405 queries completed (batch_size=8)
2026-08-29 15:48:42,348 [hotpotqa] [Part4b] Progress: 5192/7405 queries completed (batch_size=8)
2026-08-29 15:49:43,539 [hotpotqa] [Part4b] Progress: 5200/7405 queries completed (batch_size=8)
2026-08-29 15:50:40,132 [hotpotqa] [Part4b] Progress: 5208/7405 queries completed (batch_size=8)
2026-08-29 15:51:39,374 [hotpotqa] [Part4b] Progress: 5216/7405 queries completed (batch_size=8)
2026-08-29 15:52:35,786 [hotpotqa] [Part4b] Progress: 5224/7405 queries completed (batch_size=8)
2026-08-29 15:53:35,334 [hotpotqa] [Part4b] Progress: 5232/7405 queries completed (batch_size=8)
2026-08-29 15:54:36,067 [hotpotqa] [Part4b] Progress: 5240/7405 queries completed (batch_size=8)
2026-08-29 15:55:39,757 [hotpotqa] [Part4b] Progress: 5248/7405 queries completed (batch_size=8)
2026-08-29 15:56:40,004 [hotpotqa] [Part4b] Progress: 5256/7405 queries completed (batch_size=8)
2026-08-29 15:57:38,216 [hotpotqa] [Part4b] Progress: 5264/7405 queries completed (batch_size=8)
2026-08-29 15:58:38,937 [hotpotqa] [Part4b] Progress: 5272/7405 queries completed (batch_size=8)
2026-08-29 15:59:37,761 [hotpotqa] [Part4b] Progress: 5280/7405 queries completed (batch_size=8)
2026-08-29 16:00:36,348 [hotpotqa] [Part4b] Progress: 5288/7405 queries completed (batch_size=8)
2026-08-29 16:01:31,519 [hotpotqa] [Part4b] Progress: 5296/7405 queries completed (batch_size=8)
2026-08-29 16:02:31,431 [hotpotqa] [Part4b] Progress: 5304/7405 queries completed (batch_size=8)
2026-08-29 16:03:25,207 [hotpotqa] [Part4b] Progress: 5312/7405 queries completed (batch_size=8)
2026-08-29 16:04:20,635 [hotpotqa] [Part4b] Progress: 5320/7405 queries completed (batch_size=8)
2026-08-29 16:05:16,340 [hotpotqa] [Part4b] Progress: 5328/7405 queries completed (batch_size=8)
2026-08-29 16:06:12,089 [hotpotqa] [Part4b] Progress: 5336/7405 queries completed (batch_size=8)
2026-08-29 16:07:15,565 [hotpotqa] [Part4b] Progress: 5344/7405 queries completed (batch_size=8)
2026-08-29 16:08:18,232 [hotpotqa] [Part4b] Progress: 5352/7405 queries completed (batch_size=8)
2026-08-29 16:09:16,699 [hotpotqa] [Part4b] Progress: 5360/7405 queries completed (batch_size=8)
2026-08-29 16:10:18,389 [hotpotqa] [Part4b] Progress: 5368/7405 queries completed (batch_size=8)
2026-08-29 16:11:21,981 [hotpotqa] [Part4b] Progress: 5376/7405 queries completed (batch_size=8)
2026-08-29 16:12:20,009 [hotpotqa] [Part4b] Progress: 5384/7405 queries completed (batch_size=8)
2026-08-29 16:13:14,802 [hotpotqa] [Part4b] Progress: 5392/7405 queries completed (batch_size=8)
2026-08-29 16:14:12,743 [hotpotqa] [Part4b] Progress: 5400/7405 queries completed (batch_size=8)
2026-08-29 16:15:01,182 [hotpotqa] [Part4b] Progress: 5408/7405 queries completed (batch_size=8)
2026-08-29 16:15:58,011 [hotpotqa] [Part4b] Progress: 5416/7405 queries completed (batch_size=8)
2026-08-29 16:16:58,679 [hotpotqa] [Part4b] Progress: 5424/7405 queries completed (batch_size=8)
2026-08-29 16:17:58,180 [hotpotqa] [Part4b] Progress: 5432/7405 queries completed (batch_size=8)
2026-08-29 16:18:59,089 [hotpotqa] [Part4b] Progress: 5440/7405 queries completed (batch_size=8)
2026-08-29 16:19:57,234 [hotpotqa] [Part4b] Progress: 5448/7405 queries completed (batch_size=8)
2026-08-29 16:20:58,564 [hotpotqa] [Part4b] Progress: 5456/7405 queries completed (batch_size=8)
2026-08-29 16:21:58,796 [hotpotqa] [Part4b] Progress: 5464/7405 queries completed (batch_size=8)
2026-08-29 16:22:59,286 [hotpotqa] [Part4b] Progress: 5472/7405 queries completed (batch_size=8)
2026-08-29 16:23:59,294 [hotpotqa] [Part4b] Progress: 5480/7405 queries completed (batch_size=8)
2026-08-29 16:25:00,391 [hotpotqa] [Part4b] Progress: 5488/7405 queries completed (batch_size=8)
2026-08-29 16:26:00,070 [hotpotqa] [Part4b] Progress: 5496/7405 queries completed (batch_size=8)
2026-08-29 16:27:02,166 [hotpotqa] [Part4b] Progress: 5504/7405 queries completed (batch_size=8)
2026-08-29 16:32:44,550 [hotpotqa] [Part4b] Starting BATCHED generation with Qwen/Qwen2.5-7B-Instruct...
2026-08-29 16:32:44,550 [hotpotqa] [Part4b] Batch size=64, samples/query=4
2026-08-29 16:33:04,975 [hotpotqa] [Part4b] Generating for all 7405 queries in batches...
2026-08-29 16:37:55,750 [hotpotqa] [Part4b] Starting BATCHED generation with Qwen/Qwen2.5-7B-Instruct...
2026-08-29 16:37:55,750 [hotpotqa] [Part4b] Batch size=64, samples/query=4
2026-08-29 16:38:13,694 [hotpotqa] [Part4b] Generating for all 7405 queries in batches...
2026-08-29 16:47:52,360 [hotpotqa] [Part4b] Starting BATCHED generation with Qwen/Qwen2.5-7B-Instruct...
2026-08-29 16:47:52,361 [hotpotqa] [Part4b] Batch size=64, samples/query=4
2026-08-29 16:48:02,906 [hotpotqa] [Part4b] Generating for all 7405 queries in batches...
2026-08-29 16:56:01,484 [hotpotqa] [Part4b] Starting BATCHED generation with Qwen/Qwen2.5-7B-Instruct...
2026-08-29 16:56:01,485 [hotpotqa] [Part4b] Batch size=64, samples/query=4
2026-08-29 16:56:19,236 [hotpotqa] [Part4b] Generating for all 7405 queries in batches...
2026-08-29 17:05:59,602 [hotpotqa] [Part4b] Starting BATCHED generation with Qwen/Qwen2.5-7B-Instruct...
2026-08-29 17:05:59,602 [hotpotqa] [Part4b] Batch size=256, samples/query=4
2026-08-29 17:06:16,021 [hotpotqa] [Part4b] Generating for all 7405 queries in batches...
2026-08-29 17:15:12,300 [hotpotqa] [Part4b] Progress: 256/7405 queries completed (batch_size=256)
2026-08-29 17:24:06,723 [hotpotqa] [Part4b] Progress: 512/7405 queries completed (batch_size=256)
2026-08-29 17:30:24,577 [hotpotqa] [Part4b] Multi-GPU data-parallel generation
2026-08-29 17:30:24,577 [hotpotqa] [Part4b] Model=Qwen/Qwen2.5-7B-Instruct
2026-08-29 17:30:24,577 [hotpotqa] [Part4b] GPUs=[0, 1, 2, 3]
2026-08-29 17:30:24,579 [hotpotqa] [Part4b] Batch size PER GPU=64
2026-08-29 17:30:24,579 [hotpotqa] [Part4b] Effective global batch size=256
2026-08-29 17:30:24,579 [hotpotqa] [Part4b] Samples/query=4
2026-08-29 17:30:25,096 [hotpotqa] [Part4b] Total queries=7405
2026-08-29 17:30:25,097 [hotpotqa] [Part4b] GPU 0: 1852 queries
2026-08-29 17:30:25,097 [hotpotqa] [Part4b] GPU 1: 1851 queries
2026-08-29 17:30:25,097 [hotpotqa] [Part4b] GPU 2: 1851 queries
2026-08-29 17:30:25,097 [hotpotqa] [Part4b] GPU 3: 1851 queries
2026-08-29 17:32:12,199 [hotpotqa] [Part4b] GPU 0 worker failed with exit code 1
2026-08-29 17:32:12,200 [hotpotqa] [Part4b] GPU 1 worker failed with exit code 1
2026-08-29 17:32:12,201 [hotpotqa] [Part4b] GPU 2 worker failed with exit code 1
2026-08-29 17:32:12,202 [hotpotqa] [Part4b] GPU 3 worker failed with exit code 1
2026-08-29 18:15:04,572 [hotpotqa] [Part4b] Multi-GPU data-parallel generation
2026-08-29 18:15:04,572 [hotpotqa] [Part4b] Model=Qwen/Qwen2.5-7B-Instruct
2026-08-29 18:15:04,572 [hotpotqa] [Part4b] GPUs=[0, 1, 2]
2026-08-29 18:15:04,573 [hotpotqa] [Part4b] Batch size PER GPU=64
2026-08-29 18:15:04,573 [hotpotqa] [Part4b] Effective global batch size=192
2026-08-29 18:15:04,573 [hotpotqa] [Part4b] Samples/query=4
2026-08-29 18:15:04,909 [hotpotqa] [Part4b] Total queries=7405
2026-08-29 18:15:04,910 [hotpotqa] [Part4b] GPU 0: 2469 queries
2026-08-29 18:15:04,910 [hotpotqa] [Part4b] GPU 1: 2468 queries
2026-08-29 18:15:04,910 [hotpotqa] [Part4b] GPU 2: 2468 queries
2026-08-29 18:16:19,190 [hotpotqa] [Part4b] GPU 0 worker failed with exit code 1
2026-08-29 18:16:19,191 [hotpotqa] [Part4b] GPU 1 worker failed with exit code 1
2026-08-29 18:16:19,192 [hotpotqa] [Part4b] GPU 2 worker failed with exit code 1
2026-08-29 18:31:42,692 [hotpotqa] [Part4b] Multi-GPU data-parallel generation
2026-08-29 18:31:42,692 [hotpotqa] [Part4b] Model=Qwen/Qwen2.5-7B-Instruct
2026-08-29 18:31:42,692 [hotpotqa] [Part4b] GPUs=[0, 2, 3]
2026-08-29 18:31:42,693 [hotpotqa] [Part4b] Batch size PER GPU=64
2026-08-29 18:31:42,693 [hotpotqa] [Part4b] Effective global batch size=192
2026-08-29 18:31:42,693 [hotpotqa] [Part4b] Samples/query=4
2026-08-29 18:31:43,028 [hotpotqa] [Part4b] Total queries=7405
2026-08-29 18:31:43,029 [hotpotqa] [Part4b] GPU 0: 2469 queries
2026-08-29 18:31:43,030 [hotpotqa] [Part4b] GPU 2: 2468 queries
2026-08-29 18:31:43,030 [hotpotqa] [Part4b] GPU 3: 2468 queries
2026-08-29 18:39:18,092 [hotpotqa] [Part4b] Multi-GPU data-parallel generation
2026-08-29 18:39:18,092 [hotpotqa] [Part4b] Model=Qwen/Qwen2.5-7B-Instruct
2026-08-29 18:39:18,092 [hotpotqa] [Part4b] GPUs=[0, 1, 2]
2026-08-29 18:39:18,093 [hotpotqa] [Part4b] Batch size PER GPU=64
2026-08-29 18:39:18,093 [hotpotqa] [Part4b] Effective global batch size=192
2026-08-29 18:39:18,093 [hotpotqa] [Part4b] Samples/query=4
2026-08-29 18:39:18,432 [hotpotqa] [Part4b] Total queries=7405
2026-08-29 18:39:18,433 [hotpotqa] [Part4b] GPU 0: 2469 queries
2026-08-29 18:39:18,434 [hotpotqa] [Part4b] GPU 1: 2468 queries
2026-08-29 18:39:18,434 [hotpotqa] [Part4b] GPU 2: 2468 queries
2026-08-29 18:46:30,675 [hotpotqa] [Part4b] Multi-GPU data-parallel generation
2026-08-29 18:46:30,675 [hotpotqa] [Part4b] Model=Qwen/Qwen2.5-7B-Instruct
2026-08-29 18:46:30,675 [hotpotqa] [Part4b] GPUs=[0, 1, 2]
2026-08-29 18:46:30,675 [hotpotqa] [Part4b] Batch size PER GPU=96
2026-08-29 18:46:30,675 [hotpotqa] [Part4b] Effective global batch size=288
2026-08-29 18:46:30,675 [hotpotqa] [Part4b] Samples/query=4
2026-08-29 18:46:31,014 [hotpotqa] [Part4b] Total queries=7405
2026-08-29 18:46:31,015 [hotpotqa] [Part4b] GPU 0: 2469 queries
2026-08-29 18:46:31,015 [hotpotqa] [Part4b] GPU 1: 2468 queries
2026-08-29 18:46:31,015 [hotpotqa] [Part4b] GPU 2: 2468 queries
2026-08-29 19:08:09,776 [hotpotqa] [Part4b] All GPU workers completed. Merging results...
2026-08-29 19:08:10,549 [hotpotqa] [Part4b] COMPLETE: generated HyDE documents for 7405 queries.
2026-08-29 19:08:10,549 [hotpotqa] [Part4b] GPUs used=3
2026-08-29 19:08:10,550 [hotpotqa] [Part4b] Batch size per GPU=96
2026-08-29 19:08:10,550 [hotpotqa] [Part4b] Effective batch size=288
2026-08-29 19:08:10,550 [hotpotqa] [Part4b] Output=/mnt/nas/shuvranshu/CS6101_assignments/Assignment1/runs/hotpotqa/hyde_generations.jsonl
                                                                              2026-08-29 21:52:42,857 [hotpotqa] [Part5][shard 0/3] encoded 1744443 docs -> /mnt/nas/shuvranshu/CS6101_assignments/Assignment1/indexes/hotpotqa/splade/shard_0.jsonl
2026-08-29 22:11:45,355 [hotpotqa] [Part5][shard 2/3] encoded 1744443 docs -> /mnt/nas/shuvranshu/CS6101_assignments/Assignment1/indexes/hotpotqa/splade/shard_2.jsonl
2026-08-29 22:13:55,344 [hotpotqa] [Part5][shard 1/3] encoded 1744443 docs -> /mnt/nas/shuvranshu/CS6101_assignments/Assignment1/indexes/hotpotqa/splade/shard_1.jsonl
2026-08-29 22:42:19,902 [hotpotqa] [Part5] preparing Pyserini impact-index input from existing shards...
2026-08-29 22:44:17,898 [hotpotqa] [Part5] prepared 500,000 SPLADE vectors for impact indexing...
2026-08-29 22:46:03,013 [hotpotqa] [Part5] prepared 1,000,000 SPLADE vectors for impact indexing...
2026-08-29 22:47:47,018 [hotpotqa] [Part5] prepared 1,500,000 SPLADE vectors for impact indexing...
2026-08-29 22:49:40,646 [hotpotqa] [Part5] prepared 2,000,000 SPLADE vectors for impact indexing...
2026-08-29 22:51:28,273 [hotpotqa] [Part5] prepared 2,500,000 SPLADE vectors for impact indexing...
2026-08-29 22:53:13,529 [hotpotqa] [Part5] prepared 3,000,000 SPLADE vectors for impact indexing...
2026-08-29 22:54:58,495 [hotpotqa] [Part5] prepared 3,500,000 SPLADE vectors for impact indexing...
2026-08-29 22:56:51,829 [hotpotqa] [Part5] prepared 4,000,000 SPLADE vectors for impact indexing...
2026-08-29 22:58:33,714 [hotpotqa] [Part5] prepared 4,500,000 SPLADE vectors for impact indexing...
2026-08-29 23:00:17,890 [hotpotqa] [Part5] prepared 5,000,000 SPLADE vectors for impact indexing...
2026-08-29 23:01:07,025 [hotpotqa] [Part5] impact input ready: 5,233,329 vectors in /mnt/nas/shuvranshu/CS6101_assignments/Assignment1/indexes/hotpotqa/splade/impact_input
2026-08-29 23:01:07,027 [hotpotqa] [Part5] building Lucene SPLADE impact index...
2026-08-29 23:01:07,028 [hotpotqa] [Part5] running: python -m pyserini.index.lucene --collection JsonVectorCollection --input /mnt/nas/shuvranshu/CS6101_assignments/Assignment1/indexes/hotpotqa/splade/impact_input --index /mnt/nas/shuvranshu/CS6101_assignments/Assignment1/indexes/hotpotqa/splade/lucene_impact --generator DefaultLuceneDocumentGenerator --threads 16 --impact --pretokenized
2026-08-29 23:07:12,989 [hotpotqa] [Part5] impact index built at /mnt/nas/shuvranshu/CS6101_assignments/Assignment1/indexes/hotpotqa/splade/lucene_impact
2026-08-29 23:07:13,573 [hotpotqa] [Part5] running Lucene impact retrieval for 7,405 queries, top_k=1000...
2026-08-29 23:07:13,574 [hotpotqa] [Part5] running: python -m pyserini.search.lucene --index /mnt/nas/shuvranshu/CS6101_assignments/Assignment1/indexes/hotpotqa/splade/lucene_impact --topics /mnt/nas/shuvranshu/CS6101_assignments/Assignment1/runs/hotpotqa/splade_queries.tsv --output /mnt/nas/shuvranshu/CS6101_assignments/Assignment1/runs/hotpotqa/splade.trec --hits 1000 --encoder naver/splade-v3 --remove-query --output-format trec --impact --threads 16
2026-08-29 23:31:47,081 [hotpotqa] [Part5] encoding 7,405 queries in batches of 16 for expansion-term comparison...
2026-08-29 23:31:50,622 [hotpotqa] [Part5] query encoding progress: 16/7,405
2026-08-29 23:31:50,697 [hotpotqa] [Part5] query encoding progress: 32/7,405
2026-08-29 23:31:50,875 [hotpotqa] [Part5] query encoding progress: 48/7,405
2026-08-29 23:31:50,922 [hotpotqa] [Part5] query encoding progress: 64/7,405
2026-08-29 23:31:50,978 [hotpotqa] [Part5] query encoding progress: 80/7,405
2026-08-29 23:31:51,052 [hotpotqa] [Part5] query encoding progress: 96/7,405
2026-08-29 23:31:51,126 [hotpotqa] [Part5] query encoding progress: 112/7,405
2026-08-29 23:31:51,241 [hotpotqa] [Part5] query encoding progress: 128/7,405
2026-08-29 23:31:51,292 [hotpotqa] [Part5] query encoding progress: 144/7,405
2026-08-29 23:31:51,327 [hotpotqa] [Part5] query encoding progress: 160/7,405
2026-08-29 23:31:51,408 [hotpotqa] [Part5] query encoding progress: 176/7,405
2026-08-29 23:31:51,618 [hotpotqa] [Part5] query encoding progress: 192/7,405
2026-08-29 23:31:51,651 [hotpotqa] [Part5] query encoding progress: 208/7,405
2026-08-29 23:31:51,703 [hotpotqa] [Part5] query encoding progress: 224/7,405
2026-08-29 23:31:51,770 [hotpotqa] [Part5] query encoding progress: 240/7,405
2026-08-29 23:31:51,827 [hotpotqa] [Part5] query encoding progress: 256/7,405
2026-08-29 23:31:51,907 [hotpotqa] [Part5] query encoding progress: 272/7,405
2026-08-29 23:31:52,043 [hotpotqa] [Part5] query encoding progress: 288/7,405
2026-08-29 23:31:52,106 [hotpotqa] [Part5] query encoding progress: 304/7,405
2026-08-29 23:31:52,323 [hotpotqa] [Part5] query encoding progress: 320/7,405
2026-08-29 23:31:52,390 [hotpotqa] [Part5] query encoding progress: 336/7,405
2026-08-29 23:31:52,439 [hotpotqa] [Part5] query encoding progress: 352/7,405
2026-08-29 23:31:52,486 [hotpotqa] [Part5] query encoding progress: 368/7,405
2026-08-29 23:31:52,519 [hotpotqa] [Part5] query encoding progress: 384/7,405
2026-08-29 23:31:52,565 [hotpotqa] [Part5] query encoding progress: 400/7,405
2026-08-29 23:31:52,622 [hotpotqa] [Part5] query encoding progress: 416/7,405
2026-08-29 23:31:52,695 [hotpotqa] [Part5] query encoding progress: 432/7,405
2026-08-29 23:31:52,876 [hotpotqa] [Part5] query encoding progress: 448/7,405
2026-08-29 23:31:52,908 [hotpotqa] [Part5] query encoding progress: 464/7,405
2026-08-29 23:31:52,963 [hotpotqa] [Part5] query encoding progress: 480/7,405
2026-08-29 23:31:53,032 [hotpotqa] [Part5] query encoding progress: 496/7,405
2026-08-29 23:31:53,119 [hotpotqa] [Part5] query encoding progress: 512/7,405
2026-08-29 23:31:53,195 [hotpotqa] [Part5] query encoding progress: 528/7,405
2026-08-29 23:31:53,259 [hotpotqa] [Part5] query encoding progress: 544/7,405
2026-08-29 23:31:53,453 [hotpotqa] [Part5] query encoding progress: 560/7,405
2026-08-29 23:31:53,583 [hotpotqa] [Part5] query encoding progress: 576/7,405
2026-08-29 23:31:53,640 [hotpotqa] [Part5] query encoding progress: 592/7,405
2026-08-29 23:31:53,709 [hotpotqa] [Part5] query encoding progress: 608/7,405
2026-08-29 23:31:53,802 [hotpotqa] [Part5] query encoding progress: 624/7,405
2026-08-29 23:31:53,918 [hotpotqa] [Part5] query encoding progress: 640/7,405
2026-08-29 23:31:53,964 [hotpotqa] [Part5] query encoding progress: 656/7,405
2026-08-29 23:31:54,025 [hotpotqa] [Part5] query encoding progress: 672/7,405
2026-08-29 23:31:54,105 [hotpotqa] [Part5] query encoding progress: 688/7,405
2026-08-29 23:31:54,175 [hotpotqa] [Part5] query encoding progress: 704/7,405
2026-08-29 23:31:54,281 [hotpotqa] [Part5] query encoding progress: 720/7,405
2026-08-29 23:31:54,325 [hotpotqa] [Part5] query encoding progress: 736/7,405
2026-08-29 23:31:54,462 [hotpotqa] [Part5] query encoding progress: 752/7,405
2026-08-29 23:31:54,525 [hotpotqa] [Part5] query encoding progress: 768/7,405
2026-08-29 23:31:54,613 [hotpotqa] [Part5] query encoding progress: 784/7,405
2026-08-29 23:31:54,645 [hotpotqa] [Part5] query encoding progress: 800/7,405
2026-08-29 23:31:54,826 [hotpotqa] [Part5] query encoding progress: 816/7,405
2026-08-29 23:31:55,022 [hotpotqa] [Part5] query encoding progress: 832/7,405
2026-08-29 23:31:55,106 [hotpotqa] [Part5] query encoding progress: 848/7,405
2026-08-29 23:31:55,172 [hotpotqa] [Part5] query encoding progress: 864/7,405
2026-08-29 23:31:55,243 [hotpotqa] [Part5] query encoding progress: 880/7,405
2026-08-29 23:31:55,426 [hotpotqa] [Part5] query encoding progress: 896/7,405
2026-08-29 23:31:55,501 [hotpotqa] [Part5] query encoding progress: 912/7,405
2026-08-29 23:31:55,575 [hotpotqa] [Part5] query encoding progress: 928/7,405
2026-08-29 23:31:55,669 [hotpotqa] [Part5] query encoding progress: 944/7,405
2026-08-29 23:31:55,759 [hotpotqa] [Part5] query encoding progress: 960/7,405
2026-08-29 23:31:55,844 [hotpotqa] [Part5] query encoding progress: 976/7,405
2026-08-29 23:31:55,884 [hotpotqa] [Part5] query encoding progress: 992/7,405
2026-08-29 23:31:55,970 [hotpotqa] [Part5] query encoding progress: 1,008/7,405
2026-08-29 23:31:56,027 [hotpotqa] [Part5] query encoding progress: 1,024/7,405
2026-08-29 23:31:56,103 [hotpotqa] [Part5] query encoding progress: 1,040/7,405
2026-08-29 23:31:56,277 [hotpotqa] [Part5] query encoding progress: 1,056/7,405
2026-08-29 23:31:56,311 [hotpotqa] [Part5] query encoding progress: 1,072/7,405
2026-08-29 23:31:56,380 [hotpotqa] [Part5] query encoding progress: 1,088/7,405
2026-08-29 23:31:56,443 [hotpotqa] [Part5] query encoding progress: 1,104/7,405
2026-08-29 23:31:56,623 [hotpotqa] [Part5] query encoding progress: 1,120/7,405
2026-08-29 23:31:56,658 [hotpotqa] [Part5] query encoding progress: 1,136/7,405
2026-08-29 23:31:56,692 [hotpotqa] [Part5] query encoding progress: 1,152/7,405
2026-08-29 23:31:56,733 [hotpotqa] [Part5] query encoding progress: 1,168/7,405
2026-08-29 23:31:56,787 [hotpotqa] [Part5] query encoding progress: 1,184/7,405
2026-08-29 23:31:56,878 [hotpotqa] [Part5] query encoding progress: 1,200/7,405
2026-08-29 23:31:57,104 [hotpotqa] [Part5] query encoding progress: 1,216/7,405
2026-08-29 23:31:57,166 [hotpotqa] [Part5] query encoding progress: 1,232/7,405
2026-08-29 23:31:57,249 [hotpotqa] [Part5] query encoding progress: 1,248/7,405
2026-08-29 23:31:57,323 [hotpotqa] [Part5] query encoding progress: 1,264/7,405
2026-08-29 23:31:57,403 [hotpotqa] [Part5] query encoding progress: 1,280/7,405
2026-08-29 23:31:57,470 [hotpotqa] [Part5] query encoding progress: 1,296/7,405
2026-08-29 23:31:57,498 [hotpotqa] [Part5] query encoding progress: 1,312/7,405
2026-08-29 23:31:57,579 [hotpotqa] [Part5] query encoding progress: 1,328/7,405
2026-08-29 23:31:57,649 [hotpotqa] [Part5] query encoding progress: 1,344/7,405
2026-08-29 23:31:57,726 [hotpotqa] [Part5] query encoding progress: 1,360/7,405
2026-08-29 23:31:57,854 [hotpotqa] [Part5] query encoding progress: 1,376/7,405
2026-08-29 23:31:57,905 [hotpotqa] [Part5] query encoding progress: 1,392/7,405
2026-08-29 23:31:57,950 [hotpotqa] [Part5] query encoding progress: 1,408/7,405
2026-08-29 23:31:57,985 [hotpotqa] [Part5] query encoding progress: 1,424/7,405
2026-08-29 23:31:58,063 [hotpotqa] [Part5] query encoding progress: 1,440/7,405
2026-08-29 23:31:58,126 [hotpotqa] [Part5] query encoding progress: 1,456/7,405
2026-08-29 23:31:58,230 [hotpotqa] [Part5] query encoding progress: 1,472/7,405
2026-08-29 23:31:58,380 [hotpotqa] [Part5] query encoding progress: 1,488/7,405
2026-08-29 23:31:58,506 [hotpotqa] [Part5] query encoding progress: 1,504/7,405
2026-08-29 23:31:58,585 [hotpotqa] [Part5] query encoding progress: 1,520/7,405
2026-08-29 23:31:58,686 [hotpotqa] [Part5] query encoding progress: 1,536/7,405
2026-08-29 23:31:58,736 [hotpotqa] [Part5] query encoding progress: 1,552/7,405
2026-08-29 23:31:58,927 [hotpotqa] [Part5] query encoding progress: 1,568/7,405
2026-08-29 23:31:59,061 [hotpotqa] [Part5] query encoding progress: 1,584/7,405
2026-08-29 23:31:59,114 [hotpotqa] [Part5] query encoding progress: 1,600/7,405
2026-08-29 23:31:59,183 [hotpotqa] [Part5] query encoding progress: 1,616/7,405
2026-08-29 23:31:59,279 [hotpotqa] [Part5] query encoding progress: 1,632/7,405
2026-08-29 23:31:59,402 [hotpotqa] [Part5] query encoding progress: 1,648/7,405
2026-08-29 23:31:59,484 [hotpotqa] [Part5] query encoding progress: 1,664/7,405
2026-08-29 23:31:59,606 [hotpotqa] [Part5] query encoding progress: 1,680/7,405
2026-08-29 23:31:59,683 [hotpotqa] [Part5] query encoding progress: 1,696/7,405
2026-08-29 23:31:59,738 [hotpotqa] [Part5] query encoding progress: 1,712/7,405
2026-08-29 23:31:59,770 [hotpotqa] [Part5] query encoding progress: 1,728/7,405
2026-08-29 23:31:59,890 [hotpotqa] [Part5] query encoding progress: 1,744/7,405
2026-08-29 23:32:00,094 [hotpotqa] [Part5] query encoding progress: 1,760/7,405
2026-08-29 23:32:00,162 [hotpotqa] [Part5] query encoding progress: 1,776/7,405
2026-08-29 23:32:00,226 [hotpotqa] [Part5] query encoding progress: 1,792/7,405
2026-08-29 23:32:00,308 [hotpotqa] [Part5] query encoding progress: 1,808/7,405
2026-08-29 23:32:00,362 [hotpotqa] [Part5] query encoding progress: 1,824/7,405
2026-08-29 23:32:00,427 [hotpotqa] [Part5] query encoding progress: 1,840/7,405
2026-08-29 23:32:00,485 [hotpotqa] [Part5] query encoding progress: 1,856/7,405
2026-08-29 23:32:00,540 [hotpotqa] [Part5] query encoding progress: 1,872/7,405
2026-08-29 23:32:00,612 [hotpotqa] [Part5] query encoding progress: 1,888/7,405
2026-08-29 23:32:00,784 [hotpotqa] [Part5] query encoding progress: 1,904/7,405
2026-08-29 23:32:00,835 [hotpotqa] [Part5] query encoding progress: 1,920/7,405
2026-08-29 23:32:00,986 [hotpotqa] [Part5] query encoding progress: 1,936/7,405
2026-08-29 23:32:01,090 [hotpotqa] [Part5] query encoding progress: 1,952/7,405
2026-08-29 23:32:01,154 [hotpotqa] [Part5] query encoding progress: 1,968/7,405
2026-08-29 23:32:01,200 [hotpotqa] [Part5] query encoding progress: 1,984/7,405
2026-08-29 23:32:01,228 [hotpotqa] [Part5] query encoding progress: 2,000/7,405
2026-08-29 23:32:01,272 [hotpotqa] [Part5] query encoding progress: 2,016/7,405
2026-08-29 23:32:01,330 [hotpotqa] [Part5] query encoding progress: 2,032/7,405
2026-08-29 23:32:01,492 [hotpotqa] [Part5] query encoding progress: 2,048/7,405
2026-08-29 23:32:01,594 [hotpotqa] [Part5] query encoding progress: 2,064/7,405
2026-08-29 23:32:01,644 [hotpotqa] [Part5] query encoding progress: 2,080/7,405
2026-08-29 23:32:01,710 [hotpotqa] [Part5] query encoding progress: 2,096/7,405
2026-08-29 23:32:01,832 [hotpotqa] [Part5] query encoding progress: 2,112/7,405
2026-08-29 23:32:01,941 [hotpotqa] [Part5] query encoding progress: 2,128/7,405
2026-08-29 23:32:01,984 [hotpotqa] [Part5] query encoding progress: 2,144/7,405
2026-08-29 23:32:02,103 [hotpotqa] [Part5] query encoding progress: 2,160/7,405
2026-08-29 23:32:02,175 [hotpotqa] [Part5] query encoding progress: 2,176/7,405
2026-08-29 23:32:02,279 [hotpotqa] [Part5] query encoding progress: 2,192/7,405
2026-08-29 23:32:02,325 [hotpotqa] [Part5] query encoding progress: 2,208/7,405
2026-08-29 23:32:02,563 [hotpotqa] [Part5] query encoding progress: 2,224/7,405
2026-08-29 23:32:02,632 [hotpotqa] [Part5] query encoding progress: 2,240/7,405
2026-08-29 23:32:02,665 [hotpotqa] [Part5] query encoding progress: 2,256/7,405
2026-08-29 23:32:02,750 [hotpotqa] [Part5] query encoding progress: 2,272/7,405
2026-08-29 23:32:02,960 [hotpotqa] [Part5] query encoding progress: 2,288/7,405
2026-08-29 23:32:03,043 [hotpotqa] [Part5] query encoding progress: 2,304/7,405
2026-08-29 23:32:03,117 [hotpotqa] [Part5] query encoding progress: 2,320/7,405
2026-08-29 23:32:03,192 [hotpotqa] [Part5] query encoding progress: 2,336/7,405
2026-08-29 23:32:03,296 [hotpotqa] [Part5] query encoding progress: 2,352/7,405
2026-08-29 23:32:03,329 [hotpotqa] [Part5] query encoding progress: 2,368/7,405
2026-08-29 23:32:03,474 [hotpotqa] [Part5] query encoding progress: 2,384/7,405
2026-08-29 23:32:03,563 [hotpotqa] [Part5] query encoding progress: 2,400/7,405
2026-08-29 23:32:03,625 [hotpotqa] [Part5] query encoding progress: 2,416/7,405
2026-08-29 23:32:03,671 [hotpotqa] [Part5] query encoding progress: 2,432/7,405
2026-08-29 23:32:03,699 [hotpotqa] [Part5] query encoding progress: 2,448/7,405
2026-08-29 23:32:03,727 [hotpotqa] [Part5] query encoding progress: 2,464/7,405
2026-08-29 23:32:03,775 [hotpotqa] [Part5] query encoding progress: 2,480/7,405
2026-08-29 23:32:03,924 [hotpotqa] [Part5] query encoding progress: 2,496/7,405
2026-08-29 23:32:03,991 [hotpotqa] [Part5] query encoding progress: 2,512/7,405
2026-08-29 23:32:04,064 [hotpotqa] [Part5] query encoding progress: 2,528/7,405
2026-08-29 23:32:04,117 [hotpotqa] [Part5] query encoding progress: 2,544/7,405
2026-08-29 23:32:04,146 [hotpotqa] [Part5] query encoding progress: 2,560/7,405
2026-08-29 23:32:04,194 [hotpotqa] [Part5] query encoding progress: 2,576/7,405
2026-08-29 23:32:04,241 [hotpotqa] [Part5] query encoding progress: 2,592/7,405
2026-08-29 23:32:04,290 [hotpotqa] [Part5] query encoding progress: 2,608/7,405
2026-08-29 23:32:04,335 [hotpotqa] [Part5] query encoding progress: 2,624/7,405
2026-08-29 23:32:04,385 [hotpotqa] [Part5] query encoding progress: 2,640/7,405
2026-08-29 23:32:04,414 [hotpotqa] [Part5] query encoding progress: 2,656/7,405
2026-08-29 23:32:04,460 [hotpotqa] [Part5] query encoding progress: 2,672/7,405
2026-08-29 23:32:04,508 [hotpotqa] [Part5] query encoding progress: 2,688/7,405
2026-08-29 23:32:04,555 [hotpotqa] [Part5] query encoding progress: 2,704/7,405
2026-08-29 23:32:04,625 [hotpotqa] [Part5] query encoding progress: 2,720/7,405
2026-08-29 23:32:04,694 [hotpotqa] [Part5] query encoding progress: 2,736/7,405
2026-08-29 23:32:04,772 [hotpotqa] [Part5] query encoding progress: 2,752/7,405
2026-08-29 23:32:04,879 [hotpotqa] [Part5] query encoding progress: 2,768/7,405
2026-08-29 23:32:04,924 [hotpotqa] [Part5] query encoding progress: 2,784/7,405
2026-08-29 23:32:05,003 [hotpotqa] [Part5] query encoding progress: 2,800/7,405
2026-08-29 23:32:05,139 [hotpotqa] [Part5] query encoding progress: 2,816/7,405
2026-08-29 23:32:05,219 [hotpotqa] [Part5] query encoding progress: 2,832/7,405
2026-08-29 23:32:05,267 [hotpotqa] [Part5] query encoding progress: 2,848/7,405
2026-08-29 23:32:05,299 [hotpotqa] [Part5] query encoding progress: 2,864/7,405
2026-08-29 23:32:05,344 [hotpotqa] [Part5] query encoding progress: 2,880/7,405
2026-08-29 23:32:05,470 [hotpotqa] [Part5] query encoding progress: 2,896/7,405
2026-08-29 23:32:05,675 [hotpotqa] [Part5] query encoding progress: 2,912/7,405
2026-08-29 23:32:05,707 [hotpotqa] [Part5] query encoding progress: 2,928/7,405
2026-08-29 23:32:05,741 [hotpotqa] [Part5] query encoding progress: 2,944/7,405
2026-08-29 23:32:05,787 [hotpotqa] [Part5] query encoding progress: 2,960/7,405
2026-08-29 23:32:05,862 [hotpotqa] [Part5] query encoding progress: 2,976/7,405
2026-08-29 23:32:06,038 [hotpotqa] [Part5] query encoding progress: 2,992/7,405
2026-08-29 23:32:06,085 [hotpotqa] [Part5] query encoding progress: 3,008/7,405
2026-08-29 23:32:06,169 [hotpotqa] [Part5] query encoding progress: 3,024/7,405
2026-08-29 23:32:06,242 [hotpotqa] [Part5] query encoding progress: 3,040/7,405
2026-08-29 23:32:06,305 [hotpotqa] [Part5] query encoding progress: 3,056/7,405
2026-08-29 23:32:06,526 [hotpotqa] [Part5] query encoding progress: 3,072/7,405
2026-08-29 23:32:06,587 [hotpotqa] [Part5] query encoding progress: 3,088/7,405
2026-08-29 23:32:06,649 [hotpotqa] [Part5] query encoding progress: 3,104/7,405
2026-08-29 23:32:06,726 [hotpotqa] [Part5] query encoding progress: 3,120/7,405
2026-08-29 23:32:06,827 [hotpotqa] [Part5] query encoding progress: 3,136/7,405
2026-08-29 23:32:06,940 [hotpotqa] [Part5] query encoding progress: 3,152/7,405
2026-08-29 23:32:06,988 [hotpotqa] [Part5] query encoding progress: 3,168/7,405
2026-08-29 23:32:07,022 [hotpotqa] [Part5] query encoding progress: 3,184/7,405
2026-08-29 23:32:07,103 [hotpotqa] [Part5] query encoding progress: 3,200/7,405
2026-08-29 23:32:07,182 [hotpotqa] [Part5] query encoding progress: 3,216/7,405
2026-08-29 23:32:07,336 [hotpotqa] [Part5] query encoding progress: 3,232/7,405
2026-08-29 23:32:07,442 [hotpotqa] [Part5] query encoding progress: 3,248/7,405
2026-08-29 23:32:07,521 [hotpotqa] [Part5] query encoding progress: 3,264/7,405
2026-08-29 23:32:07,588 [hotpotqa] [Part5] query encoding progress: 3,280/7,405
2026-08-29 23:32:07,664 [hotpotqa] [Part5] query encoding progress: 3,296/7,405
2026-08-29 23:32:07,783 [hotpotqa] [Part5] query encoding progress: 3,312/7,405
2026-08-29 23:32:07,862 [hotpotqa] [Part5] query encoding progress: 3,328/7,405
2026-08-29 23:32:08,047 [hotpotqa] [Part5] query encoding progress: 3,344/7,405
2026-08-29 23:32:08,121 [hotpotqa] [Part5] query encoding progress: 3,360/7,405
2026-08-29 23:32:08,178 [hotpotqa] [Part5] query encoding progress: 3,376/7,405
2026-08-29 23:32:08,250 [hotpotqa] [Part5] query encoding progress: 3,392/7,405
2026-08-29 23:32:08,327 [hotpotqa] [Part5] query encoding progress: 3,408/7,405
2026-08-29 23:32:08,523 [hotpotqa] [Part5] query encoding progress: 3,424/7,405
2026-08-29 23:32:08,665 [hotpotqa] [Part5] query encoding progress: 3,440/7,405
2026-08-29 23:32:08,725 [hotpotqa] [Part5] query encoding progress: 3,456/7,405
2026-08-29 23:32:08,792 [hotpotqa] [Part5] query encoding progress: 3,472/7,405
2026-08-29 23:32:08,874 [hotpotqa] [Part5] query encoding progress: 3,488/7,405
2026-08-29 23:32:08,946 [hotpotqa] [Part5] query encoding progress: 3,504/7,405
2026-08-29 23:32:09,003 [hotpotqa] [Part5] query encoding progress: 3,520/7,405
2026-08-29 23:32:09,123 [hotpotqa] [Part5] query encoding progress: 3,536/7,405
2026-08-29 23:32:09,285 [hotpotqa] [Part5] query encoding progress: 3,552/7,405
2026-08-29 23:32:09,337 [hotpotqa] [Part5] query encoding progress: 3,568/7,405
2026-08-29 23:32:09,384 [hotpotqa] [Part5] query encoding progress: 3,584/7,405
2026-08-29 23:32:09,413 [hotpotqa] [Part5] query encoding progress: 3,600/7,405
2026-08-29 23:32:09,446 [hotpotqa] [Part5] query encoding progress: 3,616/7,405
2026-08-29 23:32:09,524 [hotpotqa] [Part5] query encoding progress: 3,632/7,405
2026-08-29 23:32:09,726 [hotpotqa] [Part5] query encoding progress: 3,648/7,405
2026-08-29 23:32:09,803 [hotpotqa] [Part5] query encoding progress: 3,664/7,405
2026-08-29 23:32:09,926 [hotpotqa] [Part5] query encoding progress: 3,680/7,405
2026-08-29 23:32:09,993 [hotpotqa] [Part5] query encoding progress: 3,696/7,405
2026-08-29 23:32:10,065 [hotpotqa] [Part5] query encoding progress: 3,712/7,405
2026-08-29 23:32:10,226 [hotpotqa] [Part5] query encoding progress: 3,728/7,405
2026-08-29 23:32:10,307 [hotpotqa] [Part5] query encoding progress: 3,744/7,405
2026-08-29 23:32:10,422 [hotpotqa] [Part5] query encoding progress: 3,760/7,405
2026-08-29 23:32:10,580 [hotpotqa] [Part5] query encoding progress: 3,776/7,405
2026-08-29 23:32:10,619 [hotpotqa] [Part5] query encoding progress: 3,792/7,405
2026-08-29 23:32:10,667 [hotpotqa] [Part5] query encoding progress: 3,808/7,405
2026-08-29 23:32:10,725 [hotpotqa] [Part5] query encoding progress: 3,824/7,405
2026-08-29 23:32:10,783 [hotpotqa] [Part5] query encoding progress: 3,840/7,405
2026-08-29 23:32:10,911 [hotpotqa] [Part5] query encoding progress: 3,856/7,405
2026-08-29 23:32:11,117 [hotpotqa] [Part5] query encoding progress: 3,872/7,405
2026-08-29 23:32:11,164 [hotpotqa] [Part5] query encoding progress: 3,888/7,405
2026-08-29 23:32:11,218 [hotpotqa] [Part5] query encoding progress: 3,904/7,405
2026-08-29 23:32:11,291 [hotpotqa] [Part5] query encoding progress: 3,920/7,405
2026-08-29 23:32:11,351 [hotpotqa] [Part5] query encoding progress: 3,936/7,405
2026-08-29 23:32:11,483 [hotpotqa] [Part5] query encoding progress: 3,952/7,405
2026-08-29 23:32:11,563 [hotpotqa] [Part5] query encoding progress: 3,968/7,405
2026-08-29 23:32:11,657 [hotpotqa] [Part5] query encoding progress: 3,984/7,405
2026-08-29 23:32:11,786 [hotpotqa] [Part5] query encoding progress: 4,000/7,405
2026-08-29 23:32:11,863 [hotpotqa] [Part5] query encoding progress: 4,016/7,405
2026-08-29 23:32:11,911 [hotpotqa] [Part5] query encoding progress: 4,032/7,405
2026-08-29 23:32:11,940 [hotpotqa] [Part5] query encoding progress: 4,048/7,405
2026-08-29 23:32:12,031 [hotpotqa] [Part5] query encoding progress: 4,064/7,405
2026-08-29 23:32:12,191 [hotpotqa] [Part5] query encoding progress: 4,080/7,405
2026-08-29 23:32:12,272 [hotpotqa] [Part5] query encoding progress: 4,096/7,405
2026-08-29 23:32:12,363 [hotpotqa] [Part5] query encoding progress: 4,112/7,405
2026-08-29 23:32:12,411 [hotpotqa] [Part5] query encoding progress: 4,128/7,405
2026-08-29 23:32:12,440 [hotpotqa] [Part5] query encoding progress: 4,144/7,405
2026-08-29 23:32:12,472 [hotpotqa] [Part5] query encoding progress: 4,160/7,405
2026-08-29 23:32:12,662 [hotpotqa] [Part5] query encoding progress: 4,176/7,405
2026-08-29 23:32:12,796 [hotpotqa] [Part5] query encoding progress: 4,192/7,405
2026-08-29 23:32:12,824 [hotpotqa] [Part5] query encoding progress: 4,208/7,405
2026-08-29 23:32:12,853 [hotpotqa] [Part5] query encoding progress: 4,224/7,405
2026-08-29 23:32:12,913 [hotpotqa] [Part5] query encoding progress: 4,240/7,405
2026-08-29 23:32:12,970 [hotpotqa] [Part5] query encoding progress: 4,256/7,405
2026-08-29 23:32:13,127 [hotpotqa] [Part5] query encoding progress: 4,272/7,405
2026-08-29 23:32:13,184 [hotpotqa] [Part5] query encoding progress: 4,288/7,405
2026-08-29 23:32:13,310 [hotpotqa] [Part5] query encoding progress: 4,304/7,405
2026-08-29 23:32:13,404 [hotpotqa] [Part5] query encoding progress: 4,320/7,405
2026-08-29 23:32:13,483 [hotpotqa] [Part5] query encoding progress: 4,336/7,405
2026-08-29 23:32:13,681 [hotpotqa] [Part5] query encoding progress: 4,352/7,405
2026-08-29 23:32:13,733 [hotpotqa] [Part5] query encoding progress: 4,368/7,405
2026-08-29 23:32:13,900 [hotpotqa] [Part5] query encoding progress: 4,384/7,405
2026-08-29 23:32:13,951 [hotpotqa] [Part5] query encoding progress: 4,400/7,405
2026-08-29 23:32:14,026 [hotpotqa] [Part5] query encoding progress: 4,416/7,405
2026-08-29 23:32:14,070 [hotpotqa] [Part5] query encoding progress: 4,432/7,405
2026-08-29 23:32:14,204 [hotpotqa] [Part5] query encoding progress: 4,448/7,405
2026-08-29 23:32:14,385 [hotpotqa] [Part5] query encoding progress: 4,464/7,405
2026-08-29 23:32:14,433 [hotpotqa] [Part5] query encoding progress: 4,480/7,405
2026-08-29 23:32:14,484 [hotpotqa] [Part5] query encoding progress: 4,496/7,405
2026-08-29 23:32:14,564 [hotpotqa] [Part5] query encoding progress: 4,512/7,405
2026-08-29 23:32:14,709 [hotpotqa] [Part5] query encoding progress: 4,528/7,405
2026-08-29 23:32:14,781 [hotpotqa] [Part5] query encoding progress: 4,544/7,405
2026-08-29 23:32:14,825 [hotpotqa] [Part5] query encoding progress: 4,560/7,405
2026-08-29 23:32:14,886 [hotpotqa] [Part5] query encoding progress: 4,576/7,405
2026-08-29 23:32:14,944 [hotpotqa] [Part5] query encoding progress: 4,592/7,405
2026-08-29 23:32:15,022 [hotpotqa] [Part5] query encoding progress: 4,608/7,405
2026-08-29 23:32:15,202 [hotpotqa] [Part5] query encoding progress: 4,624/7,405
2026-08-29 23:32:15,242 [hotpotqa] [Part5] query encoding progress: 4,640/7,405
2026-08-29 23:32:15,370 [hotpotqa] [Part5] query encoding progress: 4,656/7,405
2026-08-29 23:32:15,426 [hotpotqa] [Part5] query encoding progress: 4,672/7,405
2026-08-29 23:32:15,502 [hotpotqa] [Part5] query encoding progress: 4,688/7,405
2026-08-29 23:32:15,575 [hotpotqa] [Part5] query encoding progress: 4,704/7,405
2026-08-29 23:32:15,625 [hotpotqa] [Part5] query encoding progress: 4,720/7,405
2026-08-29 23:32:15,726 [hotpotqa] [Part5] query encoding progress: 4,736/7,405
2026-08-29 23:32:15,809 [hotpotqa] [Part5] query encoding progress: 4,752/7,405
2026-08-29 23:32:15,905 [hotpotqa] [Part5] query encoding progress: 4,768/7,405
2026-08-29 23:32:16,057 [hotpotqa] [Part5] query encoding progress: 4,784/7,405
2026-08-29 23:32:16,098 [hotpotqa] [Part5] query encoding progress: 4,800/7,405
2026-08-29 23:32:16,200 [hotpotqa] [Part5] query encoding progress: 4,816/7,405
2026-08-29 23:32:16,276 [hotpotqa] [Part5] query encoding progress: 4,832/7,405
2026-08-29 23:32:16,436 [hotpotqa] [Part5] query encoding progress: 4,848/7,405
2026-08-29 23:32:16,486 [hotpotqa] [Part5] query encoding progress: 4,864/7,405
2026-08-29 23:32:16,546 [hotpotqa] [Part5] query encoding progress: 4,880/7,405
2026-08-29 23:32:16,619 [hotpotqa] [Part5] query encoding progress: 4,896/7,405
2026-08-29 23:32:16,683 [hotpotqa] [Part5] query encoding progress: 4,912/7,405
2026-08-29 23:32:16,785 [hotpotqa] [Part5] query encoding progress: 4,928/7,405
2026-08-29 23:32:16,835 [hotpotqa] [Part5] query encoding progress: 4,944/7,405
2026-08-29 23:32:16,987 [hotpotqa] [Part5] query encoding progress: 4,960/7,405
2026-08-29 23:32:17,052 [hotpotqa] [Part5] query encoding progress: 4,976/7,405
2026-08-29 23:32:17,139 [hotpotqa] [Part5] query encoding progress: 4,992/7,405
2026-08-29 23:32:17,261 [hotpotqa] [Part5] query encoding progress: 5,008/7,405
2026-08-29 23:32:17,363 [hotpotqa] [Part5] query encoding progress: 5,024/7,405
2026-08-29 23:32:17,527 [hotpotqa] [Part5] query encoding progress: 5,040/7,405
2026-08-29 23:32:17,601 [hotpotqa] [Part5] query encoding progress: 5,056/7,405
2026-08-29 23:32:17,660 [hotpotqa] [Part5] query encoding progress: 5,072/7,405
2026-08-29 23:32:17,727 [hotpotqa] [Part5] query encoding progress: 5,088/7,405
2026-08-29 23:32:17,822 [hotpotqa] [Part5] query encoding progress: 5,104/7,405
2026-08-29 23:32:17,939 [hotpotqa] [Part5] query encoding progress: 5,120/7,405
2026-08-29 23:32:17,987 [hotpotqa] [Part5] query encoding progress: 5,136/7,405
2026-08-29 23:32:18,103 [hotpotqa] [Part5] query encoding progress: 5,152/7,405
2026-08-29 23:32:18,172 [hotpotqa] [Part5] query encoding progress: 5,168/7,405
2026-08-29 23:32:18,254 [hotpotqa] [Part5] query encoding progress: 5,184/7,405
2026-08-29 23:32:18,426 [hotpotqa] [Part5] query encoding progress: 5,200/7,405
2026-08-29 23:32:18,492 [hotpotqa] [Part5] query encoding progress: 5,216/7,405
2026-08-29 23:32:18,526 [hotpotqa] [Part5] query encoding progress: 5,232/7,405
2026-08-29 23:32:18,592 [hotpotqa] [Part5] query encoding progress: 5,248/7,405
2026-08-29 23:32:18,661 [hotpotqa] [Part5] query encoding progress: 5,264/7,405
2026-08-29 23:32:18,727 [hotpotqa] [Part5] query encoding progress: 5,280/7,405
2026-08-29 23:32:18,840 [hotpotqa] [Part5] query encoding progress: 5,296/7,405
2026-08-29 23:32:18,887 [hotpotqa] [Part5] query encoding progress: 5,312/7,405
2026-08-29 23:32:18,944 [hotpotqa] [Part5] query encoding progress: 5,328/7,405
2026-08-29 23:32:19,022 [hotpotqa] [Part5] query encoding progress: 5,344/7,405
2026-08-29 23:32:19,104 [hotpotqa] [Part5] query encoding progress: 5,360/7,405
2026-08-29 23:32:19,239 [hotpotqa] [Part5] query encoding progress: 5,376/7,405
2026-08-29 23:32:19,323 [hotpotqa] [Part5] query encoding progress: 5,392/7,405
2026-08-29 23:32:19,505 [hotpotqa] [Part5] query encoding progress: 5,408/7,405
2026-08-29 23:32:19,574 [hotpotqa] [Part5] query encoding progress: 5,424/7,405
2026-08-29 23:32:19,604 [hotpotqa] [Part5] query encoding progress: 5,440/7,405
2026-08-29 23:32:19,634 [hotpotqa] [Part5] query encoding progress: 5,456/7,405
2026-08-29 23:32:19,716 [hotpotqa] [Part5] query encoding progress: 5,472/7,405
2026-08-29 23:32:19,904 [hotpotqa] [Part5] query encoding progress: 5,488/7,405
2026-08-29 23:32:20,059 [hotpotqa] [Part5] query encoding progress: 5,504/7,405
2026-08-29 23:32:20,169 [hotpotqa] [Part5] query encoding progress: 5,520/7,405
2026-08-29 23:32:20,202 [hotpotqa] [Part5] query encoding progress: 5,536/7,405
2026-08-29 23:32:20,236 [hotpotqa] [Part5] query encoding progress: 5,552/7,405
2026-08-29 23:32:20,270 [hotpotqa] [Part5] query encoding progress: 5,568/7,405
2026-08-29 23:32:20,406 [hotpotqa] [Part5] query encoding progress: 5,584/7,405
2026-08-29 23:32:20,480 [hotpotqa] [Part5] query encoding progress: 5,600/7,405
2026-08-29 23:32:20,526 [hotpotqa] [Part5] query encoding progress: 5,616/7,405
2026-08-29 23:32:20,604 [hotpotqa] [Part5] query encoding progress: 5,632/7,405
2026-08-29 23:32:20,683 [hotpotqa] [Part5] query encoding progress: 5,648/7,405
2026-08-29 23:32:20,838 [hotpotqa] [Part5] query encoding progress: 5,664/7,405
2026-08-29 23:32:20,927 [hotpotqa] [Part5] query encoding progress: 5,680/7,405
2026-08-29 23:32:20,985 [hotpotqa] [Part5] query encoding progress: 5,696/7,405
2026-08-29 23:32:21,031 [hotpotqa] [Part5] query encoding progress: 5,712/7,405
2026-08-29 23:32:21,084 [hotpotqa] [Part5] query encoding progress: 5,728/7,405
2026-08-29 23:32:21,201 [hotpotqa] [Part5] query encoding progress: 5,744/7,405
2026-08-29 23:32:21,284 [hotpotqa] [Part5] query encoding progress: 5,760/7,405
2026-08-29 23:32:21,323 [hotpotqa] [Part5] query encoding progress: 5,776/7,405
2026-08-29 23:32:21,413 [hotpotqa] [Part5] query encoding progress: 5,792/7,405
2026-08-29 23:32:21,485 [hotpotqa] [Part5] query encoding progress: 5,808/7,405
2026-08-29 23:32:21,563 [hotpotqa] [Part5] query encoding progress: 5,824/7,405
2026-08-29 23:32:21,621 [hotpotqa] [Part5] query encoding progress: 5,840/7,405
2026-08-29 23:32:21,652 [hotpotqa] [Part5] query encoding progress: 5,856/7,405
2026-08-29 23:32:21,702 [hotpotqa] [Part5] query encoding progress: 5,872/7,405
2026-08-29 23:32:21,912 [hotpotqa] [Part5] query encoding progress: 5,888/7,405
2026-08-29 23:32:22,002 [hotpotqa] [Part5] query encoding progress: 5,904/7,405
2026-08-29 23:32:22,057 [hotpotqa] [Part5] query encoding progress: 5,920/7,405
2026-08-29 23:32:22,106 [hotpotqa] [Part5] query encoding progress: 5,936/7,405
2026-08-29 23:32:22,155 [hotpotqa] [Part5] query encoding progress: 5,952/7,405
2026-08-29 23:32:22,423 [hotpotqa] [Part5] query encoding progress: 5,968/7,405
2026-08-29 23:32:22,484 [hotpotqa] [Part5] query encoding progress: 5,984/7,405
2026-08-29 23:32:22,527 [hotpotqa] [Part5] query encoding progress: 6,000/7,405
2026-08-29 23:32:22,607 [hotpotqa] [Part5] query encoding progress: 6,016/7,405
2026-08-29 23:32:22,687 [hotpotqa] [Part5] query encoding progress: 6,032/7,405
2026-08-29 23:32:22,821 [hotpotqa] [Part5] query encoding progress: 6,048/7,405
2026-08-29 23:32:22,864 [hotpotqa] [Part5] query encoding progress: 6,064/7,405
2026-08-29 23:32:22,941 [hotpotqa] [Part5] query encoding progress: 6,080/7,405
2026-08-29 23:32:23,020 [hotpotqa] [Part5] query encoding progress: 6,096/7,405
2026-08-29 23:32:23,159 [hotpotqa] [Part5] query encoding progress: 6,112/7,405
2026-08-29 23:32:23,196 [hotpotqa] [Part5] query encoding progress: 6,128/7,405
2026-08-29 23:32:23,412 [hotpotqa] [Part5] query encoding progress: 6,144/7,405
2026-08-29 23:32:23,521 [hotpotqa] [Part5] query encoding progress: 6,160/7,405
2026-08-29 23:32:23,565 [hotpotqa] [Part5] query encoding progress: 6,176/7,405
2026-08-29 23:32:23,626 [hotpotqa] [Part5] query encoding progress: 6,192/7,405
2026-08-29 23:32:23,723 [hotpotqa] [Part5] query encoding progress: 6,208/7,405
2026-08-29 23:32:23,859 [hotpotqa] [Part5] query encoding progress: 6,224/7,405
2026-08-29 23:32:23,887 [hotpotqa] [Part5] query encoding progress: 6,240/7,405
2026-08-29 23:32:24,009 [hotpotqa] [Part5] query encoding progress: 6,256/7,405
2026-08-29 23:32:24,063 [hotpotqa] [Part5] query encoding progress: 6,272/7,405
2026-08-29 23:32:24,132 [hotpotqa] [Part5] query encoding progress: 6,288/7,405
2026-08-29 23:32:24,214 [hotpotqa] [Part5] query encoding progress: 6,304/7,405
2026-08-29 23:32:24,322 [hotpotqa] [Part5] query encoding progress: 6,320/7,405
2026-08-29 23:32:24,427 [hotpotqa] [Part5] query encoding progress: 6,336/7,405
2026-08-29 23:32:24,655 [hotpotqa] [Part5] query encoding progress: 6,352/7,405
2026-08-29 23:32:24,704 [hotpotqa] [Part5] query encoding progress: 6,368/7,405
2026-08-29 23:32:24,751 [hotpotqa] [Part5] query encoding progress: 6,384/7,405
2026-08-29 23:32:24,796 [hotpotqa] [Part5] query encoding progress: 6,400/7,405
2026-08-29 23:32:24,844 [hotpotqa] [Part5] query encoding progress: 6,416/7,405
2026-08-29 23:32:24,872 [hotpotqa] [Part5] query encoding progress: 6,432/7,405
2026-08-29 23:32:24,985 [hotpotqa] [Part5] query encoding progress: 6,448/7,405
2026-08-29 23:32:25,200 [hotpotqa] [Part5] query encoding progress: 6,464/7,405
2026-08-29 23:32:25,247 [hotpotqa] [Part5] query encoding progress: 6,480/7,405
2026-08-29 23:32:25,308 [hotpotqa] [Part5] query encoding progress: 6,496/7,405
2026-08-29 23:32:25,394 [hotpotqa] [Part5] query encoding progress: 6,512/7,405
2026-08-29 23:32:25,539 [hotpotqa] [Part5] query encoding progress: 6,528/7,405
2026-08-29 23:32:25,673 [hotpotqa] [Part5] query encoding progress: 6,544/7,405
2026-08-29 23:32:25,879 [hotpotqa] [Part5] query encoding progress: 6,560/7,405
2026-08-29 23:32:25,926 [hotpotqa] [Part5] query encoding progress: 6,576/7,405
2026-08-29 23:32:26,006 [hotpotqa] [Part5] query encoding progress: 6,592/7,405
2026-08-29 23:32:26,166 [hotpotqa] [Part5] query encoding progress: 6,608/7,405
2026-08-29 23:32:26,226 [hotpotqa] [Part5] query encoding progress: 6,624/7,405
2026-08-29 23:32:26,286 [hotpotqa] [Part5] query encoding progress: 6,640/7,405
2026-08-29 23:32:26,452 [hotpotqa] [Part5] query encoding progress: 6,656/7,405
2026-08-29 23:32:26,554 [hotpotqa] [Part5] query encoding progress: 6,672/7,405
2026-08-29 23:32:26,586 [hotpotqa] [Part5] query encoding progress: 6,688/7,405
2026-08-29 23:32:26,616 [hotpotqa] [Part5] query encoding progress: 6,704/7,405
2026-08-29 23:32:26,663 [hotpotqa] [Part5] query encoding progress: 6,720/7,405
2026-08-29 23:32:26,694 [hotpotqa] [Part5] query encoding progress: 6,736/7,405
2026-08-29 23:32:26,872 [hotpotqa] [Part5] query encoding progress: 6,752/7,405
2026-08-29 23:32:27,020 [hotpotqa] [Part5] query encoding progress: 6,768/7,405
2026-08-29 23:32:27,099 [hotpotqa] [Part5] query encoding progress: 6,784/7,405
2026-08-29 23:32:27,151 [hotpotqa] [Part5] query encoding progress: 6,800/7,405
2026-08-29 23:32:27,236 [hotpotqa] [Part5] query encoding progress: 6,816/7,405
2026-08-29 23:32:27,357 [hotpotqa] [Part5] query encoding progress: 6,832/7,405
2026-08-29 23:32:27,425 [hotpotqa] [Part5] query encoding progress: 6,848/7,405
2026-08-29 23:32:27,563 [hotpotqa] [Part5] query encoding progress: 6,864/7,405
2026-08-29 23:32:27,627 [hotpotqa] [Part5] query encoding progress: 6,880/7,405
2026-08-29 23:32:27,694 [hotpotqa] [Part5] query encoding progress: 6,896/7,405
2026-08-29 23:32:27,722 [hotpotqa] [Part5] query encoding progress: 6,912/7,405
2026-08-29 23:32:27,807 [hotpotqa] [Part5] query encoding progress: 6,928/7,405
2026-08-29 23:32:27,983 [hotpotqa] [Part5] query encoding progress: 6,944/7,405
2026-08-29 23:32:28,052 [hotpotqa] [Part5] query encoding progress: 6,960/7,405
2026-08-29 23:32:28,103 [hotpotqa] [Part5] query encoding progress: 6,976/7,405
2026-08-29 23:32:28,151 [hotpotqa] [Part5] query encoding progress: 6,992/7,405
2026-08-29 23:32:28,180 [hotpotqa] [Part5] query encoding progress: 7,008/7,405
2026-08-29 23:32:28,208 [hotpotqa] [Part5] query encoding progress: 7,024/7,405
2026-08-29 23:32:28,249 [hotpotqa] [Part5] query encoding progress: 7,040/7,405
2026-08-29 23:32:28,287 [hotpotqa] [Part5] query encoding progress: 7,056/7,405
2026-08-29 23:32:28,342 [hotpotqa] [Part5] query encoding progress: 7,072/7,405
2026-08-29 23:32:28,423 [hotpotqa] [Part5] query encoding progress: 7,088/7,405
2026-08-29 23:32:28,492 [hotpotqa] [Part5] query encoding progress: 7,104/7,405
2026-08-29 23:32:28,600 [hotpotqa] [Part5] query encoding progress: 7,120/7,405
2026-08-29 23:32:28,680 [hotpotqa] [Part5] query encoding progress: 7,136/7,405
2026-08-29 23:32:28,883 [hotpotqa] [Part5] query encoding progress: 7,152/7,405
2026-08-29 23:32:28,944 [hotpotqa] [Part5] query encoding progress: 7,168/7,405
2026-08-29 23:32:28,985 [hotpotqa] [Part5] query encoding progress: 7,184/7,405
2026-08-29 23:32:29,062 [hotpotqa] [Part5] query encoding progress: 7,200/7,405
2026-08-29 23:32:29,129 [hotpotqa] [Part5] query encoding progress: 7,216/7,405
2026-08-29 23:32:29,276 [hotpotqa] [Part5] query encoding progress: 7,232/7,405
2026-08-29 23:32:29,323 [hotpotqa] [Part5] query encoding progress: 7,248/7,405
2026-08-29 23:32:29,379 [hotpotqa] [Part5] query encoding progress: 7,264/7,405
2026-08-29 23:32:29,463 [hotpotqa] [Part5] query encoding progress: 7,280/7,405
2026-08-29 23:32:29,586 [hotpotqa] [Part5] query encoding progress: 7,296/7,405
2026-08-29 23:32:29,644 [hotpotqa] [Part5] query encoding progress: 7,312/7,405
2026-08-29 23:32:29,692 [hotpotqa] [Part5] query encoding progress: 7,328/7,405
2026-08-29 23:32:29,744 [hotpotqa] [Part5] query encoding progress: 7,344/7,405
2026-08-29 23:32:29,809 [hotpotqa] [Part5] query encoding progress: 7,360/7,405
2026-08-29 23:32:29,899 [hotpotqa] [Part5] query encoding progress: 7,376/7,405
2026-08-29 23:32:30,086 [hotpotqa] [Part5] query encoding progress: 7,392/7,405
2026-08-29 23:32:30,131 [hotpotqa] [Part5] query encoding progress: 7,405/7,405
2026-08-29 23:33:00,859 [hotpotqa] [Part5] retrieval done. nDCG@10=0.6466
2026-08-29 23:34:01,214 [hotpotqa] [Part5] expansion-term comparison written for 10 queries. avg_overlap=0.10
