5a8b57f25542995d1e6f1371	Were Scott Derrickson and Ed Wood of the same nationality?
5a8c7595554299585d9e36b6	What government position was held by the woman who portrayed Corliss Archer in the film Kiss and Tell?
5a85ea095542994775f606a8	What science fantasy young adult series, told in first person, has a set of companion books narrating the stories of enslaved worlds and alien species?
5adbf0a255429947ff17385a	Are the Laleli Mosque and Esma Sultan Mansion located in the same neighborhood?
5a8e3ea95542995a26add48d	The director of the romantic comedy "Big Stone Gap" is based in what New York city?
5abd94525542992ac4f382d2	2014 S/S is the debut album of a South Korean boy group that was formed by who?
5a85b2d95542997b5ce40028	Who was known by his stage name Aladin and helped organizations improve their performance as a consultant?
5a87ab905542996e4f3088c1	The arena where the Lewiston Maineiacs played their home games can seat how many people?
5a7bbb64554299042af8f7cc	Who is older, Annie Morton or Terry Richardson?
5a8db19d5542994ba4e3dd00	Are Local H and For Against both from the United States?
5a7166395542994082a3e814	What is the name of the fight song of the university whose main campus is in Lawrence, Kansas and whose branch campuses are in the Kansas City metropolitan area?
5a877e5d5542993e715abf7d	What screenwriter with credits for "Evolution" co-wrote a film starring Nicolas Cage and Téa Leoni?
5ab3b0bf5542992ade7c6e39	What year did Guns N Roses perform a promo for a movie starring Arnold Schwarzenegger as a former New York Police detective?
5ab56e32554299637185c594	Are Random House Tower and 888 7th Avenue both used for real estate?
5ab6d09255429954757d337d	The football manager who recruited David Beckham managed Manchester United during what timeframe?
5a75e05c55429976ec32bc5f	Brown State Fishing Lake is in a country that has a population of how many inhabitants ?
5ab3e45655429976abd1bcd4	The Vermont Catamounts men's soccer team currently competes in a conference that was formerly known as what from 1988 to 1996?
5ab29c24554299449642c932	Are Giuseppe Verdi and Ambroise Thomas both Opera composers ?
5ae0d4c9554299603e418468	Roger O. Egeberg was Assistant Secretary for Health and Scientific Affairs during the administration of a president that served during what years?
5a8133725542995ce29dcbdb	Which writer was from England, Henry Roth or Robert Erskine Childers?
5ae7a8175542993210983ed8	Which other Mexican Formula One race car driver has held the podium besides the Force India driver born in 1990?
5ae6050f55429929b0807a5e	This singer of A Rather Blustery Day also voiced what hedgehog?
5adddccd5542997dc7907069	Aside from the Apple Remote, what other device can control the program Apple Remote was originally designed to interact with?
5ae2070a5542994d89d5b313	Which performance act has a higher instrument to person ratio, Badly Drawn Boy or Wolf Alice?
5ae22b8d554299234fd0440f	What was the father of Kasper Schmeichel voted to be by the IFFHS in 1992?
5a722b8655429971e9dc9329	Who was the writer of These Boots Are Made for Walkin' and who died in 2007?
5adf37a95542995ec70e8f97	The 2011–12 VCU Rams men's basketball team, led by third year head coach Shaka Smart, represented Virginia Commonwealth University which was founded in what year?
5abd259d55429924427fcf1a	Are both Dictyosperma, and Huernia described as a genus?
5a828c8355429966c78a6a50	Kaiser Ventures corporation was founded by an American industrialist who became known as the father of modern American shipbuilding?
5a8a3e745542996c9b8d5e70	What is the name for the adventure in "Tunnels and Trolls", a game designed by Ken St. Andre?
5ac23ff0554299636651994d	When was Poison's album "Shut Up, Make Love" released?
5ae4a3265542995ad6573de5	Hayden is a singer-songwriter from Canada, but where does Buck-Tick hail from?
5ae0361155429925eb1afc2c	Which  French ace pilot and adventurer fly L'Oiseau Blanc
5abc0a5d5542993f40c73c64	Are Freakonomics and In the Realm of the Hackers both American documentaries?
5a7cc50e554299452d57ba3e	Which band, Letters to Cleo or Screaming Trees, had more members?
5abf63f15542997ec76fd3ea	Alexander Kerensky was defeated and destroyed by the Bolsheviks in the course of a civil war that ended when ?
5a8ef2a75542995a26add583	Seven Brief Lessons on Physics was written by an Italian physicist that has worked in France since what year?
5a80721b554299485f5985ef	The Livesey Hal War Memorial commemorates the fallen of which war, that had over 60 million casualties?
5ab51dae5542991779162d82	Are both Elko Regional Airport and Gerald R. Ford International Airport located in Michigan?
5a7571135542992d0ec05f98	Ralph Hefferline was a psychology professor at a university that is located in what city?
5a7a0e1e5542990783324e1a	Which dog's ancestors include Gordon and Irish Setters: the Manchester Terrier or the Scotch Collie?
5a74106b55429979e288289e	Where is the company that Sachin Warrier worked for as a software engineer headquartered?
5a79311755429970f5fffe67	A Japanese manga series based on a 16 year old high school student Ichitaka Seto, is written and illustrated by someone born in what year?
5ab2d3df554299194fa9352c	The battle in which Giuseppe Arimondi lost his life secured what for Ethiopia?
5a760ab65542994ccc918697	Alfred Balk served as the secretary of the Committee on the Employment of Minority Groups in the News Media under which United States Vice President?
5a7d54165542995f4f402256	A medieval fortress in Dirleton, East Lothian, Scotland borders on the south side of what coastal area?
5ab859a955429934fafe6d7b	Who is the writer of this song that was inspired by words on a tombstone and was the first track on the box set Back to Mono?
5add61d65542995b365fab21	What type of forum did a former Soviet statesman initiate?
5a8e068b5542995085b37384	Are Ferocactus and Silene both types of plant?
5abbf698554299114383a0b5	Which British first-generation jet-powered medium bomber was used in the South West Pacific theatre of World War II?
5a8e1027554299653c1aa15f	Which year and which conference was the 14th season for this conference as part of the NCAA Division that the Colorado Buffaloes played in with a record of 2-6 in conference play?
5ab84bf555429916710eb01f	In 1991 Euromarché was bought by a chain that operated how any hypermarkets at the end of 2016?
5a77724455429972597f153e	What race track in the midwest hosts a 500 mile race eavery May?
5a87c13f5542996e4f30890c	In what city did the "Prince of tenors" star in a film based on an opera by Giacomo Puccini?
5ab96ab755429970cfb8eacd	Ellie Goulding worked with what other writers on her third studio album, Delirium?
5a8a43eb5542996c9b8d5e82	Which Australian city founded in 1838 contains a boarding school opened by a Prime Minister of Australia and named after a school in London of the same name.
5ae73acb5542991e8301cc07	D1NZ is a series based on what oversteering technique?
5a7320565542991f9a20c61d	who is younger Keith Bostic or Jerry Glanville ?
5ae32e125542991a06ce9946	According to the 2001 census, what was the population of the city in which Kirton End is located?
5adc53f75542996e6852530a	Are both Cypress and Ajuga genera?
5a8b20335542996c9b8d5fb3	What distinction is held by the former NBA player who was a member of the Charlotte Hornets during their 1992-93 season and was head coach for the WNBA team Charlotte Sting?
5a85fb085542994775f606de	What is the name of the executive producer of the film that has a score composed by Jerry Goldsmith?
5a7be2595542997c3ec972ac	Who was born earlier, Emma Bull or Virginia Woolf?
5a77152355429966f1a36c2e	What was the Roud Folk Song Index of the nursery rhyme inspiring What Are Little Girls Made Of?
5a8f4c8d554299458435d5a3	Scott Parkin has been a vocal critic of Exxonmobil and another corporation that has operations in how many countries ?
5a80840f554299485f59863b	What WB supernatrual drama series was Jawbreaker star Rose Mcgowan best known for being in?
5a8361b65542992ef85e22a0	Vince Phillips held a junior welterweight title by an organization recognized by what larger Hall of Fame?
5ae7ba7a5542993210983f12	What is the name of the singer who's song was released as the lead single from the album "Confessions", and that had popular song stuck behind for eight consecutive weeks?
5ac2acff55429921a00ab02b	who is the younger brother of The episode guest stars of The Hard Easy
5aba7cfe554299232ef4a2fd	The 2017–18 Wigan Athletic F.C. season will be a year in which the team competes in the league cup known as what for sponsorship reasons?
5ae5aba0554299546bf82f17	Which of Tara Strong major voice role in animated series is an American animated television series based on the DC Comics fictional superhero team, the "Teen Titans"?
5ae1f4cb554299234fd0436d	What is the inhabitant of the city where  122nd SS-Standarte was formed in2014
5ae7e1fc55429952e35ea9cc	What color clothing do people of the Netherlands wear during Oranjegekte or to celebrate the national holiday Koningsdag?
5ae37c765542992f92d822d4	What was the name of the 1996 loose adaptation of William Shakespeare's "Romeo & Juliet" written by James Gunn?
5ae33c4d5542992f92d82262	Robert Suettinger was the national intelligence officer under which former Governor of Arkansas?
5a77cb335542997042120b3a	What American professional Hawaiian surfer born 18 October 1992 won the Rip Curl Pro Portugal?
5a8979f4554299669944a52e	What is the middle name of the actress who plays Bobbi Bacha in Suburban Madness?
5a713ea95542994082a3e6e4	Alvaro Mexia had a diplomatic mission with which tribe of indigenous people?
5a78bd9b554299078472774a	What nationality were social anthropologists Alfred Gell and Edmund Leach?
5a7625e8554299109176e66a	In which year was the King who made the 1925 Birthday Honours born?
5ae2dd2055429928c423950d	What is the county seat of the county where East Lempster, New Hampshire is located?
5abdf12255429976d4830a2f	The Album Against the Wind was the 11th Album of a Rock singer Robert C Seger born may 6 1945. What was the Rock singers stage name ?
5a88658955429938390d3f47	Rostker v. Goldberg held that the practice of what way of filling armed forces vacancies was consitutional?
5a86ebac55429960ec39b6d6	Handi-Snacks are a snack food product line sold by what American multinational confectionery, food, and beverage company that is based in Illinois?
5aba5d2e55429901930fa799	What was the name of a woman from the book titled "Their Lives: The Women Targeted by the Clinton Machine " and was also a former white house intern?
5ae5736e5542990ba0bbb2b3	When was the American lawyer, lobbyist and political consultant who was a senior member of the presidential campaign of Donald Trump born?
5ae005b555429942ec259bec	In what year was the novel that Lourenço Mutarelli based "Nina" on based first published?
5a7759fc5542993569682d60	Where are Teide National Park and Garajonay National Park located?
5a835478554299123d8c20ed	How many copies of Roald Dahl's variation on a popular anecdote sold?
5aba749055429901930fa7d8	What occupation do Chris Menges and Aram Avakian share?
5abfb3425542990832d3a1c0	Andrew Jaspan was the co-founder of what not-for-profit media outlet?
5ac3165c5542995ef918c10a	Which American film director hosted the 18th Independent Spirit Awards in 2002?
5ae53b545542990ba0bbb23c	Where does the hotel and casino located in which Bill Cosby's third album was recorded?
5ae224da554299234fd043ee	Do the drinks Gibson and Zurracapote both contain gin?
5ae2b770554299495565db0f	In what month is the annual documentary film festival, that is presented by the fortnightly published British journal of literary essays, held?
5a80b3a9554299485f5986cc	Tysons Galleria is located in what county?
5a8e0a005542995085b373a1	Bordan Tkachuk was the CEO of a company that provides what sort of products?
5ac1b8ee5542994d76dccedc	Which filmmaker was known for animation, Lev Yilmaz or Pamela B. Green?
5adccd795542990d50227d2c	In which city is the ambassador of the Rabat-Salé-Kénitra administrative region to China based?
5a84c4135542994c784dda31	Are Yingkou and Fuding the same level of city?
5a85eed75542996432c5713b	Where did the descendants of the group of black Indians associated with the Seminole people settle?
5a774e9c55429972597f14f3	David Huntsinger has worked with this gospel singer born in the month of July?
5ae738f75542991bbc9761c4	What year was the brother of this first round draft pick by the Washington Redskins drafted?
5ac32b565542995ef918c154	Where is the stadium at which 1964 Georgia Tech Yellow Jackets football team played their home game located?
5abc8d75554299700f9d7900	Since 2 June 2017, The Leader of Fine Gael had been held by which Irish Fine Gael politician who has served as Taoiseach and Minister for Defence?
5a8bb29b554299240d9c2089	Which American film actor and dancer starred in the 1945 film Johnny Angel?
5ab659e355429954757d324e	hree Men on a Horse is a play by a playwright born in which year ?
5a8b8b3155429949d91db5d7	What type of activity does Owner earnings and Warren Buffett have in common?
5ae7eaf65542994a481bbe1d	When was the  former Indian cricketer who made his ODI debuts during the 2000 ICC KnockOut Trophy born?
5a8c4c625542995e66a475a1	Which airplane was this Major test-flying after whom the base, that 514th Flight Test Squadron is stated at, is named?
5a818387554299260e20a291	Based on a True Story... is an album by which country music star, with the single My Eyes?
5ab978855542996be2020512	Over how many centuries were the "dwelling place of the dead" built?
5ae63dad55429929b0807afe	When was the British author who wrote the novel on which "Here We Go Round the Mulberry Bush" was based born?
5a7a455c5542994f819ef1a7	Who died first, George Archainbaud or Ralph Murphy?
5a7dcc775542990b8f503ab5	Which component of shellite has the formula (ON)CHOH?
5a887bc0554299206df2b2b6	The Argentine PGA Championship record holder has won how many tournaments worldwide?
5a83880e554299123d8c214e	Suicide's 1977 released album features a song based on what brand's comic character?
5a879adb5542996e4f30887f	What other political position did the person who introduced the DISCLOSE Act hold?
5add11935542994734353827	Were the bands Skin Yard and Ostava from the U.S.?
5a8c5569554299240d9c2126	Are Daryl Hall and Gerry Marsden both musicians?
5a75f0ea5542994ccc91866c	What major truck road is located in Backford Cross?
5a89f5815542993b751ca9c5	In which role did Caroline Carver played in a 1999 Hallmark Entertainment made-for-TV fantasy movie?
5a8d5fc6554299585d9e37c6	What's the name of the fantasy film starring Sarah Bolger, featuring a New England family who discover magical creatures around their estate?
5ac120c55542992a796dedfc	Maxeda has been owned since 2004 by which American multinational equity firm?
5ab7c1a955429928e1fe38c8	The youngest daughter of Lady Mary-Gaye Curzon stars with Douglas Smith and Lucien Laviscount  in what 2017 film?
5abd01205542992ac4f3819b	Mummulgum is a stop on the Bruxner Highway before reaching the town on the banks of which river?
5ab69c25554299110f219a39	Which American audio engineer and clandestine chemist, who was a key figure in the San Francisco Bay Area hippie movement during the 1960s recorded the album "Old and in the Way?"
5a7b12a355429927d897bf2a	When was the palace founded at which Columba de Dunbar died in 1435?
5ae0006755429925eb1afbd3	Where is the Bubblegum Alley, that is similar to Gum Wall, located in California?
5ae305df5542992decbdcdc3	At what venue was the January 2, 2012 game featured the University of Louisville team?
5a8574945542997b5ce3fffb	Which film was Oscar nominated, LaLee's Kin: The Legacy of Cotton or Gimme Shelter, the 1970 Rolling Stones documentary?
5a7332935542991f9a20c67d	Which board game was published most recently, Pirate's Cove or Catan?
5a80071f5542992bc0c4a684	Alice David is the voice of Lara Croft in a video game developed by which company ?
5ae73c065542991e8301cc18	Which Eminem album included vocals from a singer who had an album titled "Unapologetic"?
5a87d8215542994775f60800	This American crime film set in South Los Angeles was written and directed by the same director and writer of screenwriter of "Street Kings", "End of Watch", "Sabotage", "Fury" and what other film?
5ac2ffbd554299677310267b	SuperMansion starred the actress who had a recurring role as whom on Workaholics?
5a7c960655429935c91b5244	The 1974 Texas Tech Raiders football team represented what public research university in Lubbock, Texas?
5a7d61775542991319bc93b9	During Siege of Bharatpur, which Commander-in-Chief of Ireland and Commander-in-Chief of India contributed to the storming of the castle?
5ac1c6805542994ab5c67e11	For what type of work is the production company for The Year Without a Santa Claus best known?
5a7a230e5542996a35c170ee	What year was the film that starred the composer for "The Naked Brothers Band"?
5ae4627d5542991a06ce9a4d	The author of Sexual Politics attended which British University?
5ac2d1d755429921a00ab053	Who had the best singles ranking, Roberta Vinci or Jorge Lozano?
5ab4e3065542990594ba9cb4	Both Truth in Science and Discovery embrace what campaign?
5ac298f9554299657fa28fc9	Josey Scott and Ian Watkins were both promising musicians. Which of these talented men was incarcerated, impacting his career with a rock band?
5ab6a2be554299710c8d1f08	The movies Queen of Blood and Battle Beyond the Sun both contained scenes from what 1959 Soviet feature?
5a738d27554299623ed4abf3	Who was born first, Erika Jayne or Marco Da Silva
5ab2a186554299295394677b	When did the English local newspaper, featuring the sculpture and war memorial in the Forbury gardens, change names?
5a8704f8554299211dda2ba4	What is the name of the Isles who were led by Aonghus Mór and covered a total land area of over 8300 km2?
5ab5ed505542997d4ad1f255	Who is Bruce Spizer an expert on, known as the most influential act of the rock era?
5a77c1505542997042120b1b	Which song was behind the third single on the album  "A Lot About Livin' (And a Little 'bout Love)" for two weeks on the country charts?
5a88d745554299206df2b378	What occupation was shared by David Yates and Pietro Germi?
5ae748d1554299572ea547b0	Marcus Wayne Garland spent nine seasons with an American professional baseball team that is based in Baltimore, Maryland, and was one of the AMerican League's original eight charter franchises when the league was established in what year?
5a7a8a9c554299042af8f666	The lamp used in many lighthouses is similiar to this type of lamp patented in 1780 by Aimé Argand?
5adffe7155429906c02daa9e	The songs from the sountrack to "When Harry Met Sally" are performed by a singer that has had how many top 20 US albums?
5ab642845542995eadeeff8e	Are Broughtonia and Laeliocattleya both orchids?
5a906a685542990a9849362e	Where was the world cup hosted that Algeria qualified for the first time into the round of 16?
5a7633ad5542992db9473741	Which was fought earlier in our nation's history, the Seven Days Battles or the Battle of Manila?
5a74ce9655429974ef308c6c	What retailer in ABQ Uptown is headquarted in Poole, Dorset, United Kingdom?
5a713a5a5542994082a3e6a9	What football club plays in the area between the old tool gates: Brook Bar and Trafford bar?
5ab341f755429969a97a8114	The song "Chim Chim Cher-ee" can be heard  in the "Mary Poppins" scene of a Disney ride that debuted in what year?
5a8325b35542990548d0b18f	Who held the record for the longest service in the Australian Parliament for a woman, and was surpassed by  a former Australian politician who was the 29th Speaker of the House of Representatives?
5ab9374b554299131ca422c6	Which man who presented the Australia 2022 FIFA World Cup bid was born on October 22, 1930?
5ae52c0f5542992663a4f12e	What major city is the Faith Lutheran Middle School and High School located by?
5adbfbd555429947ff173893	What British singer-songwriter hosted the 16th Annual Young Hollywood Awards?
5ab7f0015542992aa3b8c88b	Who did the Star and Dagger bass player marry?
5ac547525542993e66e822a3	In 2017, what was 3/4th of the organization that also has a Center for Veterinary Medicine as well as part of the U.S. Department of Health and Human Services, spent on?
5a7cbf8c554299452d57b9f4	Which came out first, Dinosaur or McFarland, USA
5a7ddc5a5542995f4f4022da	Both Bishop Carroll Catholic High School and Kapaun Mt. Carmel Catholic High School are located in which city in Kansas?
5a7a1cd85542990783324e65	What was the 58th quadrennial American presidential election held after the 2016 Michigan Democratic primary?
5ae0a59a55429945ae9593e2	This Celtic ruler who was born in AD 43 ruled southeastern Britain prior to conquest by which empire?
5a8b987f5542997f31a41d7a	What is the name of the detective novelist parent of the author of '"Q" Is for Quarry'?
5a8739a05542994775f607ab	What is the birthplace of the Senator who represents the first of 62 districts in the State Senate?
5ae67dba55429908198fa5f0	The Memphis Hustle are based in a suburb of a city with a population of what in 2010?
5a7b3f4d5542992d025e67bb	Which songwriting duo composed music for "La La Land", and created lyrics for "A Christmas Story: The Musical"?
5ae2dfd155429928c423951b	Which of the city at the south of Shelly Beach, New South Wales is a local government area in the Hunter region of New South Wales, Australia?
5ab6ba245542995eadef007f	Are Bamboo Mañalac and Danny Jones both musicians?
5ab8854555429934fafe6e0c	Works by Hanna Leena Kristiina Varis are part of a collection in a museum that houses approximately 65,000 what?
5a8eea4a5542990e94052bb7	When was the Western Germanic language spoken from which the small settlement situated on the river Leda opposite Leer derives its name?
5a74c85055429916b0164218	Born on 6 March 1937, this man was also a citizen of the United Kingdom.
5a88dcf9554299206df2b383	What country does Hatton Hill and Hatton Castle, Angus have in common?
5a7625c7554299109176e668	What podcast was the cheif executive officer of Nerdist Industries a guest on?
5ac0d83a554299294b219038	Randall Cunningham II was a multi-sport athlete at the high school located in what Nevada city?
5a790d8f554299029c4b5eec	Which English musician is known for both the songs "See Yourself" and "Withing You Without You"?
5ab2c5e255429916697740ba	Which professional ice hockey position does the Captain of the National Hockey League All-Star Game "Away Team" play?
5abcfc365542993a06baf9d6	What year did the series on CBS, starring the actor who known for his role in "Rebel Without a Cause," air?
5a8ee6915542990e94052bad	What season was the character introduced that becomes the main antagonist in the  following season, from the animated television series created by Bryan Konietzko and Michael Dante DiMartino as a sequel to "", which aired from 2005 to 2008?
5abba4855542993f40c73b68	Who were the directors of the 2009 American science fiction film starring the actor who played Dexter Morgan in the Showtime TV Network series "Dexter"?
5ae0bae555429906c02dab08	Which travel parody series featured American actor, comedian, and radio host best known as the host of "The Joe Schmo Show"?
5ab271fe554299449642c8a6	Do The Importance of Being Icelandic and The Five Obstructions belong to different film genres ?
5a7997a2554299029c4b5f59	Tefik Selim Mborja was a part of a party that held power in Albania until what year?
5add673e5542992ae4cec54d	Joe Walker played for which team that ends their regular season with the Civil War rivalry game?
5ae819ac55429952e35eaa16	What station broadcast the episode "Marry Me a Little, Marry Me a Little More" , of the series created by Max Mutchnick and David Kohan?
5aba65a055429939ce03dcd2	Georges-Henri Bousquet translated the work of a historian who is of what heritage?
5a87bada5542994846c1cddc	In which city are the headquarters of the American research and scientific development company where Ravi Sethi worked as computer scientist located?
5ae74fc45542997b22f6a6b4	What is the full name of the viral respiratory disease in which Yi Guan's research helped to prevent the outbreak of?
5adf65555542992d7e9f9334	Which Kentucky Writers Hall of Fame author has had works published by Dim Gray Bar Press?
5ade69e455429975fa854ec5	What director worked with Vikram Bhatt on a film starring actors Rajneesh Duggal and Adah Sharma?
5ae057fd55429945ae959328	Robert Smith founded the multinational company headquartered in what city?
5ab28019554299722f9b4d51	What amount was the settlement that the character from the Son of al Quada got in 2017?
5a75f79555429976ec32bcca	Considered the strongest recorded tropical cyclone, which cyclone had a film made about it in 2007?
5adef80b5542993a75d263c4	The 2000 British film Snatch was later adapted into a television series for what streaming service?
5ae0aaf455429945ae959401	Chris Williams last played for which football club from the National League North?
5ab47d765542991751b4d78f	Who designed the hotel that held the IFBB professional bodybuilding competition in September 1991?
5a7ed2c655429930675135e5	At the 71st Golden Globe Awards for television in 2013, what achievement did Breaking Bad, police sitcom Brooklyn Nine-Nine and American Hustle attain?
5ac3e0f7554299194317388b	Which actor does American Beauty and American Beauty have in common?
5a7bae20554299294a54aa96	Onika Tanya Maraj is a judge on a television show hosted by whom?
5ab8ee035542991b5579f04b	Are Hot Rod and The Memory of Our People both magazines?
5a7a276d5542996c55b2dd27	Who was Chamberlain and Colonel of the military staff of The Merrie Monarch?
5a717d4c5542994082a3e854	Who has written more than 300 papers, Semyon Aranovich Gershgorin or Pavel Alexandrov?
5ac02e31554299294b218f3f	Which post DC Extended Universe actress will also play a role in what is intended to be the fifth installment of the DC Extended Universe?
5a79ea435542996c55b2dc9e	Who was the captain of the only battleship to provide gunfire support during the Vietnam War?
5ab7e4dc5542995dae37e9df	The Polar Bears featuring the voice of Armie Hammer, is also the same voice actor for which character in Cars 3?
5a834ed95542990548d0b1ca	Which tower is taller, 712 Fifth Avenue or Manhattan Life Insurance Building?
5ab41d855542996a3a969f4b	Is the Pakistan fast bowler who joined the Kent County Cricket Club in June, 2011 a left-hand or right-hand batsmans?
5a7b7ff75542995eb53be93d	Who was born first, Arthur Conan Doyle or Penelope Lively?
5a7d19d85542995ed0d165e8	The Tennessee Volunteers football team plays as a member for a conference in what city?
5ae7ed17554299540e5a56a3	Ernest Foot was the best friend of the fighter pilot who had how many victories?
5ab2659e554299340b5254b2	From March 631 to April 631, Farrukhzad Khosrau V was the king of an empire that succeeded which empire?
5abd2eab5542992ac4f38210	Which suburb is a soap opera featuring a character named Beverly Marshall set in?
5abaf3195542996cc5e49f2c	Which country did the Falkland Islands beat in the 2010 Commonwealth games that has eleven administrative divisions?
5a791a97554299148911f9f2	Which Netflix series "Unbreakable" character is Elizabeth Claire Kemper known for playing?
5adf58f15542993a75d264d2	Which television series featured an actor who also performed in "The Young Ones"?
5adc65e85542996e68525350	Are both Dafeng District and Dazhou located in the same province?
5a87ab9b5542996e4f3088c2	In what century did this Native warrior and chief, whose brother Tenskwatawa led the Tippecanoe order of battle, become the primary leader of a large, multi tribal confederacy?
5a738fe855429908901be2fb	What film was written and directed by Joby Harold with music written by Samuel Sim?
5a8c65a1554299585d9e3680	What is the name of the ethnic group who settled in Canada in the 17th century that participated in a conflict with Irish Catholic immigrants in the Shiners' War?
5ac2bbd0554299218029db09	The author of The Thing of It Is... is what Nationality?
5adf3e355542993a75d26440	How long is the bridge in the Öresund Region that connect Copenhagen, Denmark and Malmo, Sweden?
5ae82ae555429952e35eaa71	Martin Patterson "Pat" Hingle was a close friend of an actor who achieved success in what Western TV series?
5ac289ff5542996366519a02	Is the Marsilea or the Brabejum the genus of more individual species of plants?
5a7a5b3a5542996c55b2dd71	What building is opposite the ceremonial meeting place of the Accession Council in the United Kingdom?
5ab8688b55429934fafe6daa	What material did a hairdresser from Yorkshire, England invent that was named by his granddaughter?
5a7a3a945542996a35c17147	One Raffles Place is one of the tallest skyscrapers in the city of Singapore and tallest in the wolrd outside North America until it was succeeded by a Building in city?
5ab9b29c554299743d22ebae	Which case came first, Craig v. Boren or United States v. Paramount Pictures, Inc.?
5a8b63fa55429950cd6afcd7	What is the nickname of the city where Darling's Waterfront Pavilion is located?
5ade51b45542997c77adedf4	The Kansas City Wizards have had three home venues in Kansas City in their time.  Which was their first?
5ae4c49a5542995dadf24400	Henry Hall is known for fighting in the Revolutionary War, and for being the first to successfully cultivate this food found in what type of bogs?
5a7d3470554299452d57bb56	A scam involving a male calling small town fast-food restaurants and pretending to be a police officer to have them strip search employees was turned into a movie of what name?
5ae4f2c75542993aec5ec0fb	What airport serviced by American Airlines Shuttle, is also the largest airport in the New England region and 17th busiest in the U.S?
5ab1d7ac554299449642c7e6	Which genus has more species, Xanthoceras or Ehretia?
5a85cead5542991dd0999ea9	What arcade game is named after the only player in major league history to have a 0.300 batting average for 7 consecutive seasons?
5a73a7c755429978a71e9068	What american actress/singer born in 1956 recorded the song Something there for beauty and the beast?
5a7f113d55429934daa2fcbe	Which professional baseball player and National 1993 Baseball Hall of Fame inductee is featured in the Greatest Sports Legends anthology?
5ae6828f5542996d980e7bb9	Salisbury Woodland Gardens links a zoo with a park designed and built under the watchful eye of who?
5ab31864554299233954ff06	What class of instrument does Apatim Majumdar play?
5abe239355429976d4830a7d	Jamie Harris is best known for his role as The Hook-Handed Man in a movie directed by who ?
5ac2659b55429963665199a1	How many laps did Harry Prowell run during the 10,000 metres race at the 1967 Pan American Games?
5ae058e855429945ae959331	Are  Chrysalis and Look both women's magazines?
5a7b8749554299294a54a9db	Which author has won more Pulitzer Prizes, Thomas Friedman or Henri Bergson?
5a864ff7554299211dda2af2	Yoann Lemoine, a French video director, has created music videos for Lana Del Rey, Katy Perry, and an orchestral country pop ballad by which top pop artist?
5ae4d3c95542990ba0bbb165	In what city can a person find both the Nusretiye Clock Tower and the Eski Imaret Mosque be found?
5ab7f97a5542991d322237ef	What is Opry Mills in Nashville, Tennessee?
5a7b46e55542995eb53be8e5	Spaceware Sky Division II is manufactured by this subsidiary, which is one of twelve subdivisions of Inner Mongolia, China?
5a879ba55542993e715abfc3	Which director had the longest career, Alain Resnais or Scott Sidney?
5ae4563e5542996836b02c7f	in 1999, Spirit Halloween LLC was purchased by a mall retailer that has how many stores in the United States and Canada ?
5ab6ff3a5542991d3222372a	James Fieser received his B.A. from what liberal arts work college that was founded in 1855?
5a7a46605542994f819ef1ad	What year did Roy Rogers and his third wife star in a film directed by Frank McDonald?
5ade7a435542997c77adee3a	The name "Mountbatten-Windsor" applies to male-line descendants of the Queen without royal styles and titles which is a Eurpean dynasty resulting in what family?
5ac1795f5542994ab5c67d5f	Who is known for producing the documentary television series based on the book by science historian James Burke?
5ab1e984554299340b525428	which is larger Asante Traditional Buildings or Gulangyu?
5a86769c5542994775f60776	Armageddon in Retrospect was written by the author who was best known for what 1969 satire novel?
5ab7da6f55429928e1fe3928	Patrick Kennedy is known for his collections of Irish  folktales from a province situated in which part of Ireland ?
5ae497f15542995ad6573db8	What NIFL Premier Intermediate League team did Sean Connor play for?
5ae6f2a7554299572ea5464a	Which character does this protagonist, who secretly loves and marries a member of the rival house, of William Shakespeare's tragedy that has a fictional character Benvolio slay?
5adea9ea55429939a52fe934	What was the name of the fanzine that interviewed the Sex Pistols bassist when he was in the band "The Flowers of Romance?"
5a7caae75542996dd594b971	What, known as AAS, is commonly used in bodybuilding?
5ac01bb8554299012d1db5a6	Which American character actor who starred on the television series "Stargate SG-1" (1997–2007) and appeared in "Episode 8" of "Twin Peaks" as a guest star?
5abc3a65554299700f9d782d	Candy Coburn has shared the stage with an American country music group with who playing guitar?
5ae3ff575542995dadf242aa	What is the population according to the 2007 population census of the city in which the National Archives and Library of Ethiopia is located?
5a89fb525542993b751ca9d6	Which composer created Night Ferry first performed in 2012 at Symphony Center in Chicago?
5ab3d69255429969a97a81c9	To which aircraft carrier was the VMF-213 Marine Fighting Squadron assigned to durning World War II?
5ac5199a5542994611c8b38a	Can Stenocereus and Pachypodium both include tree like plants?
5ae048a255429924de1b708e	What movie did Pitof direct which had an action-adventure tie-in video game based off of it in 2004?
5a9068a95542990a98493621	on 16 January 1995 "First Knight" was being filmed at a studio located how far from Windsor ?
5adf9dc3554299025d62a2e6	What is the name of the actress who has received a Drama Desk award and was part of the cast album for the 2007 Broadway production of the hit musical, "Grease"?
5ae406245542995dadf242e2	Marion Greene was a health policy analyst for St. Judt Medical company, which had how many principal operations worldwide?
5ab6369655429953192ad2a1	Which Genus has more species Eucryphia or Lepidozamia ?
5ae628f55542995703ce8b32	In what city was the Italian Baroque composer who composed a set of sonatas, titled Op. 5, born?
5adccdd55542992c1e3a2408	Meaning "reddish water" in Hawaiian, which location was Butch Van Artsdalen known for surfing 25-foot waves at?
5abd1529554299114383a1e3	What type of magazine is Eugene Habecker the chairman of?
5a78db8055429970f5fffdb2	Flyboys stars which actor who was nominated for an Academy Award for "127 Hours"?
5ab9debb55429955dce3ed97	The English actor Kris Marshall played which character in the highly rated comedy-drama television series "Death in Paradise"?
5ae791ef55429952e35ea979	In what month was the relief first officer of the flight that crashed on its way to Cairo with a stop in New York Born?
5ab8f7535542991b5579f0a7	Which film was released first: Sacred Planet or Oz the Great and Powerful?
5ac119335542992a796dede4	I'd Come for You is a single by the band formed in what Alberta city?
5a7d2afd5542995f4f402221	Who is older, Ferdi Taygan or Mahesh Bhupathi?
5a8dd5f955429917b4a5bcc7	Other than racing, what sport does the 1998 champion of the Toyota GRand Prix practice?
5a83a532554299334474606f	Where did Ian Harland study prior to studying at the oldest college at the University of Cambridge?
5a90692f5542990a98493625	In what 1997 American mystery crime film did Johnny Galecki start in?
5a7555215542996c70cfaee1	Which came to market first, "Hey Pa! There's a Goat on the Roof" or "Poleconomy"
5a90580655429933b8a204ef	What record did the Super Bowl XXXIV champions finish the regular-season with in 1999?
5a88e605554299206df2b39c	What is the population of the town at the intersection of Interstate Highways 77 and  the longest Interstate highway within the borders of Virginia?
5add67915542992200553af8	What was the nickname of the hitman hired by an Italian American Criminal Organization?
5a8463545542990548d0b2a3	What was the position of Jean Baptiste Androuet du Cerceau under the man who was King of the Polish-Lithuanian Commonwealth from 1573 to 1575?
5a74684655429929fddd8410	Which American music star appeared as a guest in a Will & Grace episode called "Back Up, Dancer"?
5a835c9f5542992ef85e228a	What army did the namesake of the ship launched as the München in 1930 fight in during the American Revolutionary War?
5ae7edee554299540e5a56ad	The Church of the Guanche People was founded in the city that is on the most populated island of what larger area?
5a8ee4315542990e94052ba7	What officially ended the first phase of the military conflict between the British Raj and the Emirate of Afghanistan from 1878 to 1880?
5a8cb288554299585d9e3726	The mass killing that took place at Oakland, California on April 2, 2012 was less deadly than the one that took place on October 1, 2015 in which state?
5adfbca255429942ec259b2c	When did the rock band that sang "All Join Hands" rise to prominence?
5ae24abc5542994d89d5b3c3	Where is the company that owns thanKing Horse pub restaurant chain based ?
5ab802085542990e739ec7ca	What is the uppermost age range for the sort of fiction written by Alexander Gordon Smith?
5adfa3da554299025d62a317	What is the birthday of the actress who was the Duchess in "The Revengers Tragedy"?
5a76e88555429972597f13f4	Which film starring Patrick Tatten is based on a book written by Steve Lopez?
5ac3ae475542995ef918c1e5	Are Skeptical Inquirer and The Progressive Populist both tabloid-style magazines?
5abffc41554299012d1db551	The 1984 film "Marlene" is a documentary about an actress born in what year?
5ae4c39f5542995dadf243fb	Which former mill town is near Rivington Hall Barn?
5a79c6a55542994bb9457091	What prolific English engineer, who died on 15 December 1857, contributed to the advent of the hot air engine by way of their open cycle devices?
5a7be5bd5542997c3ec972ba	Which dog is considered a giant dog breed, the  Leonberger or the Basset Hound?
5a7ec61a55429934daa2fc5f	Are Staten Island Catapult and This Is Elvis both documentaries?
5a7cb9b95542990527d55515	What is the year of the event that occured first, Making Today a Perfect Day was produced, or Frozen was produced?
5a867089554299211dda2b30	Which magazine is published more often, Shonen Jump or Rolling Stone?
5ae1801955429901ffe4aec4	Where is the Cocoa Krispies and former Superman sponsor located?
5a76387d554299109176e6ba	Who was born first Am Rong or Ava DuVernay ?
5abd0d635542992ac4f381b8	How many days did it take the Best New Artist of 2009 to sell 2 million copies of an album in the UK and break a twenty year old record?
5ae68fcb5542992ae0d1635b	"Ew!" is a song by a television host born where?
5ab28b12554299449642c8ee	The northern English anglian Kingdom in the Humber estuary spoke what dialect of english?
5a7133565542994082a3e65c	What Kentucky county has a population of 60,316 and features the Lake Louisvilla neighborhood?
5abbd3ac55429931dba1458b	Are both Duke Energy and Affiliated Managers Group based in Massachusetts?
5a85ab905542994c784ddb35	Two positions were filled in The Voice of Ireland b which British-Irish girl group based in London, England?
5a8d93ad554299653c1aa13d	Who was also an actor, Serri or John Fogerty?
5a886886554299206df2b258	What is the international football competition for women that Liu Ailing played in the 1991,1995, 1999 editions?
5a7c6bcc55429935c91b519c	Rock Springs is a collection of short stories by an author born in what year?
5a825bb455429940e5e1a874	Folie à Deux is a studio album by the American rock band formed in which city?
5a72a0be5542992359bc3143	This work of literature _______ , known by its Greek title Oedipus Tyrannus was argued by Sigmund Freud to be one of the greatest works of world literature in his 1928 article.
5ade15f35542997545bbbe47	Katherine Waterston and Chrisann Brennan has what in common?
5a77cb5e55429967ab1052a7	The voice of Homer Simpson also voices what alien character in the television series "The Simpsons"?
5a83aaeb5542996488c2e483	What studio album did Kanye West record with Roc-A-Fella Records and soul singer Dwele?
5ac4392e5542997ea680ca32	Were Enrique Carreras and Lionel Ngakane both filmakers during the 20th century?
5a7f5c9f55429969796c1a0f	The city that contains the Yunnan Provincial Museum is also known by what nickname?
5a8b770f5542995d1e6f13a7	Where is the singer of "B Boy" raised?
5ae3dc205542992f92d823a1	The Column of Saint Zanobi  is a monumental marble column located just north of religious building with the status of what?
5a7cf29255429909bec768b8	The Ingerophrynus gollum is named after a character in a book that sold how many copies?
5a79f6ca554299029c4b5f90	What Danish eurodance group had a single called "Barbie Girl" which resulted in a lawsuit in 2002?
5a8e3dc05542995085b37401	Which case was decided first, Selle v. Gibb or Reynolds v. Sims?
5ade24e35542992fa25da6e6	Mamie Gummer played the role of Nancy Crozier on the TV series airing on what network?
5ab5f854554299637185c64e	What country do both Adnan Akmal and Kamran Akmal represent in cricket?
5ab5b6c1554299637185c5e5	Did Franki Valli sing with Hellogoodbye or The Four Seasons?
5ae25ed15542992decbdccd2	Both Sorbaria and Goldenrod are a genus of more than 50 flowering plants?
5ab808ea5542991d3222380e	What is the capacity of the Stadium, other than Kauffman Stadium, designed by Charles Deaton ?
5ae5072e55429960a22e0246	Who is the current drummer of the band who did the song "What Lovers Do"?
5ac01bca5542992a796dec8d	What 2017 Christopher B. Landon directed American slasher film is Jessica Rothe starring in?
5adf34d35542993a75d26425	Who was the president of the Sinn Fein political party during the Hume-Adams Dialogue?
5add67555542992ae4cec54e	Which of these battles occurred earlier--the Battle of Peleliu or the Battle of Belleau Wood?
5a8085705542992bc0c4a74b	Garden Island Naval Chapel is the oldest Chistian chapel of a naval branch of what defence force?
5a756fa15542996c70cfaefb	Július Satinský was born in a city that has a current population of what?
5a7f6eab5542992097ad2f66	What was the name of the 19th century foundry which was located in a village directly across the Hudson River from Westpoint in Putnam County, New York?
5ae5e1345542996de7b71a50	What fictional character created by Tom Clancy was turned into a film in 2002?
5a72c6f65542994cef4bc402	Wheat salad is composed typically of what red fruit?
5a80ad7c5542992097ad3018	What year did the biographical-comedy-crime film directed by Steven Soderbergh about the highest-level corporate executive whistleblower come out?
5a77a65b5542992a6e59df57	when was the album that includes the song by Dustin Lynch released to country radio on February 17, 2017?
5a78b209554299148911f93e	Which playwright lived a longer life, Edward Albee or J. M. Barrie?
5ab85a1155429934fafe6d7c	Are both Rutgers University and Carnegie Mellon University located in America?
5a8da81e554299068b959d7e	Vanessa Bley is what person who organizes and often finances concerts, plays, or operas, performing a role?
5ab8f57b5542991b5579f097	Were Thomas H. Ince and Joseph McGrath of the same nationality?
5ab6bf6d55429953192ad372	Are Phlebodium and Pieris both species of ferns?
5ae7385d5542992ae0d163da	Bartlett's Bridge was built by the engineer who worked for the county seat of which Massachusetts county?
5a7dd9445542997cc2c474ac	Which novelist, J. G. Farrell or Louis Aragon, wrote of the political and human consequences of his country's colonial rule?
5ab446d455429942dd415f07	What city did the characters from Gargoyles the Movie: The Heroes Awaken wake up in after being in an enchantedly petrified state for a thousand years?
5ac497025542997ea680ca8d	Who were the producers of the show for which Chris McKay made his feature film directorial debut?
5a7b7bed5542997c3ec971bc	The Waterloo Vase has been used as a garden ornament at whose residence and administrative headquarters?
5a89706055429951533612f9	Scott Sandelin grew up in a town in what Minnesota county?
5ac02edb554299294b218f41	The 37th Disney animated feature film Tarzan features You'll be in my heart by which artist?
5ab67772554299110f219a12	What type of media does J. T. Petty and Outlast have in common?
5a7b65ab5542997c3ec97144	Where did the architect of the Governor's House, located in Knutsford, graduate from college?
5a760faa5542994ccc9186a8	What is the latest album of Tim Hecker, the Canadian electronic music maker?
5adbe1a7554299438c868cc3	What is the name of this Fortune 500 American company that operates a chain of retail home improvement stores that sponsored House Rules?
5a80aeff5542996402f6a5eb	For what "first" was Ivory Lee Brown's nephew credited for in Heisman Trophy balloting?
5ae74890554299572ea547af	Haruki Murakami said that writing "Dance Dance Dance" had been a healing act after his unexpected fame following the publication of a novel published in which year ?
5ac3d9c9554299204fd21ea3	Erica Packer was the second wife of what Australian businessman?
5abc8620554299700f9d78e2	What type of media does Bitter Jester and Sicko have in common?
5a7b4bc35542992d025e67e0	What country does Eric A. Sykes and Eccles, Greater Manchester have ion common?
5a85dfcc5542994775f60673	What South Korean actor was a member of the pop duo TVXQ and stared in Heading to the Ground, a 2009 MBC television series?
5a7b76735542997c3ec9719f	which is traditionally drunk before retiring to bed, Hot toddy or Kir?
5a8c66db554299585d9e3683	What year was the film "Mom" released, starring the voice of Shashaa Tirupati?
5a7e05ba5542995f4f402392	For One Night Only was hosted by the man most well-known for hosting what show from 1962 until 1999?
5a88a4245542997e5c09a668	What company did Roscoe Channing form with the owner of a leading stable of thoroughbred racehorses?
5a8799c55542996e4f308877	Jens Risom introduced what type of design, characterized by minimalism and functionality?
5ac038db554299294b218f57	Which of the movie which has Rich Lee 3-D previsualizations was directed by Francis Lawrence?
5a764c0b55429976ec32bd89	What criteria subjectively qualifies the Houston Astrodome to be called the Eighth Wonder of the World?
5a77309d55429972597f1487	Who was born first, José Echegaray y Eizaguirre or P. J. O'Rourke?
5ab7bae95542993667793ff4	Who did the Doncaster Belles play in the 1994 FA Women's Cup Final held at Glanford Park?
5a7c9f325542990527d554e6	What act for Innocent Records achieved Platinum sales and shares its name with a primary color in the RGB color model?
5a8f69b55542997ba9cb324f	What national historic district is located near a village in the town of Philipstown, New York?
5adbda2755429944faac2385	Which American writer wrote both The Ganymede Takeover (1967) and The Man in the High Castle (1962)?
5ab67bd355429954757d32f2	Curt Menefee is the host of the Fox network's NFL show with co-host Michael Anthony Strahan who spent his entire 15-year career with what team?
5a90843c5542995651fb517e	Francisco Jose Hernandez was a participant in an invasion that took place in what year?
5a8324815542990548d0b184	Dead but Rising was a song by the Danish band fomed in what city in 2001?
5adf4a275542993a75d26498	The man, who the award in which "Summer of the Monkeys" won, was a spokesman for white sector of America?
5ae4c5595542990ba0bbb123	Which lead actor/actress in War Chhod Na Yaar has also acted in Bengali and English-language films?
5ab5057b5542991779162d56	What type of movie are Wishing Stairs and Voice?
5a837d9a554299123d8c213e	Which cast member of Alice Upside Down also stars in the ABC Family/Freeform drama "Switched at Birth?"
5a81ebee554299676cceb16d	What kind of movie directed by F. Javier gutierrez did an Italian model and actress star in?
5ab48c325542996a3a969f93	In which county is the English king Harold Godwinson buried?
5a8488f45542992a431d1a47	Who wrote The Devils, and was an eninent English theater, opera and film director?
5abe689a55429976d4830b16	Which Grand Slam singles tournament have Francesca Schiavone and Olga Morozova both been finalists in?
5a7a014a5542996c55b2dccf	"Kapitän zur See" Ernst Lindemann was the commander of which one of two battleships built for Nazi Germany's "Kriegsmarine"?
5a895d305542993b751ca931	Which football team does Lewis Young's older brother, Ashley Young, play for?
5a85c3a15542992a431d1b97	Snowdrop is a proprietary game engine first revealed with an online-only action role-playing video game developed by who?
5ae32b6755429928c4239644	Wendy Ayche was featured in 2016 in an annual production created by Youtube and what other organization?
5a8d02cc554299441c6b9fb6	John MacGregor, Baron MacGregor of Pulham Market was educated at the University of St Andrews and another university established by what monach?
5a78daf855429970f5fffdae	Which game was released first, Icehouse pieces or Kill Doctor Lucky?
5adc094a55429947ff1738c0	American Blues included the drummer from which American rock band?
5ae77c245542997b22f6a795	The Indian actor and philanthropist, who starred in "Mera Damad," entered the film industry in what year?
5a88f9555542995153361214	The Jeep Cherokee was originally sold as a variant of a Jeep model produced during what years?
5a874ce15542996432c57256	Where was the person born who was recognized by MIAL and is an American soprano?
5a7e7ed05542991319bc94c2	Which magazine is older, Gallery or Dime Magazine?
5abf44025542993fe9a41def	which writer has the highest number of skill  Langston Hughes or  Ian McEwan
5ab531cc5542990594ba9d23	How large is the shopping mall where KGOT radio station has its studios ?
5a90605d5542995651fb514d	What are the names of the members of the Detroit-based hip hop duo who has worked with Jason Gilbert?
5ac45b58554299076e296dad	Which has the larger population, Shanghai or Hanggin Rear Banner?
5a8eb4d65542990e94052b82	Jacques Mathou starred in Delicatessen, the 1991 French movie in the style of which celebrated American animator?
5a8038b55542996402f6a485	Jacques Sernas, actor in Fugitive in Trieste, was of what nationality?
5ab83d595542990e739ec886	The VMAQT-1 logo is a female spirit in Irish mythology who heralds the death of what?
5ae0d52e554299603e418469	The actress that played the leading role in the independent film "A Perfect Ending" also stars with John Bregar in a 2008 film directed by who?
5a8f9b8c5542997ba9cb32e6	Which band is from England, Fireflight or Dirty Pretty Things?
5ae75a4c5542997b22f6a6f1	The Bart the Fink episode of The Simpsons aired in February of 1996, and involves the host of which kiddie show?
5ab45a0b5542991779162c7e	Which mall, Wilton Mall or Viaport Rotterdam, has had more owners?
5a8b452655429971feec468e	Which close friend of an American former basketball player was signed for to play for the Timberwolves?
5a8d7b1755429941ae14dfc6	What is the 2010 population of the city 2.1 miles southwest of Marietta Air Force Station?
5ab6f0c25542995eadef00ea	Are Buried Country and South of the Border both films turned into stage performances?
5ab72a025542992aa3b8c7b8	"A Summer in the Cage" and "American Hardcore" are both what kind of film?
5ade42b55542992fa25da717	How many novels are there in the series of novels of which Shadows in Flight is the tenth novel ?
5ae4c2b95542995dadf243ef	One of the coaches of Southern Methodist University also played what role at the Arizona State Sun Devils?
5abf10b75542997719eab659	What is the height of the player who won the 2015 AFL Rising Star award?
5add564a5542990dbb2f7e38	Las Vegas Festival Grounds is north of the hotel that is owned by which company?
5a738225554299623ed4abc3	Which musical fantasy film is older, Bedknobs and Broomsticks or The Muppet Christmas Carol?
5a729e7b5542992359bc313d	Which river system in Chilhowie, Virginia was the starting place for most Longhunters?
5a811152554299260e20a22e	What party does the House of Commons representative for Congleton belong to?
5adddd075542992200553b71	Season 2 of Rick and Morty began with the episode directed by whom?
5ade9545554299728e26c740	What team did the recipient of the 2007 Brownlow Medal play for?
5ab25004554299722f9b4cd7	Were both the Battle of Stones River and the Battle of the Ch'ongch'on River fought in the 19th century?
5ac1f4495542991316484bd2	Who has more scope of profession, Phil Rosen or  Delmer Daves?
5ac0cf0f554299294b219018	Which band has more members, Test Icicles or X Ambassadors?
5ab3306a55429969a97a80fd	The movies The Boatniks and The Great Locomotive Chase were both made by which production company?
5ade0fb95542997545bbbe39	How long is the river for which Frenchmans Creek is a tributary?
5ab78edc5542995dae37e95c	Where is the school that Tyler Kalinoski went to located?
5ac056385542997d64295a08	Ambrose Mendy has managed and/or advised a British professional boxer that as of July 2017 is ranked the world's seventh best super middleweight by who?
5aba9e2455429939ce03dd3a	Rejuvelac is kind of grain water invented and promoted by a "holistic health" practitioner born in which year ?
5a90b43455429916514e7523	What town host an annual media finance conference that has featured an Australian-born American media mogul?
5abb30755542996cc5e49fd8	Ronald Reagan and George H. W. Bush both held which position in office?
5ae4ec1e5542990ba0bbb19b	In between The Bears and I and Oceans which was released on July 31, 1974, by Buena Vista Distribution?
5add405f5542992c1e3a2581	What book provided the foundation for Masters and Johnson's research team?
5a71717d5542994082a3e834	What star of "Attack of the Gryphon" was also a voice artist in Johnny Bravo?
5adf8fe55542993344016d0f	Which fantasy film from 1971 featured the song "The Age of Not Believing"?
5a78f59755429970f5fffdf7	Mick Carter is the landlord of a public house located at what address?
5a8099935542996402f6a58b	What television thriller anthology did the winner of one Golden Globe, two tony Awards and six Primetime Emmy Awards appear on?
5ab6aaff55429953192ad35b	What Cayman Islands registered Mandarin and Cantonese-language television broadcaster launched Phoenix Hong Kong Channel on 28 March 2011?
5abcc96c5542996583600492	What is the name of the film starring Rose McGowan and features the character Earl McGraw's daughter?
5a8b78775542997f31a41d3d	Chimaja Appawas the younger brother of a general of the Maratha Empire in India, who served as what to the fifth Maratha Chhatrapati Shahu from 1720 until his death?
5a7252db5542990c210a4104	What is the name of the oldest child that attended the Trump campaign-Russian meeting?
5ae2ee5e5542991a06ce990a	The 1st Virginia Regiment saw action at a battle that led to the departure of what Royal Governor?
5abc5951554299114383a116	Which Argentine telenovela broadcast by Telefe from March 12 to December 19, 2012 starred Isabel Macedo as Jimena Benitez?
5ac1a3665542994ab5c67daf	What was position of the man who served Prince Andrew from 1990-2001?
5adc0c2b55429947ff1738db	Are Agee and To Shoot an Elephant both documentaries about war?
5a7634f155429976ec32bd6b	What shallow water table aquifer is located near the county seat of Keith County, Nebraska?
5a7574e25542996c70cfaf01	Who was born first Mahbub ul Haq or Ibn Arabi?
5adc8977554299438c868de2	What does the goddess associated with the goddess frigg  consists of what tales?
5a7dc2495542997cc2c4749a	What competition held in Kathmandu, Nepal did Julian Bolling compete in 1984?
5a8f05b1554299458435d517	William Pery served as Captain of the Yeomen of the Guard under the lord who served in what position from 1865 to 1868?
5ab7bbbf55429928e1fe38bf	William Cammisano was part of which Mafia family?
5a8af28555429951533613b5	1956 Night Series Cup games were played at what inner suburb of Melbourne that is 3km south of Melbourne's central business district?
5ae1f596554299234fd04372	When did the game which held three times in  in East Asia first held
5a8b3af455429971feec467b	Blinding Edge Pictures produced which 2000 film starring Bruce Willis?
5add311b5542994ed6169cc5	What kind of dinosaur does Raymond Ochoa voice in the Pixar film "The Good Dinosaur"?
5ae60426554299546bf83019	Which American Space Western animated series did Celebrity Home Entertainment released
5a8cfee555429941ae14df5c	How are elephants connected to Gajabrishta?
5a71166d5542994082a3e576	Which battle occurred first, the Battle of Manila or the Battle of Guam?
5ae789615542997ec2727695	Kam Heskin plays Paige Morgan in a 2004 film directed by who?
5a7757215542993569682d58	What 2016 film stars actor Xavier Samuel and an actress who portrayed Vasilisa Dragomir in the film "Vampire Academy"?
5a81ff62554299676cceb1c4	What type of profession does Ithu Engal Neethi and Shoba Chandrasekhar have in common?
5ae4890a5542995ad6573d60	In what field does the firm at which Claudio Fernández-Aráoz was a currently a senior adviser offers services?
5a79c1335542994bb9457066	Eric Ambler and Carol Shields are both best Known for what profession?
5ac52fc35542994611c8b403	Which "Official Ireland" group comprises about  78.3% of the population of Ireland?
5adda7585542997dc790700c	Where was the telefilm shot that was based on the 1977 Katherine Paterson book?
5adf043b5542993a75d263d4	Which American cable news and talk radio host was the former GOP representative
5abd6bf055429933744ab7c8	What Division was the college footbal team that fired their head coach on November 24, 2006?
5ae0038655429925eb1afbe0	Which is a Macedonian weekly, Hänt Extra or Tea Moderna?
5a73977d554299623ed4ac08	What is the shared country of ancestry between Art Laboe and Scout Tufankjian?
5ac2a399554299218029dada	Who programmed a cartridge-based development system made by a company noted for authoring Atari's BASIC?
5ae0f6f5554299422ee99583	Which record label released Van Morrison's "I've Been Working" on the album "His Band and the Street Choir"?
5adc1ae5554299438c868d5c	Hate Them is the ninth album by a band likened to who?
5ae6860e5542991bbc976112	How did Emilie du Chatelet, Voltaire's love, contribute to the basic laws of physics?
5ae1316555429901ffe4adda	Were Goo Goo Dolls and Echosmith formed in the same city?
5adfeb0555429942ec259b88	The Detroit mayoral elections of 2009 took place to fill the vacancy created by a politician who was sentenced to what?
5ab5499e5542992aa134a295	In what year was the team that Luke Clark plays either right back or central midfielder for founded?
5adeffa85542992d7e9f926f	What genre of music was played by both Tappi Tíkarrass and INXS?
5adfd2f255429925eb1afaa5	A puzzle-platform video game developed by the Valve Corporation is part of what 2012 action-adventure game?
5ae5b301554299546bf82f2d	What produces the hormone that promotes sodium retention in the distal nephron?
5ab1eac95542993be8fa987f	How many Senate seats will be contested during the midterm elections that Nancy Soderberg has filed to run for Congress in?
5ae15e125542990adbacf773	In between Berghuis v. Thompkins and Mississippi University for Women v. Hogan which one was a  case decided 5-4 by the Supreme Court of the United States?
5a77beae5542992a6e59dfae	Which jazz singer has a 2003 album entitled The Boy Next Door?
5ae1f5a15542997f29b3c1b5	The actor who appeared on Charlotte's Shorts and Weeds was born in what year?
5ade908b55429975fa854f13	After he was contracted by the team that is headquartered in Affalterbach, Baden-Württemberg, Germany, Dario Franchitti competed in what series?
5ab47cd75542991751b4d78d	In which year did this division, where Cleveland Browns placed fourth in 2009, adopt its current name?
5a79b7f6554299029c4b5f6f	How many restaurants comprise the quick service restaurant chain that Ron Joyce helped found?
5ab626d555429953192ad279	Anthony Avent played basketball fo a High School that is located in a city approcimately 8 mi west of where?
5a84873e5542997175ce1eec	What edition of tennis' US Open was the 2017 US Open when Petra Kvitova was a quarterfinalist?
5ac537975542996feb3fea3c	Walt Zeboski photographed which 40th President during his campaign in 1980?
5a8f45ca5542997ba9cb320e	What type of film are both "500 Years Later" and "Manson"?
5a8ac4085542992d82986f74	Who was the film which was Kim Dae-woo's directing debut about ?
5a7b374c5542995eb53be8cc	Which city was the man who is known for a science humor story based on the tongue-in-cheek combination of two adages born in?
5ab92e02554299753720f775	What was the largest passenger capacity of the plane type used for BOAC Flight 911 ?
5ab58f9a554299488d4d99da	What is the birthday of this Anglo-Irish actress, courtean, and mistress, who was the mother to the illegitimate daughter of King William IV?
5adf860e5542993344016cbc	During which years was the model of car, featured on the cover of Earth's "Pentastar: In the Style of Demons" manufactured?
5a7ad9865542995eb53be8aa	The "civic rally cross" was sold alongside what other model sold exclusively in Japan at Honda Verno dealerships?
5a71443f5542994082a3e727	Is Gasherbrum II or Nuptse closest to the tallest mountain in the world?
5a7cbf93554299452d57b9f5	Which constituent college of the University of Oxford endows four professorial fellowships for sciences including chemistry and pure mathematics?
5adf98215542993344016d19	In what London botanical garden can you find the fungus described by Elise Maud Wakefield as "Lepiota"?
5ae1fa2b5542997f29b3c1df	Who collaborated with Rihanna on the album release "Numb"?
5ae650fb55429929b0807b2e	Christopher Oscar Pena was recognized by an entertainment-industry brand aimed at what?
5a85597c5542997175ce1fba	What was the nationality of the actor playing a Russian hostage taker in "Hostage for a Day"?
5ac19d4c55429963665198bb	The Argentine National Anthem was adopted 3 years after which event that led to the removal of Viceroy Baltasar Hildalgo de Cisneros?
5ab611cc5542992aa134a411	What professions did S. Sylvan Simon and Danny Cannon have in common?
5ab7c87d55429928e1fe38de	What number album is the first W.A.S.P. album to feature Steven Edward Duren playing guitar?
5ab4bea15542990594ba9cae	What city did the Freebooters F.C. soccer team lose in that is now known as Croke Park?
5ade9c9c5542997c77adee8c	What screenplay was worked on by both Edward Carfagno and Miklos Rozsa?
5ae0d7315542990adbacf678	Which avant-garde Japanese composer studied with John Cage and wrote Music for Electric Metronomes?
5ae1ba55554299234fd042d9	Where is the academy, for which Joseph D. Stewart was appointed Superintendent, located?
5a839c8b5542996488c2e479	James Spedding was chiefly known as the editor of the works of an author who served both as Attorney General and as what?
5abdd08d5542991f6610604c	Which movie directed by James Gunn portrayed the fictional character, Ego the Living Planet?
5ade190f55429975fa854e40	The Government of Canada, which is the federal administration of Canada, is involved in what scandal in the province of Quebec?
5a8cd381554299653c1aa12b	who had to escape nazis, Sigmund Freud or Evelyn Waugh?
5abd12bb55429933744ab703	Conrad Anker located the body of a mountaineer who took part it the first three British expeditions to which mountain?
5abb1e1b5542992ccd8e7f19	José Saramago and Ivo Andrić were recipients of what award in Literature?
5adeb95d5542992fa25da827	Are Chlidanthus and Maianthemum both flowering plants?
5a8ba59a554299240d9c2058	The Duke Steps Out stars an actress who was ranked tenth on a list of greatest female Hollywood stars in what year?
5a7c53a855429935c91b515d	What drum machine was introduced in 1989 and allowed 32 notes to be played simultaneously?
5ae54eea5542993aec5ec19d	Which band was formed first, Wavves or Social Code?
5a8026a05542992e7d278df8	Iselin Solheim provided vocals in the song released on what date?
5a7a27ce5542996c55b2dd28	What took place first, The Korean War or The Western Allied invasion of Germany?
5ab9812d554299753720f821	Are Mauritz Stiller and Johannes Grenzfurthner both of the same nationality?
5ac3b5d3554299741d48a2f3	Luke Null is an actor who was on the program that premiered its 43rd season on which date?
5ab811e95542995dae37ea22	With whom did this American singer, songwriter and record producer, who contributed to the single "Marvin Gaye" with Julie Frost, co-produced and performed the 2015 song for a movie soundtrack?
5a80541d5542996402f6a4d2	In what year did the Guild of Music Supervisors Awards recognize a British-American romantic drama film based on the 1952 romance novel "The Price of Salt" starring Cate Blanchett?
5ac2546a554299636651997b	Who has released more studio albums, Candlelight Red or Motion City Soundtrack?
5ab8f3235542991b5579f084	What number president was Annie Caputo nominated by to become a member of the Nuclear Regulatory Commission?
5ac31066554299741d48a19d	Jack Alfred Evans played with a football club team that is based in what city in Australia?
5ac279345542990b17b153b0	What is the date of birth of the English inventor that developed the Richard Hornsby & Sons oil engine?
5adfc50355429942ec259b43	Where was the sports complex at which Will Brodie made his debut in the thirty-five point loss against Melbourne located?
5ae5e1985542996de7b71a54	Cardinal Pole Roman Catholic School was named after the last Roman Catholic to hold what position?
5a87411d5542994846c1cd37	What job did Jörgen Smit work, where he was working in the world center for the anthroposophical movement?
5ab4107a554299753aec5a2f	The Dogwoman telemovies were created by an actress born in what year?
5ae3d8415542992f92d8239a	Southeastern Illinois College offers an undergraduate academic degree considered to be greater level of education than what?
5a88a19a5542997e5c09a64b	The American Sweetgum is the hostplant of what kind of bug?
5a7e1ad155429965cec5ea66	The first book in the Sprawl Trilogy won what three awards?
5a745e1455429929fddd83fd	What drug is among the list of illegal drugs in the Philippines and can be taken by mouth or by injection?
5a8ca7d4554299240d9c21b8	The telenova "El Ardiente Secreto" was based ona novel published under what pen name?
5a7ec90055429934daa2fc66	In the 2012-13 FC Sion they brought in Gennaro Gattuso and a player who now plays for what Scottish team?
5a82112955429926c1cdae25	WAVN is a Gospel formatted broadcast radio station tied to which city in DeSoto County, Mississippi?
5a85a3005542991dd0999e72	The Azad Hind Dal was created by an Indian nationalist whose defiant patriotism made him a hero in India, but whose attempt to rid India of British rule during what war left a troubled legacy?
5ab4475c5542996a3a969f6c	What English stand-up comedian has a style of comedy full of "stream-of-conscious banter"?
5ac1a04e5542991316484b63	Are both Jim McBride and Neil Jordan American?
5ae09ce855429924de1b7113	What was the highest ranking in the United States for a single written by an English multi-instrumentalist?
5a78bc6b554299148911f979	Woman's Era and Naj are what kind of magazines?
5ab2a8b655429929539467ab	Name a musician that worked with Hiren Roy and Vilayat Khan.
5a8a7d2b55429930ff3c0dfc	Are the flowering plants Ecballium and Elatostema in the same family?
5ae3f2395542995ad6573cc6	Are Ganzhou and Jimo District both located in China?
5a90bd7b55429916514e7547	Which has more species, Aichryson or Polypodium?
5ae20e265542994d89d5b325	Who is the psychologist who wrote about the disciple of the person known as the "Wild Woman of Buttle"?
5abc039a5542993f40c73c49	The Adoption and Safe Families Act and the Adoption 2002 Initiative were both instituted under which administration?
5a77c74155429967ab105291	Which band formed in England, Of Montreal or Vib Gyor?
5ae48e7e55429913cc20449d	Gualdo Tadino Cathedral, a Roman Catholic cathedral, was dedicated to Saint Bendict of Nursia who is a patron saint of what continent?
5abaf4535542996cc5e49f35	Where was the coach of the 1999 Oklahoma State Cowboys football team hired in 2013?
5a901e5c55429933b8a2047c	Who is the author of the 1993 production Madge Ryan participated in?
5ab528a3554299637185c4e5	What are both James Hetfield and Bob Marley?
5a88fc4255429938390d4019	On what date will the comedy film directed by Kevin Tent and starring the Bulgarian-Canadian actress known for portraying the role of Mia Jones be released on video on demand services?
5ae0345855429924de1b705f	Which company owns the hotel on whose premises the Cotal Arena is located ?
5ac1b5de5542994d76dccec6	Rex Riot is known for a remix of the Kanye West song that was from which album?
5a82fe5055429966c78a6ad3	The Company They Keep is a book written by Diana Pavlac Glyer, who is a professor at a university in Azusa, California, that was founded in 1899, and is under the auspices of what religion?
5a798f8c5542994bb9457023	What city and nation was the location of the 2015 Pacific Games where the Kiribati national basketball team finished with a 0-4 record?
5add63845542992ae4cec541	What was the release date and price for the release of Mac OS X that has the software for creating WWF files?
5ababbe9554299232ef4a38a	Which author influenced the animated Easter television special "The First Easter Rabbit"?
5ae3205c55429928c423961e	Ms. Knope Goes to Washington is the fifth season premiere of an American political comedy television sitcom starring Amy Poehler as who?
5abcf2b4554299700f9d7937	Lorenzo Monaco was influenced by which Italian painter and architect?
5a8b4a5f55429949d91db531	The 2011 La Manga Cup was won by Viking, who beat which Norwegian football club from the town of Kristiansand, currently playing in Tippeligaen having been promoted from Adeccoligaen in 2012?
5a79be0e5542994f819ef084	When did the tour begin for the album Taylor Swift released on October 22, 2012?
5ae69e3f5542996d980e7c61	At which university did the notable psychoanalyst associated with the University of Chicago serve most of his career as a professor of psychiatry?
5a8a495055429930ff3c0d6a	Chicagoland Sports Hall of Fame was founded by the company located in what Washington town, near the state capital?
5a8c5c6f554299653c1aa04d	The album "The Best of LeAnn Rimes" contained a song used as the theme song for a film. What is the name of the film?
5a80ecea55429938b6142254	My Secret Hotel is a television series starring a South Korean DJ who rose to fame as the lead actress in what?
5a8242c155429940e5e1a81d	Where was the author of Thoughts of Machiavelli born?
5a7cef5d55429909bec768ac	The was the album with the song  Unbelievable by American rapper The Notorious B.I.G released?
5a7319e755429901807daf86	Which NCAA record does the quarterback of the Minnesota Vikings hold?
5ae1d0e8554299234fd0430a	Which king of Northumbria did The "Historia" gives the abbot central place in his election as king
5ade99295542992fa25da7d8	What foundation do scholars give for the likelihood of collaboration on a William Shakespeare Play written between 1588 and 1593?
5a734bb65542994cef4bc50f	Fantasy Records is know for recordings of comedian Lenny Bruce, Creedence Clearwater Revival, and what American jazz pianist who composed the music for the animated television adaptations of the "Peanuts" comic strip?
5abe7eb05542993f32c2a12c	When was the date of birth of one of the founder of Congo Reform Association?
5a84f7255542991dd0999e33	Which country borders the Central African Republic and is south of Libya and east of Niger?
5a70f1685542994082a3e40f	Which piece did Ludwig van Beethoven publish in 1801 that was dedicated to Count Moritz von Fries?
5ae0de1455429924de1b71b4	The American restaurant chain, the Original House of Pies, is also responsible for an American chain of fruit drink beverage stores with an eponymous beverage consisting of what?
5ae4a2b25542995ad6573de0	Red Mountain is a film that centers on an attempt by a group of what group of Civil War rangers?
5abd9c2355429924427fd06c	In what year did the actor who starred in the TV Land original series "The Soul Man" host the Black Movie Awards?
5a74701655429979e2882952	Which band has released the most studio albums, Blonde Redhead or Rob Zombie's band White Zombie?
5ab7f7465542993667794071	What type of engine powered both the Saab 36 and the Avro Vulcan?
5a7a6ee75542996c55b2ddac	Who was born first, Krzysztof Zanussi or Thom Andersen?
5a85fa815542996432c57155	Where was the movement that August Brancart published literature from centerd?
5ae27f555542992decbdcd30	Caste starred what English character actress who was nominated for an Academ Award for her performance in Room at the Top?
5ade3d75554299728e26c68b	What movie is the the Spinning turtle attraction in the worlds 21st largest theme park based off of?
5ae236da5542994d89d5b397	When was the American actor, film director which  Dana Brunetti is the president of his company born
5adfad2b554299603e41835c	The song Arizona was recorded by Paul Revere and Mark Lindsay but who wrote the song?
5abbc58455429931dba14502	Stephen susco wrote a movie produced by which american film actor?
5a861fa75542994775f60706	North American Aviation was the company that created what single-engined training aircraft?
5a888fe6554299206df2b2f7	"Black Maverick" is a biography of what American civil rights leader, fraternal organization leader, entrepreneur and surgeon?
5ab865235542992aa3b8c8db	Lucas da Silva Carvalho was an unused reserve runner for a Brazilian athletics track event which at top class events is run in lanes for the first what?
5ae064985542993d6555eb47	are the documentaries Out of Place and The Mosuo Sisters by the same director ?
5ae531a95542990ba0bbb1fc	In what year was the actress who was starred in "Streak" with Rumer Willis born?
5ae533535542993aec5ec173	Watercliffe Meadow Primary Schools name change is an example of what term generally used to describe the avoidance of certain language?
5adebea1554299728e26c7b6	Muz-TV was launched before the 24-hour music channel that was operated by what company?
5adfdc7d55429942ec259b64	Who was older, George Atzerodt or Andrew Johnson?
5adbe9fa55429944faac23ba	Are both Parodia and Thalictrum flowering plants?
5ae31bbd55429928c42395fc	Are Guildford Cathedral and St Paul's Cathedral both located in England?
5ae2120e5542997283cd23ad	Are Distortion Mirrors and OK Go both considered rock bands?
5a9052765542995651fb513d	Which author is an economist, Czesław Miłosz or Bhabananda Deka?
5ae6795855429908198fa5e4	This event which was part of the 1954 AAA National Championship Trail was held at a racing circuit located at the corner of what?
5a84e61b5542997b5ce3ff86	The Simpsons episode that aired on February 19, 2012 entitled "At Long Last Leave" represented what milestone for the show?
5ab266b5554299340b5254b4	The term Moneybomb was coined by Trevor Lyman to describe a massive online donation drive on behalf of a presidential candidate that was the first chairman of what PAC?
5ab5ec0a5542997d4ad1f250	Approximately how many locations is BJ's Wholesale Club operating in, as of early 2008?
5a72a9ab5542992359bc315a	Which North American tribe inhabited the banks of the Winnipesaukee River and were also known as the Pawtucket people?
5a848b5c5542997175ce1ef2	What sub-genre of heavy metal describes the band "It's Alive"?
5ab467975542991751b4d75f	When was the duo formed who's English language song is the "Freaky Like Me"?
5a75ebfc5542992d0ec06018	What indigenous American ethnic group that inhabits land in the northern United States and southern Canada was part of the Treaty of Springwells?
5a7cdd6b55429909bec76858	Which band formed earlier, Edward Sharpe and the Magnetic Zeros or Louis XIV?
5a8209845542990a1d231f1f	The Peabody Hotel in Memphis (and a sister hotel in Orlando) are named after what residents of the hotel rooftop?
5a726b0f5542997f827839be	Who was born first, Samantha Cristoforetti or Jean-Loup Chrétien
5ac2616b5542996366519997	In what country was Cudjoe's leader born?
5ae4f3c455429960a22e0221	What is the are of the university at which Dick Biddle served as head football coach?
5a8b4ec155429949d91db53f	Flynn Rider is voiced by which American actor and singer born September 29, 1980?
5ac52f455542996feb3fea12	What year was the American healthy lifestyle magazine, in which Georgia Rickard contributed, started?
5ab438395542990594ba9bb9	Who was one of the stars who played the two oldest children in a TV series which had a 2010 movie based on it?
5a81a7f75542995ce29dcc25	Jin Jing is a Chinese female Paralympic fencer who called for a boycott of what retailer whose name means crossroads and public square in French?
5add98985542990dbb2f7e82	What was the occupation of the man who published an individualist anarchist journal?
5ae1465855429920d5234373	Berk Communication and Marketing Group  best known for representing an American professional baseball pitcher for what team?
5a721d5a55429971e9dc9283	What Australian beer is a British style pale ale whose label features a character conceived in 1926?
5ae7ea695542994a481bbe17	The Worst Journey in the World is a memoir written by which English explorer of Antarctica?
5ae7eb3c5542994a481bbe20	The Panel with striding lion  was one of many that lined the way north of the gate to the inner city of what location?
5adf69055542995534e8c7a4	Which part of Scotland is this institute found where Alice König is a lecturer in Latin and Classical Studies?
5a806cdf5542996402f6a508	An American who is a German literature translator and did a thesis on an Austrian prodigy born in 1874 taught at which university?
5a78d01d55429974737f78b3	The singer known as the "Ballad Prince" was on a romantic comedy that aired on what state-run channel from August 11 to September 30, 2010?
5adf62d05542992d7e9f932d	Which number-one single is Michael Steele responsible for?
5a8b3fe85542995d1e6f1323	Who owns an English evening newspaper based in Blackpool, Lancashire?
5a7dedef5542995f4f40231a	Which English actor, comedian and singer is featured in Chalk and Cheese?
5a88c68d55429938390d3fba	E! Hollywood Hold'em was hosted by a poker player of what nationality?
5abc0bea554299658360040d	Sir Johnston Forbes-Robertson was considered the finest at playing a character who was the king of which country ?
5abb2f245542996cc5e49fd2	Thomas Matthew "Tom" Chappell co-founded a commpany in 1970 that manufactures what products?
5a72f74a55429901807daf59	Which American comedian born on March 21, 1962, appeared in the movie "Sleepless in Seattle?"
5ae0a54e5542993d6555ebdd	Joseph Benavidez has been compared favorably to which retired bantamweight and featherweight MMA fighter?
5a866e7e554299211dda2b29	This art gallery is a museum was founded and built by the industrialist and philanthropist who briefly sat as a Liberal MP for Wirral and later, as Lord Leverhulme, in the House of Lords as a what?
5abaf6865542996cc5e49f3c	What role did Thomas Doherty play in sitcom based on the Israeli series "North Star"?
5ae534bb5542990ba0bbb21d	In between Liberty and MIT Technology Review which has a circulation of over 200,000?
5ae327e05542992f92d82220	GamesMaster has a sister publicantion that is published how many times per year?
5abebbe65542997719eab59d	What is the birthdate of this American comedian, actress, and writer, who was a supporting cast remember in Brooklyn Nine-Nine as Gina?
5ab5e9865542992aa134a3db	What type of beliefs does Mount Ida and Rhea have in common?
5a7a112a5542990783324e2b	What kind of musicians are Mark Gaudet and Jan Axel Blomberg?
5adf430e5542993a75d2645e	Which canal, Miami Canal or Dundee Canal, also supplies hydro-power and water for manufacturing?
5a779be75542995d83181215	The Lance Todd Trophy is presented at a stadium located in what country?
5a809b575542996402f6a59c	What former nose tackle announced ESPN College Football Friday Primetime in 2017?
5abed9435542994516f45457	Which of the following stars Jeff Bridges as a computer programmer: Tron or The Million Dollar Duck?
5adf4ba65542992d7e9f931c	Which 9th longest-running musical in Broadway history was the 30th Disney animated feature film?
5ae491155542995ad6573da3	When was the seven-time World and Olympic medalist on which "Foxcatcher" was based born?
5ac440385542997ea680ca4e	Carl von Donop was a colonel of which German auxiliaries?
5a84d80c5542992a431d1ab5	Which building is used for more different uses, MiMA or 270 Park Avenue?
5ae7945d5542997b22f6a7ba	Stacey Totman is the former head coach of the college golf team that competes in what conference?
5ab98608554299131ca42362	Where does the story take place in 1988 film The Moderns?
5ab3eeb5554299233954fff4	The actress that plays Kaylee Frye in the series "Firefly" also stars with Alan Dale in a sci-fi tv film released in what year?
5a7ce50f55429909bec76869	In what year did the Danish plant ecologist who assisted a Danish chemist, famous for the introduction of the concept of pH die?
5a8fa4d95542995b4424207b	Which airport is busier, Palm Springs International Airport or Trenton–Mercer Airport?
5a72ba165542992359bc318a	Who runs the website surpassed by both Baidu Baike and Hudong.com?
5a85ae455542997175ce1ff0	What is Rachelle Amy Beinart's role in the film that follows a group of rebels on a mission?
5a8bbfb15542995e66a474f6	Peter Curtis and Scott Draper are both what?
5ac240ef55429951e9e684ef	What year was a joint venture between RLJ Companies and this film studio founded in 2005, founded?
5ab72b5c5542993667793f63	What country of origin does The Late Late Show and Craig Kilborn have in common?
5ab3af70554299233954ff81	Angelo Francesco Lavignino scored a 1965 English-language Spanish-Swiss co-produced film that was directed by and also starred who?
5ae320a95542991a06ce992e	In 2011 what was the population of the town where Deep Purple were formed ?
5ae28b76554299495565daa8	What three categories does income get levied under the Parliament of Australia's tax code?
5ab6a8b5554299710c8d1f30	Who commissioned the series of 12 monuments dedicated to the spirit of pioneer women along the Ocean-to-Ocean Highway?
5a8b8f5b55429949d91db5e1	What form of play does Yameen and Activision have in common?
5ae829ea5542997ec2727738	Where was the armory at which Model 1840 flintlock musket was produced located?
5aba14195542994dbf0198a9	How many animals does the wall running between the West Gate Lodge and Cardiff Castle depict?
5ae370295542992e3233c402	Henry Roth and Lewis Mumford are both this nationality?
5abdba405542993f32c2a023	Orlando Brown is best known for his role as 3J Winslow in an American sitcom that was a spin-off of what?
5a855b5c5542997b5ce3ffeb	What is the main industry of this town with a population of around 2,600 as of 2010 that has Mountain Valley High School attendees as residents?
5adf734b5542995ec70e9016	What show other than Hello Ross did Chelsea Handler appear on in January of 2016
5a81ca835542990a1d231ebd	Who is still with the group that covered "Leather-Winged Bat" in 1969?
5abba581554299642a094af9	How many people were in the group which preceded the release of Eric Clapton's 1975 album E.C. Was Here?
5a887f5c554299206df2b2c0	Besides the founder of Led Zeppelin, and Bert Jansch, what other to British musician was heavily influenced by Davey Graham?
5a80956e5542996402f6a579	What was the proper name of the husband of Lollia Paullina?
5ac2efd65542990b17b154c7	What season of the Indian reality TV series "Big Boss" did the model Lopamundra Raut compete in?
5a7af32e55429931da12c99c	The song "Judgment Night" was a collaboration between Onyx and the heavy metal band formed in which city?
5a7c9d2e55429935c91b5261	What legend that lends its name to a modern medical term, inspired the plot of the horror film Ghostkeeper?
5a8752955542994775f607d1	What was the name of the team that represented an Arizona university in the conference that covers a broad expanse of the western United States, including Arizona, California, and New Mexico?
5ae3e2455542994393b9e78c	Scout Tufankjian and Daron Malakian are both what?
5abd552555429933744ab776	Where will the 2017 Atlantic 10 Men's Basketball Tournament be hosted?
5ac048cc554299294b218f73	The major benefactor who donated money to build Archbold Gymnasium sold his oil company to whom?
5ac048ea554299294b218f74	Who did Fredric Rieders tesify agains who had killed as many as 60 patients and recieved three consecutive life terms to be served in Florence Colorado?
5ab474135542991751b4d77b	At the 46th Grammy Awards, which award did the album by The White Stripes, which included the song Seven Nation Army, win?
5a711cb45542994082a3e59f	Who has won more Grand Slam women's doubles titles, Lisa Raymond or Liezel Huber?
5ae60db1554299546bf83041	The Luther seal was designed for the professor of theology of what nationalty at the behest of John Frederick of Saxony?
5a8b81bc55429949d91db5b8	What type of publication does St. Anthony Messenger and Revolver have in common?
5a73bcf055429978a71e909c	Which novelist wrote under the pen name Walter Ericson: Laura Esquivel or Howard Fast?
5ae1436e55429901ffe4ae31	Emmett Brown rides in a sports car that features what type of doors?
5ab207f65542993be8fa98b8	Edmund Robert Harris is the principal benefactor of a museum located where ?
5a7766b15542993569682d7e	What was the location of the execution of Roger David Casement, the Irish Nationalist who made made efforts during World War I to gain German military aid for the 1916 Easter Rising that sought to gain Irish independence?
5ac1a3fa5542991316484b7d	Although a dependent territory remains politically outside of the controlling state's integral area, what else can it contain?
5a790f5e55429970f5fffe40	What date did the movement Hans Knirsch was an activist for officially gain traction?
5add10ca5542994ed6169c59	Were Illinois Institute of Technology and Boise State University both bounded before 1950?
5ae1b2b9554299422ee99684	Who did President Franklin Roosevelt appoint that was responsible to transmit votes of the Electoral College to Congress?
5a7f81425542992097ad2f8e	Which movie was released first, 'Mean Girls' or the remake of 'April Fool's Day'?
5a817f6655429938b6142349	Which American singer and songwriter has a mezzo-soprano vocal range, Tim Armstrong or Tori Amos?
5ab6ddb655429953192ad39e	Roden Brothers were taken over in 1953 by a group headquartered in which Canadian city ?
5a76cb9b55429966f1a36bf2	After David Stern retired from being commissioner of the NBA, this american lawyer and businessman succeed him and is now the current commissioner who is he?
5ae4808455429970de88d990	How many people did the South Korean spree killer which NICS Improvement Amendments Act of 2007 enabaled to buy firearm killed in 2007
5ab7f6d35542993667794070	What is the name of the Australian specialist electronic music magazine that features avant-rock, experimental sound art, and experimental hip hop?
5abe86365542993f32c2a14d	Joel H. Cohen is the younger brother of one-time Simpsons writer who has also written for which show?
5a7571095542992d0ec05f97	Which "Mirrors" actress made her film debut in the 2005 comedy film "Hitch"?
5adcfbf45542990d50227d86	Into Dust is a song by the alternative rock band formed in which city?
5ab30d1155429976abd1bc3d	Who was the leading actor of the Christmas movie that Rebecca Forstadt did background voices for?
5ae6069c55429929b0807a67	Carlos Salazar Lomelín is the CEO of which Mexican multinational beverage retailer?
5a711c535542994082a3e59b	Albanians in Montenegro which make up 4.91 of the county's total population could be members of the Albanian Coalation Perspect which is a what?
5adf85e05542993344016cba	What football league did John Moncur belong to during his time at Ipswich Town F.C.?
5a77897f55429949eeb29edc	Jason Regler, stated that he had the idea for the flashing wristbands during a song built around which instrument ?
5ae10a5b55429920d52342a0	Who was the director of the 2000 American comedy film in which the actress, whose first role in film was in director Martin Kunert's film "Campfire Tales", played a role?
5ab639e65542995eadeeff7f	Who has won more awards, Dan Schneider or Helen Hunt?
5a8bae135542996e8ac889b6	Nathan Bridger was a character played by which actor and amateur boxer?
5a75e33855429976ec32bc74	Which team's 2013-2014 season had players including a Slovenian who plays at both the point guard and shooting guard positions?
5ae363ff5542992f92d822bc	Erwin Lambert was a member of which paramilitary organization under Hitler?
5ac0e6fa5542996f0d89cc35	Which film was created more recently, Koyaanisqatsi or Mad Hot Ballroom?
5ade6b67554299728e26c71c	Michael Pollock was was a senior officer in the United Kingdom's naval warfare force, also known as the what?
5ae0c7e755429945ae95944c	Casey Jr. Splash 'n' Soak Station is an attraction in a city located in which county ?
5a78f753554299078472776e	Which musician is older, Philip Labonte or Alexi Laiho?
5adcde255542992c1e3a243f	Which WWE wrestler who performs on the Smackdown brand has his initials as part of the team "Rated-RKO
5ae73d505542991e8301cc2c	Sebastian Gutierrez is known for writing the screenplay for the 2003 film directed by whom?
5ae18d615542997283cd2229	To what sport does the Atomweight class belong?
5ac3ad7f5542995ef918c1de	The Aviation Hall of Fame and Museum of New Jersey is located at the airport in which New Jersey county?
5ab9d44255429939ce03dc36	The History of Ranching is a mural that was originally located at an American brewery that in 1999 began trasfering its production to who?
5a863b27554299211dda2ab6	Are both Disney Magazine and The Ring still in publication?
5a79118755429974737f7962	Which band formed first, Awolnation or Foo Fighters?
5abfa9745542997ec76fd426	Young Sheldon, the tv series that follows the character Sheldon Cooper at the age of 9, is a spin-off from what prequel?
5abfc8675542993fe9a41e52	Mawson  is an electoral district that includes the wine regional around which town 35 km south of Adelaide?
5a866c04554299211dda2b25	Are Pterostyrax and Dregea both native to Asia?
5a80c74f554299260e20a158	Who else besides "The Golden Jet" was born in Point Anne, Ontario?
5ae5691055429960a22e02f3	Boggle is a word game originally distributed by a toy and game manufacturer that published more than how many games?
5ab1d983554299340b52540a	The attraction at universal studios that was based on "The Tonight Show" replaced an attraction that replaced an attraction based on what movie?
5ab28e2a5542993be8fa9947	Who holds the world record for jumping over 6 buses and appeared on the British television series "The Jump"?
5ab9547755429970cfb8ea6c	St Dionis Backchurch was rebuilt after a major conflagration that consumed how many parish churches?
5a7ce0bc55429909bec76863	Which show which aired on NBC from September 22, 1994, to May 6, 2004, has the fifteenth episode entitled, "The One with the Girl Who Hits Joey"?
5ae17daa55429901ffe4aea9	Who directed the 1941 film based on the novel of the same name by Zane Grey starring an actor who was also an artist and stuntman?
5ae7c5ef5542993210983f44	Which North Central town in Florida is home to the punk rock band Against Me!?
5a7313865542994cef4bc442	What type of bank organization is Pondicherry Gramin Bank that it operates in different States of India?
5adccf645542990d50227d32	From which city in Oklahoma is the singer of a song that peaked at number 24 on "Billboard" magazine's pop chart in December 1953?
5ac176555542994d76dcce47	What profession does H. L. Mencken and Albert Camus have in common?
5abbf3845542993f40c73c2e	Of which band was the singer who released the record I Get Weak once a member ?
5a8781b65542993e715abf8f	Are David O. Russell and Tony Gatlif from the same country?
5a807ea1554299485f598624	What church was the college Marjorie Hass is the 20th president of formerly affiliated with?
5a8ec7cc5542995a26add518	Which was published more frequently, Popular Science or Girlfriends?
5a7a978555429941d65f26db	Which album came out first, "Paper Trail" or "If Tomorrow Comes..."?
5a7fc70155429969796c1b59	Bobby Godsell held a senior position in which global company that was formed in 2004?
5ab84d5a55429916710eb028	The football maneuver, known as the horse-collar tackle is most closely associated with a player that was drafted by what NFl team in 2002?
5a7f392b55429934daa2fd26	Wim Jonk manages Cruyff Football together with the footballer who is also currently manager of which team?
5a877dd65542993e715abf79	Were Halldór Laxness and Timothy Leary from the same country?
5a8b99c355429950cd6afd28	The La Senza brand is currently owned by a fashion retailer based in what Ohio city?
5a8e2ba05542995085b373b8	Are the libretto of Tristan und Isolde and Ariane et Barbe-bleue in the same language?
5a74581555429979e2882912	What Japanese Auto Manufacturer headquarted in Minato, Tokyo, Japan did Nissan aquire controlling interest in?
5ac1d40c5542994d76dccef5	What is the population of the city at which the transmitter of WLLZ-LP was placed?
5a7c6b6655429935c91b519a	Richford is a town in Franklin County Vermont governed by what kind of body?
5a73522d5542994cef4bc541	Altnahinch is located in a county that has a population density of how many per square mile?
5a822a5e55429926c1cdae43	What occupations do Charles Burnett and Alan J. Pakula have in common?
5a7b1023554299042af8f6c2	Which movie did Disney produce first,  The Many Adventures of Winnie the Pooh or Ride a Wild Pony?
5a84574455429933447460e6	In what year was the Golden State NBA player, who was part of the Cavaliers-Warriors rivalry, named NBA Finals Most Valuable Player?
5a89a02955429946c8d6e975	Which was released first, The Climb or Voices of Iraq?
5abdf1fe55429976d4830a31	Peter Dhao created a websiteto reflect worldwide views. What was the slogan of the site he created ?
5ae1e9fd5542997f29b3c1a1	What is the name of this White House Cheif of Staff, born in 1950, who assumed the role at the same time as Elaine Duke became Secretary of Homeland Security?
5a77b0395542997042120ae1	Which star in the movie Hush was born April 20, 1949?
5a79c8fa5542994bb94570a1	What role did Veda Hlubinka-Cook have in the making of this 1997 video game that takes place on the Orient Express, days before the start of World War I?
5ae21937554299234fd043d3	Who is descended from William, 4th Lord Livingston and was a statesman from New York City?
5a7cdcbf55429907fabef04f	Which film came out first, Still Kicking: Six Artistic Women of Project Arts & Longevity or Time Bombs?
5ac51a055542994611c8b390	What is the name of one the ex-security officials that means The Institute?
5a78c7db55429974737f7882	Who played Selby Wall in the film that Charlize Theron won an Academy Award for?
5a82e25555429954d2e2ebbf	Which author dedicated a 1985 romance novel to the author who did in 2009 and wrote under the pen name Gwyneth Moore?
5ab42b8955429942dd415ea6	Iola is a city along the Neosho River in a region of Kansas that can be defined by Woddson County in the northwest, and what county in the northeast?
5a8db916554299441c6ba057	Padosan had a supporting actor who is known as a successful playback singer in what language?
5a79ca585542996c55b2dc71	Who starred in the film The Human Factor in 1979, alongside fellow English actors Richard Attenborough and Derek Jacobi?
5abd6cb955429933744ab7cd	The creature HNoMS Draug is named after comes from what kind of mythology?
5a7642f7554299109176e6e8	who is younger Ulrich Walter or  Luca Parmitano?
5a88a42f554299206df2b317	What literary style describes the 1968 book that features a 1939 international Harvester school bus?
5a8c90db554299653c1aa0bf	Is the building located at 200 West Street taller than the one at 888 7th Avenue?
5a763986554299109176e6bd	who was born first Pierre Womé or Christian Poulsen ?
5a7cc0d4554299452d57ba07	Where is the company owning Reliance Cricket Stadium ranked on the Fortune Global 500 list as of 2016
5a86113355429960ec39b618	Who had the lowest vocal range in Cosmos?
5a722fae55429971e9dc9343	What is the name of the daughter of the Irish entertainer in the girl band Maxi, Dick and Twink?
5a7af4cd55429931da12c9a6	Beena Sarwar is the editor of a peace initiative sponsored by a newpaper based in what city?
5a7d9bc65542990b8f5039cb	A wide receiver for the Toronto Argonauts played college football for a team that represents the University of Oklahoma, which belongs to what conference?
5adbd70c55429947ff173843	What is the title of the memoir written by the honoree of the Black and White Ball?
5a7e04b05542995f4f40238a	Macclesfield Town F.C. plays in the league sponsored by whom?
5a90b6985542990a984936c2	The film "Arthur Newman" stars Colin Firth and an actress that made her professional debut in what play?
5ae164685542997b2ef7d1cb	Who was the lead character designer on "Pepper Ann", and the creator of Cartoon Network's 13th "Cartoon Cartoons"?
5a86fde6554299211dda2b7f	Pramod Bhasin was the former CEO of a company that provided what kind of services?
5a802e135542992bc0c4a6c7	Blue Dwarf is what type of online text-based role-playing game?
5ac31456554299741d48a1b4	Which band has more members, Lawson or American Music Club?
5ae0a6ea5542993d6555ebe9	Are Waste Land and Shikashika both types of drinks?
5a872e8e5542991e7718170c	Daniel Greene has created what for clients including sportscaster Bryant Gumbel, Eleanor Roosevelt, William Randolph Hearst and Dave Thomas, the founder of Wendy's?
5a7265825542997f827839a3	What Olympic medal did the opponent of Crawford Ashley for the World Boxing Association (WBA) World super middleweight title win in 1984?
5abe2b0155429976d4830a83	Max Hoffmann along with Hindenburg and Ludendorff, masterminded the devastating defeat of the Russian armies in a battle fought when ?
5ae135fb55429920d523431f	Scott Workman was an American stuntman and actor credited with a successful show on what smaller TV Network?
5a8f0a01554299458435d539	Telos was an album by a band who formed in what city?
5ab40e1c5542996a3a969f00	Lawerence Turman had produced a film, with a character named "Johnny 5" that had a follow up sequel released in what year?
5ab28c89554299340b525513	What rank was higher than Karl Hermann Frank's rank until April 1942?
5a87e3d65542993e715abff8	Alfie Allen played Theon Greyjoy on which show?
5addfc425542997dc7907101	Force India VJM10 is a Formula One racing car previous driven by Nico Hülkenberg, and is now driven by which driver born 17 September 1996?
5ab576dc5542997d4ad1f13d	Radha Jayalakshmi and the Priya sisters were both duo's in what music style?
5a8d8eb5554299068b959d3a	Which opera has more acts, Parsifal or Manon by Massenet?
5ac5101455429924173fb592	What is the name of the number-one single featuring the winner of Celebrity Apprentice 3?
5ab91f98554299753720f70d	What song by the American rapper Coolio is on his greatest hits album "Fantiastic Voyage" and samples from a Stevie Wonder song?
5ae6371155429929b0807af1	Which of the music composed for Operation Amsterdam originated in the middle of the 19th century in Bohemia, now part of the Czech Republic?
5ac1bff05542994ab5c67dfc	Who was the eldest brother of the Mexican drug trafficker born 12 March 1952?
5a7c2f145542996dd594b8b4	The actress who made her film debut in Friday Night Lights also starred in a 2014 French-American crime-thriller directed by whi?
5a81e4e8554299676cceb140	In which University is Richard Williams' former assistant a member of the Athletics Hall of Fame?
5a83041355429966c78a6ae8	Both Ralph Bakshi and Béla Gaál had what roll in film making?
5ab7fa7b5542992aa3b8c897	What type of music were vocalists Billie Joe Armstrong and Frank Iero involved with?
5a8cee9b554299441c6b9f87	Haier has North American rights to which appliance company headquartered in Louisville, Kentucky?
5ab67bf255429954757d32f5	PISCES was developed by the company that is headquartered in what city?
5a77d65055429949eeb29f7b	How many species of Hawaiian hibiscus do not have white flowers?
5a7f3f7c55429934daa2fd45	Which band has more members, The Futureheads or Marcy Playground?
5ade811e5542992fa25da7a0	Marvel Classics Comics specialized in adaptations of literary classics, such as a novel by American writer Herman Melville, that was published in what year?
5a7633ff5542994ccc918712	When was the Chief Aerodynamicist for the British supersonic land vehicle, whose goal is to match or exceed 1000 mph achieving a new world land speed record, born?
5a88a1475542997e5c09a646	Which genus has more species, Salvia or Arachis?
5a8887a055429938390d3f72	Which reservation is located in Hill and Chouteau and named after the principal leader of the Montana Chippewa-Cree?
5a86399e5542994775f60733	Jihad: A Story of the Others is a documentary by the director who is of what descent?
5a84c0765542991dd0999dd9	Who was the main vocal of "Set the Fire to the Third Bar"?
5adf17f95542995ec70e8f6c	In what country was the actor Chris Hemsworth, one of the stars in the motion picture Thor: The Dark World, born?
5a7f5ab65542995d8a8dde43	Cheek to cheek tour played shows at what place that is located on the Las Vegas strip that began their tour?
5a8cec13554299441c6b9f7d	Do the operas Vanessa and Le roi malgré lui contain that same number of acts?
5abce9ca554299114383a193	What was Terry Owen's son's profession after retiring from football?
5a7a1b845542990783324e5f	Where was the only European Cup Final in which Jupp Heynkes played held?
5a7363ec5542991f29ee2dd7	The USS Tortuga was named after the Dry Tortugas, a group of desert coral islets 60 miles west of which city with the motto "One Human Family"?
5a77321355429972597f1493	Which documentary was created first, The Agronomist or American Scary?
5ab5cd4f554299488d4d9a31	The producer of the Eric Church album "The Outsiders" was a member of what band in the 1980's?
5a83411655429966c78a6b5d	Who created the NBC sitcom that Johnny Pemberton appears in as the character Bo Thompson?
5a8d50fb55429941ae14dfa2	The Bodie & Benton Railway was a narrow gauge common carrier railroad in California, from the Mono Mills to a terminus in a ghost town located how many miles away from Lake Tahoe ?
5ae80919554299540e5a56f6	Isabella Kelly was born at a ruined castle characterized as one of the most isolated fortifications in Britain by who?
5ab2b8fe5542991669774070	Which American car rental company is also a member of the Association of Car Rental Industry Sytems Standards?
5a8d0efd5542994ba4e3dbc6	The competition Lev Oborin won in 1927 is held in what city?
5a7125b95542994082a3e5d5	Which town has a greater population as of the 2010 census, Minden, Nevada or Gardnerville, Nevada?
5a8a6a2155429930ff3c0dd0	Which tennis player is from a country closer to Canada, Ken Flach or Lucie Šafářová?
5ae834e95542997ec272776a	What song written by Jimmy Webb inspired the name of a supergroup including Johnny Cash?
5a7ab51055429927d897bef6	What year was the author of Cock and Bull born?
5ae250b45542996483e64977	What job did Newt Gingrich have prior to producing Nine Days that Changed the World?
5a733c925542991f9a20c6b7	The Polar Bear and Daiquiri are both examples of what?
5a7e5ec25542991319bc947a	Which tennis player is younger, John Newcombe or Květa Peschke?
5adbf2805542994650320c15	when does the role William Vere Reeve King-Fane change?
5a845e9055429933447460ec	Which team does the player named 2015 Diamond Head Classic's MVP play for?
5a820c0c554299676cceb1fc	What is the name of the company that wholly owns the Value Alliance airline whose head office is within Terminal 2 of Narita International Airport?
5a88bd1d554299206df2b357	When did the character on Grey's Anatomy, played by the same actor who portrayed Rev James Lawson in "Lee Daniel's The Butler", debut?
5a79332555429907847277e7	Who died first, Bryce Courtenay or Juan Carlos Onetti?
5abd516a5542992ac4f3825c	What religion is the composer for India's first science fiction film series?
5add26075542994ed6169c9c	What public radio network in New York has allowed Eric Plakun to dis his psychiatric work?
5a901f735542990a98493591	The third emperor in the Year of the Four Emperors had how many wives?
5ab840e255429934fafe6d3b	Hudson Austin formed a military government with himself as chairman to rule Grenada, after the killing of a Grenadian politician who was the leader of what movement that was an effort in the areas of socio-economic development, education, and black liberation?
5ac3d4b6554299204fd21e93	Which magazine is focused more on the adult demographic, Jack and Jill or Paper?
5a73b2cb55429908901be31a	The members of the von Trapp musical group are related to which woman who wrote "The Story of the Trapp Family Singers"?
5ac29cf8554299218029dac2	Who is the American actress performed "Take On The World" with Sabrina Carpenter?
5ae686535542996d980e7bdc	The Black Belly of the Tarantula starred an actress who married what former member of the Beatles?
5a8aa1685542992d82986f32	What dance academy did the starring actress from The Glory of Tang Dynasty graduate from?
5a7d7deb5542995f4f402282	What band member that released "Darkhorse" gave the vocals to "Starry Eyed Surprise"?
5a8c622a554299240d9c2142	The Birthday of the World: and Other Stories was written by what fantasy and sci-fi author?
5a7b81715542997c3ec971d4	The author of the "The Dagger and the Coin" fantasy series was nominated for what award in 2017?
5ae0c29c5542993d6555ec46	What was the profession of the one who wrote a song on a 2005 album he collaborated on with Marc Predka?
5a7c290c5542990527d55468	Lawton–Fort Sill Regional Airport, a charter base for value airline Allegiant Air, is situated in which U.S. state?
5a876f785542993e715abf42	Which person, William Blake Herron or John Carpenter, held more diverse roles in the movie industry?
5ae1e6d95542997283cd22c3	Keanu is a 2016 American action comedy film directed by Peter Atencio and written by who?
5ae10df355429920d52342ac	Where was the host of Australia's Got Talent born?
5ae4d8475542993aec5ec0e0	Repertoire of Plácido Domingo appeared in an opera written by whom which was based on a play by William Shakespeare?
5ab94cf0554299743d22eade	Naval Air Station Ellyson Field was an auxiliary facility to the air station in which community?
5ae479745542996836b02cb1	What is the name of the movie that stars Katrina Bowden and was directed by Sean Anders?
5a852cd05542997b5ce3ffb0	The birthplace of George McCall Theal is a port city of what bay?
5a8babf05542996e8ac8899e	Whose native growing land is more south, Beech or Daviesia?
5a82fcbd55429954d2e2ebe8	Russia Soviet pianist, composer and teacher, Tatiana Nikolayeva taught what Polish pianist and music educator?
5a77c60255429967ab105285	What theory was advanced by the author of Progress in Optics?
5adf39ce5542995534e8c76d	What did Karan Kapoor's maternal grandfather deliver?
5ae694a15542991bbc976141	Why is Minister Pool important to Black Country and the West Midlands in England?
5ae13bca55429901ffe4ae17	Which American singer-songwriter toured with J.P. Doherty in 2007 on Cyndi Lauper's True Colors tour?
5a8a265b5542992d82986ecc	Between Frederick King Keller and Ian Schneider, which filmmaker had more diverse job experiences?
5a77121a5542994aec3b71db	Which 1970's film was released first, Charley and the Angel or The Boatniks?
5ae6911955429908198fa626	M.F.A. starred the actress known for starring in what E! reality series?
5ae53de455429908b6326599	The creek of which Paradise Creek is a tributary is a tributary of what river?
5a813b6f55429903bc27b951	What tribe was the Megaoryzomys curioi previously in that Nesoryzomys are also in?
5a84b4005542991dd0999d99	When did the Disney sitcom in which Genevieve Knight "G" Hannelius starred as Avery Jennings end?
5a8cca64554299653c1aa125	who were James Hill and John Vereker, 6th Viscount Gort officers for?
5ab8ed305542991b5579f046	Keene is an unincorporated community in Wabaunsee County, Kansas, in what federal republic composed of 50 states?
5ae0b2f25542993d6555ec1c	What food does one of Daniel Greene's subjects' restaurant chain specialize in?
5ae207a65542994d89d5b317	In which genus number of species are more, Lavatera or Oplismenus?
5a75383a5542996c70cfaeb3	Who was born first, Ulf Merbold or Mirosław Hermaszewski?
5ae3fd2c5542995dadf2428f	Are Ian Brown and Dee Snider both actors?
5abffd10554299012d1db556	What Italian region does Slinzega come from?
5a8f812755429918e830d245	What was Robert M. Fomon's connection to the New York Stock Exchange located at 11 Wall Street, Lower Manhattan, New York City, New York?
5ae520315542993aec5ec152	Liz Rose has co-written songs with which artist including "White Horse" and "You Belong with Me"?
5a7631cd5542994ccc91870c	Where is the seminar Jeanne Marie Beaumont directed in 2007-2010 located?
5ac26eed55429951e9e685bf	where is the  a county where  Purcell can be found located
5a7e37095542995ed0d166d5	Which film director is younger, Robert Z. Leonard or Sinclair Hill?
5adf72d35542992d7e9f9369	Are William Kronick and Jon Turteltaub both television writers ?
5a876b265542993e715abf33	Who was a more acclaimed guitarist Stephen Christian or Joe Gooch?
5a77ddb855429967ab1052d8	The True Colors World Tour was by what artist whose debut album was "She's So Unusual"?
5adcc3ed5542994d58a2f6c4	What group did Carlene LeFevre and Rich LeFevre form in Brooklyn, New York City?
5a76f5b155429972597f1400	What American composer born in 1937 pioneered minimal music?
5ae2c696554299495565db32	What political office was held by two successive occupants of the same castle located in Lauderdale, Scotland?
5a875154554299211dda2be7	Who founded the honky tonk that is at the center  of John Travolta's  third major acting role?
5a84cf175542992a431d1aa2	Which band has more constant members, Lilys or Ratatat?
5ae675245542991bbc9760dc	What is the name of the father of Childericus?
5a80b0565542996402f6a5f0	Which band was formed first, Lit or Adorable?
5adde3a45542997545bbbdc2	Are both Delmer Daves and Jean-Pierre Jeunet film directors?
5ac26b7f55429951e9e685ae	who influenced the electronic dance music who  made  Scotch Hausen album
5adf39295542992d7e9f92df	Which genus has more species, Apium or Elodea?
5abc19705542993a06baf86e	Black Book starred the actress and writer of what heritage?
5ae6914755429908198fa627	Brian Olsen was the lst WEC heavyweight champion before the promotion company founded in what month purchased the organization?
5adc9b7a5542994d58a2f679	Shani Gandi has worked with Kelsea Ballerini in what country?
5a721dfd55429971e9dc928b	Which of Kylian Hazard's older brothers plays for the German Bundesliga club Borussia Mönchengladbach and the Belgium national team.
5a8b50475542997f31a41cd4	Wing Chun starred Michelle Yeoh and a Hong Kong actor, martial artist, and film director who won what tournament multiple times?
5a860aa6554299211dda2a45	Which publication publishes more frequently, Utne Reader or The New York Enterprise Report?
5ae4585c5542996836b02c89	Which band has more members Band of Skulls or Live ?
5adfcb5455429906c02daa48	What character in "Father Ted" was played by an actor who starred in Death in Paradise?
5a77a41a5542997042120ab9	What year did Christopher Nolan's magic-themed drama come out?
5a8759395542994775f607e0	Who is older between the brothers that J. Todd Anderson has primarily worked with?
5a84992e5542992a431d1a6d	Who owns the hotel where the 13th Anniversary Show took place?
5ac1bce45542994ab5c67def	Are Pothos and Tibouchina Aubl both flowering genus of plants?
5ac0641f554299294b218fbe	Immanuel Lutheran School is affiliated with the denomination that has how many members?
5a87954f5542996e4f308856	Which genus has more species, Bactris and Epigaea?
5a8bc03d5542996e8ac88a0b	What was the code name of The landing barge primarily used to provide hot meals to the landing crew?
5ab8869155429916710eb081	Electronic Attack Squadron 138 is a type of which American carrier-based electronic warfare aircraft, a specialized version of the two-seat F/A-18F Super Hornet?
5adde17f5542992200553b87	For which NBA team did the MVP of the 2013 McDonald's All-American Boys Game play?
5a776ac75542993569682d9b	Who was elected more times, Daniel Patrick Moynihan or Dennis Kux?
5ae70ed7554299572ea546a1	Victor Varnada directed Twisted Fortune, which starred which brother of Eddie Murphy?
5ae1fbf05542997f29b3c1e7	When was the American automobile club which has 2014 Trans-Am Series as the 46th running of the Sports formed?
5ac1c9a15542994ab5c67e1c	What is the population of the city in which the first edition of the South American Youth Olympic Games were held?
5a77c8905542995d831812ce	Who constructed Auburn the Antebellum mansion and was accused of the Manhattan Well Murder?
5a89f68f5542992e4fca84b6	What kind of person of authority does Governor of Sheerness and Stapleton Cotton, 1st Viscount Combermere have in common?
5a7f62405542992e7d278cf0	What was the name of the publisher who published "Finnegans Wake" in 1939 by James Joyce
5a7ca4485542990527d554f1	What was the address of the penitentiary where Jimmy Elliot was sentenced?
5a8347d65542996488c2e3f6	in the 2004 Hockey film produced by a former major league baseball pitcher who played the USA coach?
5ab8634e5542990e739ec8de	In regards to Value premium an expert argued that no value premium exisits, what did this expert found?
5ab85e9e55429934fafe6d8b	What is the founding year of this public research university in the Netherlands, where Jan Borgman was a professor from 1968 to 1988?
5a79c9c05542994bb94570a5	This man who was born on April 25th, 1947, was a member of this lower house of the Hawaii State Legislature.
5a8c616f5542995e66a475de	Which road borders both Pacific Mall and Splendid China Mall ?
5ab90fdd55429916710eb0fc	Wheelock Whitney is just one member of the Whitney Family. Where did this American family originate from?
5abe7f695542993f32c2a12d	What is the focus of the movie in which Nolan North played the role of Superboy?
5abeb0da5542997ec76fd34b	Were both Monkey Kingdom and Anaganaga O Dheerudu connected with Disney?
5a7521c55542993748c897c6	Temagami-Lorrain Mine and Burwash Mine were both mines created during the early 1900s; which one yielded a 16-ton bulk sample of gold ore in 1935?
5adfda5255429942ec259b5e	What county in Minnesota holds a 202 lb slab of greywacke covered in runes?
5abaeda95542992ccd8e7e5d	What is the fictional name of the mall in the movie "Back to the Future" which was filmed at the headquarters of EverTrust Bank?
5ae68e0055429908198fa607	Tamanchey is a comedy film that starred the actress who works in what type of films?
5a7577785542992d0ec05fa0	The Northern Chamber Orchestra gives concerts at what estate owned by the National Trust?
5a7d147955429909bec76942	Which star of "Chalet Girl" also appeared in "The Treasure Seekers"?
5a83a2a15542993344746063	In regards to the high school that forced Manchester High School to change its name in 1922, when was its first graduating class?
5ac079e9554299294b218fff	What organization does Rosyth Dockyard and Queen Elizabeth-class aircraft carrier have in common?
5adca8375542990d50227cd4	What year was the song that some critics compared to "Fading" released?
5add4f3a5542997545bbbd2c	What is another name for the LRA featured in A Brilliant Genocide?
5ae26cb15542994d89d5b421	Charlie McDermott plays Axl Heck on a tv show that premiered in what date?
5a73cad5554299623ed4ac5e	What Dances with the Wolves star had a role in Powwow Highway?
5ae0d5335542990adbacf674	Who created the show that featured Triumph the Insult Comic Dog?
5ab344fc55429969a97a811e	Do Bloody Mary and Sidecar share any ingredients in common?
5ae1319c55429920d5234301	The tap dancing soloist in My Feet Keep Dancing also starred in what 1935 MGM musical?
5abee41a5542993fe9a41d79	What type of auto racing, performed on clay or dirt surfaced oval tracks, is run for the Australian Street Stock Championship?
5a7daad55542995f4f4022b7	What year was the namesake of a small island in the Town of East Hampton born?
5a8ff6635542995651fb5086	Who currently has more store locations? Bearno's or Patxi's Chicago Pizza?
5ae3c0cc5542992f92d82369	Peter Marc Jacobson is best known as the co-creator of the popular sitcom "The Nanny", which he created and wrote with his then wife an actress born in which year ?
5a8485fa5542992a431d1a41	Who was the brother of the architect of Hook and Ladder No. 4 located in Albany, NY?
5ae1389655429901ffe4ae05	Bethpage State Parkway begins with an interchange at which Long Island-based limited access highway?
5a7b73ad5542997c3ec9718c	1990 Film Lionheart stars this actor who is best known for what type of films?
5a7a68d25542996c55b2dd98	How is the namesake of The Mountbatten Institute related to Elizabeth II?
5ae2bb545542992decbdcd88	At what frequency the magazine publishes which ranked  Aditya Puri #24th in India's 50 Most powerful people of 2017 list?
5a8f47a55542997ba9cb3219	Which brand of canned cooked meat by Hormel Foods Corporation is used to make a popular snack and lunch food in Hawaii?
5ab1ebff5542993be8fa9882	Which plant genus has a longer common name, Myrtus or Eustoma?
5a7fd7305542992e7d278dc2	What films were the basis for "Family Guy" and the character of Peter Griffith?
5abb8aaf5542993f40c73b1c	In what city did Jennifer Paige Chambers appear with the creator of the characters Jiminy Glick and Ed Grimley?
5abba584554299642a094afa	How many yards did the nephew of Ivory Lee Brown get during his 2004 true freshman season?
5a804510554299485f5985af	Belle & Sebastian: The Adventure Continues is the sequel to the 2013 film "Belle and Sebastian", a French adventure film directed by who?
5abb11c15542992ccd8e7ef8	Selena Quintanilla-Pérez's assistant and head of her fan club will be eligible for parole on what date?
5ae376a35542990afbd1e163	Are Peter Balakian and James Der Derian both teachers?
5adc5b875542996e68525328	In which St. Louis Cardinal season did a player born in 1972 blow ten saves before undergoing season-ending hip surgery?
5ae6b6065542991bbc976168	Out of the actors who have played the role of Luc Deveraux in the Universal Soldier franchise, which actor has also starred in the movies Holby City, Doctor Strange, the Bourne Ultimatum and Zero Dark Thirty?
5a79d2fe5542994f819ef0c3	Who was born first, Aleksandr Ivanovsky or Arthur Lubin?
5ab38cdd5542992ade7c6de2	Liverpool nurse Mimi Smith was the aunt and guardian of which one of the city's most famous sons?
5ae73d235542991e8301cc29	What production company co-owned by Kevin Loader and Rodger Michell produced My Cousin Rachel?
5a7a33205542996a35c1712f	Out of two American colonies that had a series of skirmishes and raids between 1701 and 1765 at the disputed border, which British proprietary colony became a royal colony on the northeast coast of North America?
5a799dfb5542994bb9457029	Former race car driver Jeff Wood made his CART debut at which 1983 Nissan/Datsun-sponsored race?
5a71095e5542994082a3e4f3	What is the name of Bruce Willis's character in Unbreakable?
5aba77be55429955dce3ee44	How many degrees and minutes south of the equator are the bone fragments of the extinct Ascension night heron found?
5a8af94455429971feec45b6	Jon S. Cardin is the nephew of a senator who has been in office since when ?
5abcedb355429959677d6b4f	Chris Jones is a semi-professional footballer, who played with what goalkeeper for Derby County when he was with Yorkshire?
5a713dcb5542994082a3e6d9	What pursuit did both Gevork Minaskanian and George Stambolian have in common?
5ae383e15542992f92d822fb	Which film is newer, The Apple Dumpling Gang or Heavyweights?
5a85df525542994c784ddb9f	What former president of ABC television is a high ranking officer in the same company as Christine Mccarthy?
5a9030ef5542995651fb50e4	Show Her is a song written by a country music artist who is also a former player of what sport?
5a8a2d2155429930ff3c0cdc	House of Many Ways is a young adult fantasy novel set in the same world as a novel that was adapted as an animated film of the same name and nominated for what?
5a88fa9e5542993b751ca8de	What NFL team did the 2017 ESPN College Football Friday Primetime host who played at Oklahoma in college play for?
5ae7882b554299540e5a55dd	What relationship does Fred Gehrke have to the 23rd overall pick in the 2010 Major League Baseball Draft?
5a81dacc55429926c1cdada0	Who is the author of the play that was adapted into a film and featured the orchestral arrangement Suite from Henry V?
5ab322b1554299194fa93570	Which type of character is featured by the P.L. Travers's third book and last novel in the "Mary Poppins" series?
5a8a764555429930ff3c0de1	What distinction about his birth makes the contemporary of Bill Pollack unique as a winner of the Formula One World Drivers' Championship?
5a8d93bf554299068b959d46	Are both Yangzhou and Jiangyan District considered coastal cities?
5abf04ae5542993fe9a41dbf	What musical action does Ndebele music and Musical bow have in common?
5ab55b0c554299488d4d995e	Billy Preston is an American college basketball player for a team that competes in what?
5ae4a1875542995ad6573dd2	Nicolau Colaco played as a defender in the men's professional league sponsored by which company?
5abae3205542996cc5e49edc	What award did the writer of Never Let Me Go novel win in 1989?
5ab5a4555542997d4ad1f19c	The Cineplex Odeon Theatres are now operated as which American movie theater chain majority-owned by Chinese conglomerate Dalian Wanda Group?
5abbd85a5542993f40c73be1	Who was involved in the arrest of Dread Pirate Roberts?
5abe731255429965af743f0e	What profession does Matt Thiessen and George Thorogood have in common?
5a77bef05542992a6e59dfaf	Dr Jan Schneider ran for United States Congress in Florid but lost twice to which Republican politician?
5a9064d05542990a9849360f	What actor's debut film also starred an actor who received four National Film Awards and eight Filmfare Awards, as well as an Academy Award nomination?
5a8c30f6554299240d9c20d1	Were The Bomb and Rolling Papers released in the same year?
5ae5ffbb5542996de7b71ad4	Michaël Llodra of France, called "the best volleyer on tour", defeated Juan Martín del Potro a professional of what nationality?
5ae213de5542997283cd23b9	Are Parents and Madame Figaro published in the same country?
5a81cb2c5542990a1d231ec4	What award does Crystal Palace F.C. present, first won by John McCormick and most recently by Wilfried Zaha?
5a7605f85542994ccc91868d	Which battle lasted longer, Battle of Hürtgen Forest or Battle of Pusan Perimeter?
5ae07b0155429945ae95935d	Which novelist was German, David Guterson or Thomas Mann?
5abcf17655429959677d6b5c	Which school with which Gabriela Lemus has been affiliated is a member school of the Thurgood Marshall College Fund?
5ae1b1aa5542997283cd223f	What was the other Los Angeles team that the 1999 Clippers top draft pick played for and won two championships with?
5ab9587d55429970cfb8ea7e	About whose assassination is the French novel HHhH based?
5ab81cd955429916710eaff7	What kind of energy does a plasma weapon produce?
5a77a9df55429967ab10521c	What British novelist born in November 1898 wrote Surprised by Joy: The Shape of My Early Life?
5a85a2845542997175ce1fe1	Are both Aloinopsis and Eriogonum ice plants?
5a800ca555429969796c1bac	The "New York Times" bestselling book "The 50th Law" contains lessons and anecdotes from this historical figure who was a classical Greek (Athenian) philosopher who is known mainly through the writings of which philosopher?
5a73c958554299623ed4ac5c	What community is the team Isaac Gómez played midfielder for located?
5ae528ed5542993aec5ec16e	What is the name of the film directed by Alex Cox  adapted from a 1606 play starring Diana Quick as the Dutchess?
5a8aee2c55429970aeb70338	Are both George Duran and Ara Babajian famous chefs?
5ae7ef625542994a481bbe40	What is the name of this suburb within the Central Coast Council local government area, where Tessa, of Microwave Jenny, grew up?
5ae2cda55542992decbdcdb7	What "God Gave Me You" artist wrote the song "Imagine That" for Diamond Rio?
5a7af1a955429931da12c98f	Which Karakoram mountain is higher: Distaghil Sar or The Crown
5a8b017155429949d91db463	Which Nigerian footballer who plays as a forward for Shanghai Greenland Shenhua was one of eleven players to have played in the top divisions in Italy, Spain, England and Germany?
5abe535055429976d4830aea	Where is the transportation company that owns Talbot based in?
5ae3f2d25542995ad6573ccc	Firstar Center was the name for two buildings before the company changed its name to match which company based in Minneapolis?
5a74122f55429929fddd83da	What was the lead single from Boys Like Girls album on which frontman, Martin Johnson co-wrote a song with Taylor Swift? A: Love Drunk
5ae803915542994a481bbe80	What UAE stadium was the venue for the 2016 Pakistan Super League opening ceremony?
5a734e6d5542994cef4bc528	Which canal is located further North, Beaver and Erie Canal or the Dismal Swamp Canal?
5ae3bb0d5542992f92d82357	Which Russian figure skating coach was a former competitive ice dancer who competed with Olga Pershankova in 1993?
5a7624b85542992db947372c	When was the plaintiff in the 1892 Barbed Wire Patent Case born?
5a8091515542996402f6a563	Were Sound Team and Dead by Sunrise both formed before 2010?
5a7a1b165542996c55b2dd10	Who was born first, Connie Willis or Margaret Landon?
5ac38bf355429939154137ba	William McGrath was a loyalist from Northern Ireland, and was known for opposing what?
5a7502715542996c70cfae74	Which Sudanese-born Australian professional basketball player for the Milwaukee Bucks exemplifies that players do not have to play at least a year in college basketball before being drafted into the NBA?
5a724ba25542990c210a40c7	What is the English translation of the social group which Baran Khan Kudezai was a part of?
5abd0b6b5542996e802b46b4	Finally includes the song that peaked at what on the US Hot 100
5ac00f795542996f0d89cb16	The Disney version of Ebenezer Scrooge was voiced by whom?
5ac3af895542995ef918c1f0	Janne Kyttanen has had work exhibited at which modern art museum in Amsterdam?
5ac3bab155429939154138fb	The House of Hanover held the British throne until after Victoria's death, when it was past to the dynasty that ruled which duchy?
5ab1f13e554299449642c81c	The documentary about the first direct challenge to teaching intelligent design first aired on what station?
5a7652435542992d0ec060a5	Who was the first Russian composer to make a lasting impression internationally, Alessandro Scarlatti or Pyotr Ilyich Tchaikovsky?
5ade881f5542992fa25da7af	Heinrich Scholz was a peer of what English computer scientist, mathematician, logician, cryptanalyst, philosopher and theoretical biologist?
5a83e98e5542992ef85e2387	What ethnicity is this American professional baseball right fielder born in 1987 play, who graduated from Nova Southeastern University?
5a7b60605542995eb53be931	What is the year of the event which orrurred first, Beecher's Handmade Cheese was founded, or Pike Place Market opened?
5a8df1a65542995085b3735f	Rossiya Airlines in located in the largest what on earth?
5a7e0c045542995f4f4023c5	Who was born first Doug Liman or Saul Metzstein?
5a81711455429938b614233e	Are both "Cooking Light" and "Vibe" magazines?
5ac275f155429921a00aaf82	what did the second largest city by population in vietnam also serve as in the first indochina war?
5a7ed5af5542994959419a84	Which band has more members, Kitchens of Distinction or Royal Blood?
5a83ed9b55429933447460b8	Cistus and Stapelianthus are both forms of what?
5ae648b955429929b0807b1d	The physicist who is responsible for identifying the Rabi cycle won what award?
5a8f24cc55429924144829e7	Andrei Ivanovich Gorchakov commanded the 1st Infanty Corps in what major engagement of the Napoleonic Wars?
5addda9b5542992200553b5b	What was the island, on which Marinelli Glacier is located, formerly known as?
5a77c4fe55429967ab10527b	What is it called when a piece of media is altered from its original state like when Bubba Sparxxx was featured in the song Oops?
5adce36e5542990d50227d55	Vivian Pinn taught at which college founded in Massachusetts in 1852?
5a8f155e554299458435d54c	The Kellock-Taschereau Commission was appointed by a prime minister who served how long in office?
5ac532335542994611c8b41c	Howard Van Doren Shaw was the designer of which 1917 Progressive Era community?
5a77ba6c55429967ab10524c	When was the director of an American short slasher film with French-speaking serial killers that was released on October 31, 2011 born?
5ac3b0885542995ef918c1f8	An Cat Dubh / Into the Heart is a song from the U2 album released on what date?
5ab6006a554299110f2199b5	Which writer and director does Kym Barrett collaborate with?
5ab53ad6554299488d4d9917	The Ameican Jazz saxophonist nicked named the "Hawk", once played with what musician who died in 2009 and once played with Johnny Carson during Carson's residency?
5a844fd35542990548d0b274	What occupation did Nicholas Christopher and Roger Ebert share?
5ab2d1c45542992953946877	As an American producer of canned soups and related products based in Camden, New Jersey, what company handles the broth business of the Swanson brand?
5a71674f5542994082a3e819	When was the magazine Sam Duckworth got his name Get Cape. Wear Cape. Fly from launched?
5a8f38fa55429924144829f5	What kind of species on the Indonesian island of java might participate in a Rampokan.
5a7a651b5542990783324f40	What writer worked on both The Ice Cream Man and and a 2007 fantasy comedy loosely based on a Donald Henkel poem?
5a76a0005542993569682c64	Which American film director is an advisor for Disney, Rick Ray or John Lasseter?
5a8747915542994775f607bb	Which three-time Olivier Award winning English actress starred in the 1981 BBC television serial, Sons and Lovers?
5ae66b055542995703ce8b61	What kind of comedian was Michael Mclntyre's father?
5ab5dc44554299494045f089	What created the terrirtories of Kansas and Nebraska and was combated by the The Republican Party?
5ae0d9c555429924de1b719a	Van Andel Institute was founded in part by what American businessman, who was best known as co-founder of the Amway Corporation?
5a7ec95b55429934daa2fc67	Were Gregory La Cava and Mike Judge both actors?
5ac4ec9955429924173fb4da	What genre was the movie that Austin Nichols was in with Kirsten Dunst?
5ac097b05542996f0d89cc18	Are Ruggero Deodato from Italy, and Mexican Alejandro Springall, both film directors?
5ac270025542990b17b15390	How many venues was in the complex at which Night of Joy was held?
5a863d2d5542991e771815d2	Which utility holding company did Alfred A. Marcus work as a consultant?
5ab1e76c554299449642c800	Which of the three worst hotel fires in modern US History occurred most recently?
5a8a9bc15542996c9b8d5f36	What forim is Nicholas Dante most famous for writing in, musical, such as "A Chorus Line", or epic verse like "Inferno"?
5a84f5195542994c784dda9d	What is the current position held by the Nathan Sharansky's co-author of the book The Case for Democracy?
5a8b515e55429971feec46bb	Which Western action-adventure video game by Rockstar did Tyler Bunch act for?
5ab44ab25542991779162c58	What are both Camel Up and Outrage!?
5ab701395542991d3222373a	What  unincorporated town along the Amargosa River is near the Sarcobatus Flat?
5ae5305b5542990ba0bbb1f5	When would be the professional wrestling video game release in which Mark Henry will appear as "legend"?
5ae0b60655429945ae959437	Glaramara is a fell in the English Lake District in Cumbria that stretches from Stonethwaite which is a part of a valley and civil parrish in what Borough?
5a8fc0065542997ba9cb3318	Me and You and Everyone We Know was directed by an artist who also directed what 2011 film?
5ac036b95542992a796deccd	From where was the award which has Matt James as a winner in 2012 has its name derived?
5ac1a2f755429964131be258	"Big for Your Boots" is a song by an English grime and hip hop artist whose most  successful song to date is what?
5ac41379554299204fd21ef1	Do Czesław Miłosz and Nathalie Sarraute have the same nationality?
5ac2ba4855429921a00ab048	which Norwegian chess grandmaster was  Espen Agdestein his manager
5a7119f75542994082a3e58e	When was the composer of "Persian Surgery Dervishes" born?
5ac55c135542993e66e82345	Gorgoroth is a band based in which Norwegian county?
5ae7fde25542994a481bbe66	Which of the people that scored a goal for Arsenal in 2015 FA Cup Final was born on 16 March 1989?
5ac54ca45542993e66e822d5	What was the title of the debut studio album by Weezer which contained the hit Buddy Holly and Undone – The Sweater Song?
5a8da1815542994ba4e3dcd7	Naseer & Shahab is a Pakistani band playing a genre that dominated radio in what decade?
5ae2075f5542994d89d5b315	What is Gary Cole's character based on?
5abe953b5542993f32c2a170	what is one of the stars of  The Newcomers known for
5abff0645542994516f45539	Are Wolfgang Becker and Paul Andrew Williams both film directors?
5a7199725542994082a3e88f	Which publication still relies on paper printing, Human Events or Texas Highways?
5abbd7985542992ccd8e7fb8	Thor Equities owns properties in Soho, which became known for what type of rental properties?
5a80ae105542992bc0c4a7a2	What occupation is shared by both Marge Piercy and Richard Aldington?
5ab9cfb455429970cfb8ebae	Are Über Goober and American Jobs both documentaries about gaming?
5ae4c01e55429913cc2044f3	Which Captain launched the attack which led to more casualties than any other incident in the war fought between the settlers of the nascent colony of New Netherland and the native Lenape population?
5ae7922f5542994a481bbdac	Where was the university at which  Barrie Ciliberti was a professor located?
5ac2f1d1554299218029dba4	What is in both the Lithocarpus and Duranta species?
5ac09da45542996f0d89cc1d	What is the main flavor of both soft drinks, Solo from Norway, and Sunkist?
5ab42d5755429942dd415eaf	"Lost!" is a song by a British rock band formed in what year?
5ae5d7b755429929b08079cd	What was the last date the creator of  the NOI was seen by Elijah Muhammad?
5a8198565542995ce29dcc13	Are Ranger Rick and Tennis both sports magazines?
5ac3271e554299218029dbd3	What team did Kenny Brown manage following the departure of Dean Holdsworth?
5a8baf775542996e8ac889c8	Signed with Maybach Music Group in 2011, which artist was featured as a guest in Fire of Zamani?
5abbdb195542993f40c73bf1	Which is larger, Garajonay National Park or Guadarrama National Park?
5ac46cb85542991943173987	What is the sister city of the city in which Benjamin Abram Bernstein was born?
5ab69e8755429954757d3334	Who is the album "Look What You Made Me Do" is on being released through?
5adfd22255429906c02daa4f	which actress was a notable practitioner at the white bear theatre and is also known for playing the role of melanie owen in the BBC one soap opera "eatenders"?
5add2b435542990d50227e11	Who will Billy Howle be seen opposite in the upcoming British drama film directed by Dominic Cooke?
5a8d0d7b55429941ae14df79	How many rooms does that largest single hotel within the United States that is owned by MGM Resorts International?
5a874e9b554299211dda2bd3	What did the second First Lady to be born outside the United States or areas that would become part of the United States do before marrying?
5a7c3178554299683c1c62e1	The Fast On-orbit Rapid Recording of Transient Events (FORTE) was co-developed and launched by this lab located a short distance northwest of Santa Fe, New Mexico that was involved with which nuclear weapon program during World War II?
5a8ee6145542990e94052bab	Who built the diesel railcars operated by the publicly owned corporation that provided suburban train, tram and bus services in Adelaide, South Australia starting in July 1994?
5a8b7e9c5542995d1e6f13c1	Psychopsis and Aubrieta are both genuses of which type of plants?
5ae020f5554299025d62a41b	The Little Missouri River rises west of a laccolithic butte that stands how many feet from summit to base?
5a7cc28f554299452d57ba1c	The 1996 AT&T Challenge was a tennis tournament played in a city that in 2017 ranked third on the "USA TODAY" list of what?
5a7e08305542995f4f4023ab	Who was born first Al-Karaji or Masatoshi Gündüz Ikeda?
5adf0ae45542992d7e9f9286	Where was the film set in which the daughter of Shashi Kapoor, along side Sarat Pujari and Navni Parihar, set?
5a82efe355429966c78a6aa1	Polk County Florida's second most populated city is home to which mall?
5a86204d5542994775f60709	The Extreme Centre: A Warning was a book by the activist who studied at which college?
5ab930655542991b5579f12a	Are both Dziga Vertov and Roger Donaldson are involved in the film industry?
5abc32cb55429959677d6a40	What vocalist and pianist was recorded by Modular Recordings?
5a8dee2455429917b4a5bce1	What other film did the star of 127 Hours act in?
5a75e7b255429976ec32bc95	Which games, Strange Synergy or Qwirkle,  is a card game published by Steve Jackson Games?
5a8c8502554299585d9e36d0	Who was appointed to the board of supervisors first, Jeff Sheehy or Ed Lee?
5ae3de615542992f92d823a5	The Human Condition is a film trilogy that follows a Japanese pacifist and socialist as he tries to survive in a political system that strives to regulate what?
5abee75f5542993fe9a41d8e	Channel 8 has broadcast which American sports series that premiered in 1973?
5a8f73455542997ba9cb3269	At which public research university founded in 1881 Ralph Fielding served as the head football coach?
5a7a9b9a5542990198eaf160	When was the Chinese American electronic musician and singer who collaborated on the album I Remember born?
5ab66b63554299110f219a0a	The Transylvanian Hound and Jack Russell Terrier were originally bred for what activity?
5ae457a95542996836b02c85	Who directed and wrote the 2016 film featuring the voice of Townsend Coleman?
5ac1c73e55429964131be28a	Faces is a mixtape that features guest appearances from an American rapper who released one album with Souf Folk called what?
5adef1b35542993a75d263af	which Mexican and American film actress is Ethel Houbiers  French voice of
5ab29956554299194fa9342d	The 1989 Batman film was produced by Jon Peters and a man that is the CEO of what company?
5a7b1d3b5542992d025e677a	What memorial park located at John J. Pershing Drive in North Omaha has, among other amenities, a baseball park?
5ac373195542995ef918c199	The Bay Plaza Shopping Center contains a store that headquartered where?
5a7e052d5542995f4f40238e	The Joggers are a four-piece band whose lead singer is the son of an American chemist who received the highest what?
5ac41850554299194317390b	Maha Kali is an EP by what band from Stromstad that was formed in 1989?
5a8c06bb5542995e66a47530	Darl Hall and John Oats fifth studio album was released in 1976, which song was the first of their six #1 singles?
5a8fc3b155429933b8a20454	In recent decades American schools have included much more on ncient times tens of thousands of years ago with the settlement of the Americas by who?
5ab94acd554299743d22eac6	What season did a Spanish rally driver won the 2000 World Rally Championship?
5ac1b1345542994ab5c67dd0	Sinch when has the rank held by Sir Charles Comyn Egertong been the highest in the British Army?
5ac3b04f55429939154138b7	Which railway is a part of Summerseat and also runs between Heywood and Rawtenstall?
5adf0cbd5542993a75d263e0	When was the English-born South Australian brewer whose brewery was amalgamated with W. K. Simms's West End Brewery. born
5ae3790f5542992e3233c415	Are Leopold Lummerstorfer and Valeria Sarmiento both authors?
5a7b820c5542997c3ec971d8	The William Ulmer Brewery is located in a neighborhood that is policed by who?
5a90b1a15542990a984936ab	Before going to the London School of Theology, John Burges spent six years working for a company headquartered in what country?
5a7cdc1b55429907fabef04d	Getting Married in Buffalo Jump stars an actor who was born in what city?
5a8e08d35542995085b37395	Anna Lewandowska is married to a footballer who plays for what club?
5a7a9a2255429941d65f26eb	Kang Sung-yeon played Prince Yeonsan in a film that runs for how many minutes ?
5a87ee7b55429938390d3eb6	What is the former name of the team that Tom Shearn was supposed to start for?
5a8ba92c554299240d9c2071	The Nantahala National Forest and the Croatan National Forest are both located in which state?
5a8b036d55429971feec45fe	Which is a record producer, Zach Bogosian or Daron Malakian?
5adfed45554299603e4183c5	What was the career that Sidney Lumet and Albert Ward share in common?
5adbf84555429947ff17387c	Are both Adolfo Bioy Casares and James Norman Hall Argentinian authors?
5ac2dfac554299657fa290b3	What multinational professional services firm, headquartered in London, England, is one of the "Big Four" accounting firms and is also a tenant in InfoPark, Kochi?
5ae0cddc55429945ae959459	National Firearms Agreement was in response to the Port Arthur massacre that killed how many people?
5abb02fe554299232ef4a39f	Anna Aglatova made her first public appearance at which Moscow theatre in 2005?
5ac43d575542997ea680ca39	Ravi Khote:has included his music in which 2003 Indian drama?
5a82817555429954d2e2eb5a	Which film does "Naked Weapon" follow in the "Naked" series?
5adce0f455429947343537bd	David Sinclair is a fictional character in "Numb3rs", a crime drama produced by what company headquartered in New York City and Los Angeles?
5ac21bac5542991316484bf2	What casino in Las Vegas which is now operated by MGM Resorts International was developed by William G. Bennett?
5a84fea85542994c784ddabf	What type of sport does Sergio Casal and Manuel Orantes have in common?
5ae7690c5542995703ce8c22	A former Australian rules football player who played with the Port Adelaide in the South Australian National Football League is the vice president of a video game company based where?
5a7e7c725542991319bc94be	In what year did Farda Amiga win a race at the Saratoga Race course?
5a70f39c5542994082a3e429	What is the name of the independent candidate in Maine's 2010 gubernatorial race who finished ahead of Libby Mitchell?
5a8332815542993344745fe9	Who founded the company that sponsors the CFL game of the week?
5adf227a5542992d7e9f92a6	Josephine de Reszke made her debut in what grand opera?
5ae6143f5542996de7b71b2d	What film did Lela Rochon based on a John Grisham novel?
5ae6368a5542992ae0d16284	When was the American patriot Hamilton, New York Wass named after born?
5ae759b25542991e8301cc6b	The 2015 Austrian thriller film Jack tells the story of a serial killer who died in what year?
5ac4d2cd5542995c82c4ad73	What NHL team drafted Kaspars Astasenko in 1999 and won the Stanley Cup in 2003-04?
5adf4b335542993a75d264a5	Paul DeBoy is known for an appearance in the Western action-adventure game developed by which company?
5a8b04df55429950cd6afc49	Pluto was the debut album of this artist who also performed on this live music venue that reopened in March 2015.
5ae7da705542993210983f96	What is the name of this New York based American investment management firm founded in 1982, whose co-CEO is Robert Mercer?
5a8ec4875542995a26add508	What county was Tom Hewitt born in?
5ae7d0675542994a481bbdf2	What language was spoken by the Native American people whose principal town was Anhaica?
5ab209ec554299722f9b4ca2	What video game character did the voice actress in the animated film Alpha and Omega voice?
5a7a4a1d5542990198eaf108	Of the two men who ousted Mussolini which one was born in 1871?
5a7ce6bf55429909bec7686c	Which Dutch footballer is featured on the song Wij zijn Ajax by Ajax and Friends?
5a732aa055429901807daf9f	What year did the largest convention center in the U.S. state of Georgia open?
5abec2ca5542997719eab5b9	Which canal began operating first, the Carondelet Canal or the Miami and Erie Canal?
5a7f3bcd55429930675136c3	"wild combination" was a film about a man who was an American cellist, composer, producer and singer, who is he?
5ab3e577554299233954ffe3	Jaroslav Seifert and John McGahern were both part of what shared profession?
5a90c8165542995651fb51ee	What uprising did Sean Heuston take part in and executed at Kilmainham Gaol for?
5ab27389554299722f9b4d2f	What is the name of the black belt in Brizilian Jiu Jitsu who trains extensively under striking coach Ray Bronx Longo in Garden City, New York?
5abe19895542991f661060c2	Liaocheng and Shayang County are both located in which country?
5ab3c05d55429969a97a81aa	How many times has the author of Negotiating with the Dead been shortlisted for the Booker Prize ?
5ab9ccef55429955dce3ed86	WHat dish is  Dacryopinax spathularia included in that is also sometimes called Luóhàn cài?
5a72c6565542992359bc31a7	What is the stage name of the former pornographic actress born in 1981 that co-hosted the 26th AVN Awards?
5a72908f5542994cef4bc33b	Which musician, Ciaran Gribbin or Brett Scallions, is a member of the post-grunge band Fuel?
5a73830d55429908901be2da	What actress starred in "The Golden Girls" and was an animal rights activist?
5a7982435542994bb945701f	What was the formal name of the building that housed the scene that formed the band Hjertestop?
5ae5c8cf554299546bf82f5f	Fiske O'Hara was born in what city Knox County, Maine, that had a population of 2,297 as of the 2010 census?
5ae0132d55429925eb1afc00	The Soul of Buddha is a 1918 American silent romance film shot in a borough  that is the western terminus of what?
5adf9d135542995534e8c817	Are Des Moines International Airport and Grand Canyon National Park Airport both major airline hubs?
5abbc2245542992ccd8e7f8a	In which part of Attica was the battle of Marathon in 490 BC fought?
5a83c56d5542996488c2e4c3	Which magazine, the British response to magazines such as "Playboy" and "Penthouse" did horror author Graham Masterton edit?
5ab870ed55429934fafe6db9	The Canadian Hot 100 is a music industry record chart in Canada for for a song that is released separately from what?
5abb76fa5542992ccd8e7f48	Who was the leading female star in "The Others" which marked the final film appearance of Renée Asherson in 2001?
5a7b55bc55429927d897bf98	How many assists did the Bosnian football player account for during the 2008–09 VfL Wolfsburg season?
5ae518ae5542993aec5ec13c	Were the documentaries  One Big Hapa Family and A Film Unfinished directed by the same person?
5ac1c18855429964131be279	In the CBS television sitcome Double Rush, Johnny Verona, manager of a bicycle delivery service in New York City was played by an actor of what nationality?
5ac199955542994ab5c67d8c	Jullian Allen a Brittish-American Illustrator had some of his Illustration published appear in Queen magazine. In 1970 the magazines name was changed to Harper's and Queen. What is the name of the magazine now ?
5ae27f22554299495565da8d	In what year was the mathematician husband of Anneli Cahn Lax born?
5ac2680055429963665199a8	What position did Ernest Newman hold at Her Majesty's Royal Palace and Fortress?
5ae351405542994393b9e67f	Jim Halsey guided the career of the musician who hosted what country variety show?
5ae1da385542997283cd2297	Which actresses appeared with the mother of Robert Lowery Hanks in the film "Little Women"?
5adc69ef554299438c868daf	Are Kalenderhane Mosque and Galata Bridge both located in Istanbul?
5a7a954855429941d65f26cd	What album did John Lennon release before the one that contained the song "How?"
5ab9ddaa5542994dbf019873	Brigadier Stanley James Ledger Hill was attached to the command post of which senior British Army officer born on July 10, 1886?
5abbdd565542993f40c73bfb	What is the airport code for the Vilnius Airport that ceased operations in 2015?
5a8b544855429950cd6afcae	Which animated film was released first, The Country Bears or The Wild?
5aba480c55429939ce03dc77	Where is the movie from that is directed by Raymond Yip and stars the winner of Miss Chinese International Pageant of 1988?
5a8518a75542994c784ddaf7	What type of structure does 277 Park Avenue and 126 Madison Avenue have in common?
5a81b43d5542995ce29dcc39	John Stoltenberg is the managing editor of the magazine that focuses on what?
5a79e3925542994bb9457130	Name three best sellers from Arthur Hailey that were released before Donna Tartt was born.
5adbf34955429947ff173862	Is Karjiang a mountain and Sherpi Kangri a mountain peak?
5ac5275755429924173fb617	Because Marc Shiller was born in Beunos Aires in 1957, but is a resident of the United States, what ethnic group does he belong to?
5a77519c55429972597f14fa	Which one the cast members in the film Only Lovers Left Alive also played in Othello?
5a7a05485542990783324def	Which song by Last One Picked appeared in a 2004 American teen musical comedy film directed by Sara Sugarman?
5ae3fd195542995dadf2428d	Are Jim Lindberg and Alison Moyet singers of the same nationality?
5ab3b2c4554299233954ff8a	Chapter 27 is a 2007 film depicting the murder of John Lennon by someone who remained at the crime scene after the murder reading what novel?
5a74f7f15542993748c89765	When was the father of Princess Mafalda of Savoy born ?
5abaad5855429901930fa88f	How many more singles titles did Kim Warwick win than Jorge Lozano?
5a770eb65542994aec3b71d4	What is the name of the 1999 film directed by Roman Polanski and starring his wife Emmanuelle Seigner that was a world-wide success but critically and commercially unsuccessful in North America?
5a7a845755429941d65f2684	Which film was released more recently, Make Mine Music or Old Dogs?
5ab42b24554299753aec5a43	Operation light house was an experiment by Wernher von Braun and another man born in what year?
5a8141cc55429938b6142316	Are both Cynthia Mort and George Archainbaud American?
5abdb8ba5542993f32c2a015	Maggie May is a musical based on a folk song about a prostitute who robbed whom?
5ab90f5755429934fafe6e57	The R241 road is in a county in what Republic?
5a8492ab5542992a431d1a5b	Which plane has seen more combat, the Northrop F-15 Reporter or the Northrop P-61 Black Widow?
5a83c3275542996488c2e4be	Which rivers have their confluence at the city Shelly Hruska is from?
5a8bde565542995d1e6f1454	Which airport Grand Forks International Airport or El Paso International Airport is closer to their town ?
5ac249bd55429951e9e68528	What flow of goods and services were managed and distributed by General Blood?
5a80f4c2554299260e20a1da	What is the nickname of the WWII battleship at the Fall River Heritage State Park?
5ae12fcf5542990adbacf72c	Astro Boy and The Secret of Kells share which genre of film?
5a898872554299669944a540	What was the name of Kalyanji Virji Shah's brother who won the Filmfare Award for Best Music Director?
5ade858a55429975fa854eea	What sport is played by both Justin Gimelstob and Angelique Kerber?
5a8f54165542992414482a52	The Meadowbrook State Parkway connects to the Southern State Parkway in a community with what population as of the 2010 census?
5a8b448255429971feec468c	Stephen Graham starred in a film in 2006, directed by whom?
5a8f18d555429918e830d189	What city is between Normanby le Wold and the A46 Junction between Lincoln and Grimsby?
5ae7308d5542991e8301cbb8	Which Roman Emperor was grandfather to the children of Mark Antony?
5ae305355542992decbdcdc2	What season three X Factor winner has worked with songwriter Ryan Tedder?
5a8530cc5542992a431d1aeb	The university which David R. Marchant was a member of in 1994 is located in what city?
5adc459255429944faac24ad	Which member of the research project conducted by the Creation Research Society and the Institute for Creation Research between 1997 and 2005 was Kevin R. Henke most critical of?
5a866fed554299211dda2b2e	Psycho-physical Awareness was developed into an original and dependable method by a Russian-American actor who was referred to by Konstantin Stanislavski as what?
5abeafbb5542997ec76fd347	Between the documentaries The Staten Island Catapult and Frida, en trotjänarinna which came first?
5ab6391755429953192ad2a7	The 1974 South African Grand Prix was a Formula One motor race held at a racing circuit located in which South African Province ?
5a7c68575542996dd594b91c	What was the sequel of the game that e was published by U.S. Gold in 1992?
5ac524e55542994611c8b3d0	Which number in the Final Fantasy series was created by Hiroyuki Ito and allows the player control of the artificial intelligence of the characters in battle?
5abed6905542990832d3a0ed	Leonard Stogel managed which rock singer known for his robe-and-turban outfit?
5a7bd791554299683c1c62c2	Howard Bilerman produced an album for which songwriter from Athens, Georgia?
5ae75a5a5542991bbc9761f3	"Heropanti" star Kriti Sanon appears in the remix video for a song from what Bollywood film?
5a7741775542994aec3b724f	What is the name of the character portrayed by Anna Camp in the film centered on the fictional Barden University and The Bellas?
5a80d2c6554299260e20a17c	British Airways and EasyJet are both based out of where?
5a8a1b7a5542992d82986ec0	Where did the father of Edward Garrison Walker live when he wrote "An Appeal to the Coloured Citizens of the World"?
5a8638945542994775f6072d	Are Sutera and Rhodotypos both types of shrub?
5adc2e3d554299438c868d6b	Jesús Dautt is a Mexican professional footballer who is on loan from a club founded on what date?
5ae5f3bb5542996de7b71a7e	Which star of The Human Stain was born in 1937?
5a85d25b5542996432c570ee	Which basketball club located in Alytus, Lithuania does Anatoly Kashirov play for?
5ab66fd355429954757d32b7	For which University did the quarterback featured on the cover of Madden NFL 06 play basketball ?
5a7153d05542994082a3e7dc	Which Istanbul mosque is unique for retaining a Baroque style of architecture, the Bayezid II Mosque or the Nusretiye Mosque?
5ae249925542994d89d5b3c1	Which player Richard Gasquet or Jim Pugh  has won more mixed double Grand Slam titles ?
5ac170af5542994d76dcce20	Which of the singers has more things to be known for, Greg Puciato or Syd Barrett?
5a80cddd554299260e20a169	Multiple award-winning actor Gary Sinise appeared in The Stand in 1994 - a miniseries based on a novel and screenplay by which noted author?
5a89ab1355429946c8d6e996	Is Carnegie Hall Tower located in the same city as Staten Island?
5a7319bc5542992359bc3235	Who lived longer, Leonid Khachiyan or Nikolai Lobachevsky?
5ae638865542992ae0d1628c	Who created the 2003 remake of the 1983 overhead view, vehicular combat game developed by Bally Midway?
5a72af155542992359bc316c	What movie included Robin Williams along with Joshua Aaron Charles, set in 1959 at a Vermont boarding school?
5abd09585542996e802b469b	What year did the musical premiere that was based on the 2007 Irish romantic musical film of the same name?
5a71214d5542994082a3e5b9	What production company was founded by George Balanchine to create a live stage version of the 1942 film Casablanca?
5a8a0cb75542992d82986e7d	How long is the tidal estuary in which Branford is a shoreline town?
5a79c7ac5542994bb9457097	How many girls and boys are in the seventeen sibling family featured on Counting On?
5abbc96755429931dba1452c	How many records had the team sold before performing "aint thinkin' 'bout you"?
5ade664555429939a52fe89c	WSCV's transmitter is located near this stadium located in which suburb?
5a8a06c35542992d82986e57	What was the name of Scottish singer-songwriter James Aaron Diamond's first solo album that debuted in 1985?
5ae2cbc9554299495565db36	Which character did Tamzin Outhwaite play first: Connie (on "Inside No. 9") or Melanie Owen ("EastEnders")?
5abf16965542993fe9a41dd3	Hamilton Evans "Tony" James is the COO and director of the largest alternative investment firm in what?
5ab7ccf455429928e1fe3910	What was the 2010 population of the town where Lake George Avenue Historic District is located?
5abd0b685542996583600501	Is the school where Aaron Parrett currently teaches English Literature public or private?
5a7fa08d55429969796c1af7	Were the board games, Clans and Drunter und Drüber, both created by Leo Colovini?
5a7306a655429901807daf67	Who is prime minister of this West African country that covers 36125km2?
5adce2ee5542992c1e3a2461	What city that Lettuce Lake Park is just outside of is the largest in Hillsborough County, Florida?
5ab4f7fc5542991779162d43	Kete Krachi is a town in what region?
5ae0d3da5542990adbacf66d	Which Prince of Bismarcks EMS dispatch incited France to declare the Franco-Prussian War in July 1870
5a81d19b55429926c1cdad90	Tryon D. Lewis is a lawyer from Odessa, Texas which is located in what county?
5ab4fd0b55429942dd415fbb	Mundo Perdido was influenced by an ancient Mesoamerican city located in a sub-valley of the Valley of Mexico, that is 40 km northeast of what modern day city?
5ae5d0b5554299546bf82f80	Which Disneyland attraction is Matterhorn Bobsleds roller coaster, an expanded version of
5a78e9d155429970f5fffdcc	Was Pepper Keenan or Rob Parissi born first?
5a8adc935542992d82986fb0	Which is headquarter farther south, Jet's Pizza or Chuck E. Cheese's?
5a8763475542996e4f3087c0	What championship did the person who substituted for Simon Pagenaud secure a contract to drive in 2017?
5a8c7232554299585d9e36a6	What is a Southern European island country that was home to an airline pilot who flew the CASA-212-200 Aviocar before retiring in 2008 for health reasons?
5ac156d05542994ab5c67ce9	Was Cars 2 released by the same company which used songs written by Lin-Manuel Miranda in another of its movies?
5adcc9f35542990d50227d20	Which US Supreme court case involved a waiver of right to counsel Planned Parenthood v. Casey or Montejo v. Louisiana?
5ae1d656554299234fd04322	Are Greater Swiss Mountain Dog and Harrier both dog breeds?
5ae788fa55429952e35ea964	The On Tour Forever album gave Blues Traveler the opportunity to display what musical trademark?
5adf39d45542992d7e9f92e5	Davy Crockett, King of the Wild Frontier:and Herbie Rides Again were both by which company?
5ab503db5542990594ba9cc8	What is the nationality of the most successful female ski racer ever?
5ae617285542996de7b71b4c	The Lady Craved Excitement was a film that featured the British character actor originally of what nationality?
5aba9e545542994dbf019986	Andrew Stanton co-directed which film which featured greedy grasshoppers?
5a8841195542994846c1ce65	Who produced the 1998 British comedy starring the director of the feature film "Eddie the Eagle"?
5a80b8845542992bc0c4a7de	In regards to the 2015 animation film based on The True Meaning of Smekday, who produced a song that was sung by a Barbadian?
5add92885542990dbb2f7e72	How did the chairman of the Luthuanian Union of Actors discribe the star of the film Redirected?
5a8b595855429949d91db563	In what year was the band, whose bassist joined Arvas in 1996, formed?
5a88e3cc5542997e5c09a6c2	What location is shared by both Great Neck School District and Saddle Rock Elementary School?
5ac294b955429921a00aafd0	Which magazine was created first, Macworld or Soaps In Depth?
5a75fa14554299109176e5dc	Which tournament, organised by the Professional Darts Corporation, is planned to finish at the multi-purpose indoor arena located in the centre of The O2 entertainment complex on the Greenwich Peninsula in south-east London?
5adf88995542993344016cd4	Which city is the home of the character that might be based on John Capozzi?
5ae0850055429945ae959396	Who was older, Andrew Preston or James Taylor?
5ae835f25542997ec272776f	Charles Barkley changed his jersey number to #32 in honor of a player born in which year ?
5a8d7a8d55429941ae14dfc2	Which company does Timothy Oulton retail his products through that is based in Corte Madera?
5a8555ea5542992a431d1b07	The movie that was the directorial debut of Jonathan Glazer included the musical piece Lujon. Which other movie that has the letter "B" in it also includes this piece?
5a7a8d15554299042af8f669	Toby Kebbell starred in a fantasy action film based on a video game series in 2016 notably set in teh world of what?
5a7bcbc8554299294a54aae2	Which school is named after a person, Sir Syed University of Engineering and Technology or Manhattan College?
5a84807d554299123d8c2278	What is the occupation of the father of the actor that plays Will Graham on teh series "Hannibal"?
5a7a030c5542996a35c17077	J.B. Scotts located on this 11 mile stretch in Albany New York and is also known by this name in Schenectady County?
5ae1388e5542997b2ef7d13a	Double Jeopardy is a 1999 film starring an American political activist best known for an ongoing acting career spanning how long?
5ae5a4e5554299546bf82f01	Which writer of "Rewrite This Story" are an American songwriting duo and composing team for musical theater, films, and television?
5a87c19a5542994846c1cde6	Which shore does the castle, which Sir James Montgomery, 4th Baronet is the tenth laird of, stand?
5a74af7e55429916b01641d2	Who was born first, Johan Leysen or George Clooney?
5a7c8ae855429935c91b5207	Which member of The New Russian School was both a doctor and a chemist besides being a composer?
5ab808b85542991d3222380d	Umi-a-Liloa inherited authority of a kind which is a belief in what?
5a7d158155429909bec76947	The star of "Lady in a Cage" was born in what year?
5abad70d5542996606241631	How high on the US "Billboard" Hot 100 chart did Dan Smith's song reach in 2013?
5a75092b55429916b0164242	What third film in a franchise did Camile Delamarre edit?
5ae7766455429952e35ea920	Geoffrey Rush, one of the stars in Intolerable Cruelty, is a known actor and film producer in what country?
5a840e395542992ef85e239d	Are both The Straight Story and Frozen films of the same genre?
5ac023045542996f0d89cb32	What did the main character of the Novel whose second sequel was published by Viking Adult go to college?
5ac0b6b15542996f0d89cc1e	What's the name for the character also known as Holger Danske, from medieval French chansons de geste?
5a7b24fe55429931da12c9f7	Which dog breed has more derivative breeds from the original, German Spitz or Norfolk Spaniel?
5abf8ae85542990832d3a14b	What empire was Aleksei Gen born into?
5a77e2095542995d8318131d	Who was person born in Sweden 1964 that founded Hidden City Entertainment in 2004?
5a775f615542993735360250	Which South Korean film about an affair between an attractive thirty-two-year-old woman and a youth just short of legal majority premiered at the 2005 Sundance Film Festival?
5ade15a45542997545bbbe46	Are both Upper Crust Pizzeria and Eatza Pizza restaurants?
5abf2e605542993fe9a41de4	In between Atsushi Ogata and Ralph Smart who graduated from Harvard College?
5ab5744e554299494045efdf	The third solo album by David Gates of Bread shares a name with a 1977 film directed by who?
5a7c6d98554299683c1c6304	What ABC television series was inspired by a 2011 film and cast Dominic Cooper as young Howard Stark?
5ab864945542990e739ec8e1	Substorm was described in qualitative terms by a scientist nominated for what seven times?
5adcb4ae5542994734353774	Which channel produced the ninth volume of the tv series that premiered as the same date as RuPaul's first album?
5a8675b1554299211dda2b44	Are Black and New Found Glory from the same country?
5ac11201554299294b21908c	What county is Ron Teachworth from?
5ae663b05542992ae0d16316	Edithvale railway station is located on a line that is situated in what city?
5a9057795542990a984935f7	What kind of game is The Park a spin-off of?
5a8d0e4e5542994ba4e3dbbf	Which former Republican won the presidential nomination at the 2012 United States Libertarian National Convention?
5ab4313a554299233955004c	Ælfgifu of Exeter and Ælfgifu of Shaftesbury are both known for being what?
5abaee665542992ccd8e7e5f	Who is the patron saint of Europe and has a historical religions building in Castres, Languedoc, France named after him?
5ae16b925542997b2ef7d1e7	What is the hometown of Duck Down Music artist and complex rapper Pharaohe Monch?
5a7faa215542995d8a8ddee8	Who is the mother of the princess who opened Middleton Grange Shopping Centre in 1970?
5a8add4c5542992d82986fb4	What 1989-born Liverpool player was Jim Cassell responsible for developing?
5ab9ba6855429970cfb8eb87	Which novel by the author of "Armada" will adapted as a feature film by Steven Spielberg?
5abb7ea4554299642a094a96	When was the earliest film of High School and The Thorn in the Heart shot?
5ab94cca554299753720f7dd	Angelspit toured the United States with an American electronic music duo from Orlando, Florida, that formed in what year?
5a83438955429966c78a6b61	The owner of radio station KWPW has the same name as an American character actor. What is it?
5a7dff595542997cc2c474eb	Who was the husband of Kalanipauahi's niece?
5ac401bb55429919431738f4	Who worked on the origins of Mickey Mouse and created Oswald the Lucky Rabbit?
5a77846f5542995d83181187	Which 50th Congressional District representative was Brent Roger Wilkes connected to in a scandal?
5aba6d4b5542994dbf019906	Giuseppe Tornatore, an italian film director and screenwriter, wrote and directed his film "The Best Offer" in what language?
5a7da0915542990b8f5039d4	What is the pioneer who has a park dedicated to him near Lexington, North Carolina famous for?
5a7499eb55429929fddd8470	What game did the team with an 11-1 regular season record play in for the BCS title game?
5a7331705542991f9a20c67a	Who was the Goal keeper for Iraq in the 1996 AFC Asian Cup played in the United Arab Emirates?
5a7d7d895542995f4f402281	As the oldest player in the NFL, this football player is the only player ever to have accomplished what?
5a873ec75542996432c57244	The structure in Wyoming in which Bořeň is similar to has a summit that is how many feet above sea level?
5adf3ab95542992d7e9f92f3	The 2011–12 Houston Rockets season began with the drafting of the player who now plays for what team?
5aba85335542994dbf01992d	Where operation Operation Dragoon and Battle of Cold Harbor fought during to different wars?
5adbe1c5554299438c868cc4	Was 9/11: Press for Truth released prior to Chasing Coral?
5abd6a7455429933744ab7c5	What German medium tank, sometimes called the "Mark V", that was deployed on the Eastern and Western fronts from mid-1943 provided the armor and suspension for the chassis of the tank destroyer built by Nazi Germany during World War II?
5adec62a55429975fa854f89	The song that came out ahead of The Wanted's "Lightning" on the UK Singles Chart was featured on which album?
5abcf5ec55429959677d6b76	Clone of clones played alongside a band from where?
5a80a7f6554299485f598680	Abraham Lincoln Neiman and his wife Carrie Marcus Neiman cofounded Neiman Marcus with Carrie's brother Herbert in which American city in 1907?
5ab281ec554299449642c8d1	Red Bend Catholic College contributes 800 students of the 7,560 population of what central west region of south Wales, Australia town?
5a7643675542994ccc918747	Who was born first D. Ross Lederman or Stefan Ruzowitzky?
5a88696b554299206df2b25b	What type of profession does Chris Jericho and Gary Barlow have in common?
5a712af15542994082a3e614	Which show that premiered in May 2011 is hosted by someone with the birth name Richard Kirschner?
5a7b43735542992d025e67cb	what type of media does Ratatouille and PlayStation 3 have in common?
5ac25fa955429951e9e6858c	what is the principal activity of the company  which holds that which  Robert Melville previously worked with
5a8077ca5542992bc0c4a729	Abraham Lokin was born on an archipelago between the Norwegian Sea and North Atlantic, that is about 200 miles north-northwest of where?
5ac397fe554299218029dbe2	Prior to playing for Michigan State, Keith Nichol played football for a school located in what city?
5ab9aed855429970cfb8eb6d	Do the bands named Phoenix and Shearwater specialize in the exact same genre?
5ac23f9555429951e9e684db	What role did the actor who played Colonel Sherman T. Potter in "M*A*S*H" play in "Kentucky Jones"
5ae76c625542997ec272763e	Which founder of Alcatraz East was born on March 31, 1956?
5ac3e0ab554299204fd21eae	What drummer stared along side a former president of the screen actors guild in a 2005 film?
5a8e69565542990e94052afb	How many Grammy Award nominations has the musician who Graham Maby has recorded and toured with since his first album, and whose first release was "Is She Really Going Out with Him", won?
5ae65c925542992ae0d162f9	Who was the producer of the 1994 American animated epic musical film which Mel Shaw animated?
5a9068f85542990a98493623	What was the nickname of the 76er who was drafted 3rd in the 2014 draft?
5ae238375542994d89d5b39a	Which former American football player had a part in the movie "Gamer?"
5a80e4b255429938b6142239	"Prostitute" is a song written by Axl Rose and Paul Tobias with additional work by an American guitarist has played in two different bands on a list of what?
5a8e40f65542995a26add498	This cabin built in 1925 is located in a park encompasses over 1 million acre and includes parts of two what?
5a7e1cad55429965cec5ea75	Was Pocahontas made before Born in China?
5a7560585542992d0ec05f76	Arbie Orenstein is known as a scholar on the life of what composer internationally regarded as France's greatest living composer?
5ae35e8c5542990afbd1e120	who was the anthropologist who thought that the plaster casts that were discovered by Paul Freeman were a critical piece of evidence?
5a8210f355429926c1cdae24	What award did the actor in Tales from the Crypt win?
5a868ca055429960ec39b6be	Who was the director of 1935 American crime drama film, which was the feature film debut if the classic actor born on May 20,1908 ?
5abdaa0f55429965af743dad	Which division did people from the division Major General Robert Walker Grow commanded originally come from?
5ae0613d5542993d6555eb22	Castle Hill is a plantation near what primary residence of Thomas Jefferson?
5add3b035542997545bbbcce	The Gate is a song from the album scheduled for release in what month?
5a85db6e5542994c784ddb96	What is the student body for Ron Johnson's alma mater?
5a7a88e455429941d65f268c	Where is the historic meeting venue built in a style taught at the Ecole des Beaux-Arts?
5a8b120755429949d91db4a4	What country of origin does André Holland and 42 have in common?
5ac4f9dc55429924173fb533	where is the American professional basketball team which Jalen Jones played for based
5a8eb51655429917b4a5bdb5	What type of arts that have existed since ancient times did the Stieber Twins specialize in?
5ae446fc5542995ad6573d24	What Mexican singer released the song Todos Me Miran?
5a905d085542995651fb5147	How many variants are there of the military transport aircraft that the Mercedes-Benz Zetros truck was designed to be compatible with?
5a8327fd5542990548d0b1a3	Forest Hill, Texas is a suburb of which fifth-largest city in the state?
5a80522b5542996402f6a4c1	What population ranking is the Oklahoma city located south of a wilderness area spanning over 5000 acres?
5ab67c3f55429954757d32f9	Are Maro Ajemian and Patricia Field both pianists?
5a7da0de5542990b8f5039d7	Who was born earlier, Robert Mulligan or James Foley?
5ae2295c554299495565da13	The Missouri attorney general election of 2012 ended in a loss for which attorney and CNN contributor?
5adf24155542992d7e9f92af	Richard Münch portrayed the German general who served in what capacity during WWII in the 1970 movie Patton?
5ab2a54b554299295394678e	What is the size of the hydroelectric dam that will inundate part of Bui National Park?
5a7f85505542995d8a8dde95	What is the name of the album released by a British heavy metal band in February of 1981 that contains a reference to a highway?
5ae60ea9554299546bf8304e	North Blenheim, New York was destroyed by flooding caused by the Hurricane that landed in what month?
5a77253455429972597f1449	Who is older, Ivan Foster or Ian Paisley?
5abaee845542996606241696	On February 25, 2017 tony Harrison lost the the International Boxing Federation light middleweight world title to a boxer from what state?
5ac13e195542994ab5c67cc5	One of the actors from the web series Red Bird is also known for what character in the popular television show Seinfeld?
5a7e283655429965cec5eaab	The founder of this Canadian owned, American manufacturer of business jets for civilian and military developed this portable tape system.
5a8baf4b5542996e8ac889c5	Which magazine has more issues each month, In These Times or Multinational Monitor?
5ae5b99a5542993aec5ec1ce	Which American rock band was formed first, Soil or Drowning Pool?
5abf08985542997719eab625	Which band was formed first, Circus Diablo or Magic Dirt?
5a8bb7f95542996e8ac889ff	Where was the movie filmed starring Choi Yoon-young in 2012?
5a7b1a225542992d025e6770	What English nursery rhyme which dates from 1731 appears on Teletubbies say "Eh-oh!"?
5ac0d5cf554299294b219026	An American Werewolf in Paris was a partial sequel to the comedy film starring whom?
5a8a756555429970aeb702f2	Stray Arrows: A Collection of Favorites is the first compilation album released by an American alternative metal band that formed in what Chicago suburb?
5a77b5c255429967ab10523c	What player with the nickname "Cocky" played in the 1928 Philadelphia Athletics season?
5ab6c5be55429954757d336c	The character Jack from While You Were Sleeping was born in what year?
5a78f26055429970f5fffdeb	Which former president of the Fédération Internationale de l'Automobile (FIA) cofounded Simtek Research?
5ae5e8c85542996de7b71a69	Name the actor who has acted in the film Arrival and who has been nominated for the Academy Award for Best Supporting Actor for the film `The Town' ?
5adf27775542993344016c00	How many pornographic films did the actress, who co-hosted the 29th AVN Awards with Dave Attell and Sunny Leone, appear in ?
5ade450b5542997c77adedc5	Manchester, New Hampshire is a part of the Northeast megalopolis which included what other major cities?
5abbcba05542992ccd8e7fa3	With whom did Lever Brothers merge to create an Indonesian soap factory?
5a75a0725542992d0ec05fc9	Disorganized Crime included what cast member best known for playing Al Bundy on the Fox Network sitcom "Married... with Children"?
5ac2a23a55429967731025cc	Which semi-retired professional wrestler appeared in "Final Score?"
5a7b66135542997c3ec97145	Which 2008 American documentary film, Pond Hockey or I.O.U.S.A., delves into fiscal issues?
5a72a9ac5542991f9a20c55f	Which show co-hosted by Hoda Kotb was produced by Brian Balthazar?
5ae0819155429924de1b70ea	Which documentary Hacking Democracy or The Memory of Justice was produced first ?
5ab7ee895542995dae37e9f6	What is the happiest town Sarasota county Florida?
5a8f791c5542992414482ad9	What artistic endeavor do Fallujah and Dying Fetus have in common?
5a712e895542994082a3e636	C.J. Hunter was tested positive for which type of injected steroid before he competed in the 2000 Summer Olympic Games?
5a8398405542993344746050	Which town does Ronald F. Collins represent that a town in York County, Maine, United States?
5ab5e8935542997d4ad1f23b	Who proposed plan in which education in state institutions of Argentina is free at the initial, primary, secondary and tertiary levels and in the undergraduate university level?
5ae74818554299572ea547ad	James Fowle Baldwin helped design a historic railroad that operated in Massachusetts and whose line later operated as part of what?
5a739323554299623ed4abff	Which famous mine was in service first, the Salmita Mine or the Kanichee Mine?
5abc7bf75542993a06baf8f0	Which has more species Laurus or Liriodendron?
5a72125055429971e9dc9241	What is the scientific name of the true creature featured in "Creature from the Black Lagoon?
5a7e1a5455429965cec5ea5f	Moonlight starred the actor who played whom on the remake of Hawaii Five-0?
5ab576c4554299637185c5a4	TMNT is a single-player action-adventure multi-platform action game based on a film which was the final film role for who?
5a8466a75542993344746108	What is the name of the so-called reform opera for Vienna that came before the one first performed in Vienna in the presence of Empress Maria Theresa?
5a75f32055429976ec32bcb7	This actor born August 26, 1909 stared in the tv show " The Cowboys ".
5a8762205542996e4f3087b8	are Tinto Brass and Baltasar Kormákur both from the same country ?
5ac1d4ad5542994d76dccef7	Which of the seven Disney characters who had been given a series of their own, starring in cartoons who opened with their own logo  is a fictional character who first appeared in Disney's "Pinocchio"?
5a7150c75542994082a3e7be	What is the capacity of the stadium that hosts games of the team that was coached by Barry Switzer in 1981?
5a9072dd5542990a98493656	What type of music did Dave Wyndorf and Poly Styrene perform as part of their work in Monster Magnet and X-Ray Spex?
5a8d0be85542994ba4e3dbb2	Maryland Jockey Club operates a race track in the largest municipality in which Maryland county?
5a7f924c55429969796c1aba	Which Star of British-Canadian-American satirical comedy, co starting with Ricky Gervais, began his career in sketch comedy series"Full Frontal" ?
5adca5eb5542994d58a2f693	Kevin Watson currently manages which Southern League football team?
5a77474855429972597f14e4	Who released their debut album first, Daisy Chainsaw or Generationals?
5a86edcc55429960ec39b6da	What actress portrayed Rachel Green on the sitcom "Friends" and starred in the movie "She's Funny That Way"?
5a80762a5542996402f6a536	What team does the new manager who made considerable changes to the Celtic team for the 2010-11 season head coach for?
5a8bf6cf5542995e66a47525	In what season of the Simpson's does Lisa convert to Buddhism?
5ae6545f5542991bbc9760c2	Who is the costar of a movie with the star of Scott McCall and was directed by the director of Supernatural?
5a736aa95542991f29ee2dfa	Cordyline ruba grows from Bundaberg, Queensland to which northeastern city in New South Whales, Australia?
5abeb1925542994516f453f0	Which airline hub does Japan Air Commuter and Japan Airlines share in common?
5a8b5b1c5542995d1e6f1387	Are Aladdin and Song of the South produced by the same company?
5adf076f5542992d7e9f9277	What New York representative and politician was defeated by Alan Hevesi in 2002?
5abc091555429965836003f6	Which of Darren Aronofsky's movies is based on a Russian ballet?
5a7f95685542995d8a8ddeaa	What is the nationality of a famous photograher who worked as a set photographer in Hollywood film productions?
5ab8903555429916710eb08e	What city is the flying component of the United States Air Force 432d Wing stationed in
5ae454355542996836b02c77	How many albums have been released by the same band that released the "Trance" EP?
5abc095c5542993f40c73c5d	Which company is based in Kentucky, Vocelli Pizza or Fazoli's?
5ade9545554299728e26c741	What is special about the wristwatches that Favre-Leuba manufactures?
5ab8179f5542990e739ec817	Who wrote Tom Vaughan's popular 2008 film?
5ae01fcf554299025d62a411	What type of students attend the school adjacent to Pilgram Hospital?
5ac1b8cd55429963665198fc	Who won more awards, Brothers Quay or Jake Kasdan?
5a83d0845542996488c2e4e6	World for Ransom was directed by the producer notable for which 1974 film?
5ae72b96554299572ea5474e	Risingson is the first single from what album by Massive Attack, that was the first to be produced by Neil Davidge, along with the group?
5ae4d15255429908b6326483	What publisher published Anthony Doerr's Pulitzer Prize fiction novel?
5a7d2aa05542995f4f40221f	What mixed martial arts even took place at a closed hotel and casino on the Boardwalk in Atlantic City, owned by Trump Entertainment Resorts?
5a906c795542990a98493640	What has David Bowie done in The Lodge?
5ade914b55429939a52fe8f9	What is the tagline of the roller coaster that utilizes the same ride system as Manta?
5aba6f3e55429955dce3ee21	Li Yitong made her television debut on which network?
5a8dad37554299068b959d94	Both Phaedranassa and Mitella are considered the classification of what level of species?
5ae00de055429906c02daab5	Morgan Paull played Dave Holden in a 1982 film loosely adapted from a novel by what author?
5aba902455429901930fa834	Besides Jennifer Lawrence, Chris Pratt, Michael Sheen, and Laurence Fishburne, who else acted in the movie, "Passengers?"
5adea83b55429975fa854f53	Thirukkalacherry is a village in which Indian town?
5abbe4c0554299642a094bc0	Rolls-Royce Welland's name is taken from this river that is low long
5a893f305542993b751ca91e	The Whitehead Light is located in what town with a population of 2,591 during the 2010 census?
5abef8fd5542990832d3a111	The evil clown is a subversion of the traditional comic clown character with the modern archetype popularised by a book that follows the experiences of how many children?
5adfc9a555429906c02daa42	Who directed the 2017 horror-thriller film in which Barry Keoghan, Nicole Kidman, Colin Farrell, and Alicia Silverstone appeared?
5ae7954b554299540e5a5620	Who manufactured the scooter upon which the Bajaj Priya was based off of?
5abcf9d155429959677d6b90	The director of a film about Wong Fei-hung also made what film?
5adc91865542994ed6169b93	where was class of warships which ARA "Sarandí" is its fourth and last ship built
5ab78a445542992aa3b8c826	How many records did the singer who sang "Four Seasons of Love" sell worldwide?
5a727e1b5542991f9a20c497	In which song was written by singer-songwriter Taylor Swift and shares the optimistic lyrical message to a song called "Yodel It!"?
5a7261635542997f8278398a	Where is the city that Ingrida Ardišauskaitė was born in located in Lithuania?
5ac560235542993e66e82396	Sarah Price and Rob Schneider are both what profession?
5a7cb9985542990527d55514	Johnnie Casson appeared on which ex-professional footballer's British television show?
5a7f725355429969796c1a55	The actress who played Clementine Churchill in "The Crown"  joined the board of advisors for a theatre company began by who?
5a8dfae55542995085b3736b	Cranium and Twin Tin Bots are both what?
5adf86355542993344016cbd	Which rugby league team which Rory Kostjasyn played for is based in Melbourne, Victoria?
5a7dc7735542990b8f503a93	Born 2 B.R.E.E.D. was co-written by the late singer-songwriter who has sold over how many records worldwide?
5a83a31c554299123d8c2179	Who is the lead vocalist for Maroon 5's sixth studio album?
5a8d64305542994ba4e3dc80	What Province in Sicily, founded in the eighth century B.C., was the birthplace of the famous historical mathematician Archimedes?
5a733d5d5542991f29ee2d71	What magazine has been contributed to by the poet who created the album "The Nikki Giovanni Poetry Collection"?
5ae3f1fb5542995ad6573cc1	How many Sliver Slugger awards does the player who uses The Boss during his at-bat and also plays for the Yankees?
5ab2e3a35542991669774124	The Pioneer Helmet and the Benty Grange helmet are linked because of which feature?
5ac3e80b554299076e296ccd	What sport is featured in the film in which Kwon Yu-ri made her film debut ?
5ac002705542996f0d89cb05	In what administrative category are the cities of Beitun, Xinjiang and Wafangdian?
5a7df5635542990b8f503b0a	What year did the sequel to a story that is told through a combination of narrative and vernacular photographs from the personal archives of collectors by Ransom Riggs come out?
5adfe0de55429925eb1afae9	Who produced a song, written and performed by Paul McCartney and Michael Jackson, which was included on an album titled "Pipes of Peace"?
5ab83bd055429919ba4e2279	Vestfold and Telemark each border what other Norwegian county?
5a8fb3af5542997ba9cb32ee	Are Out Traveler and Reader's Digest both magazines?
5ae7ff745542994a481bbe6e	When was the track from which a sample was featured in "Take Me to the Clouds Above" released?
5ae394e05542990afbd1e18d	"The Fixer" is a song from an album produced by who ?
5adf3a4f5542992d7e9f92ec	Which musician is from Europe, King Diamond or Bob Marley?
5ae826675542997ec2727733	The Heart Never Lies is an album by the author of a state ballad entitled what?
5a8c72545542995e66a475f3	What monster truck team was created by a man from Kill Devil Hills?
5ae5d06a55429929b08079b4	From which team did the linebacker for four NFL teams between 1985-1996 get fired by on November 29?
5a7bbcd65542997c3ec97268	who is older, Maria Sharapova or Chanda Rubin?
5ae32ce75542992f92d8223d	What month did the an online adult website whose last print magazine was published in the summer of 2007 recognize Nikita Gross?
5a8cc8c2554299441c6b9efc	When did the author of the book One More River is based on win the Nobel Prize?
5a847e805542993344746140	Margaret Clifford, Countess of Derby was the daughter the Earl who was seated at which castle from 1310 to 1676?
5a77a7db5542995d8318124d	Which author was born first, Josephine Tey or Julia Peterkin?
5a74639a55429929fddd8404	Which president of Botswana did Naomi Jacobson immortalize as a statue?
5a713fb15542994082a3e6f0	Did the board game San Marco or About Time come out first?
5ab9d13455429939ce03dc31	Margaret Wilson and Edna St. Vincent Millay have both been given what?
5a8986fd55429938390d4046	What technique does Cam Clarke and Akira have in common?
5a89e1bf5542992e4fca8433	The United States Senate election in Hawaii that took place in 1992 ended with the winning of which Japanese-American politician?
5adce88b5542992c1e3a249a	How long did the state exist whose army ransacked and looted the city, Halebidu, twice in the 14th century ?
5a724a2b5542990c210a40bc	What team plays within the Big 12 Conference and has Kevin Bookout playing for them?
5ae54b4f5542990ba0bbb261	What type of veterinary specialist is the star veterinarian of The Bionic Vet?
5a77c3d55542995d831812af	Who was the head of the Imperial Family that was making an broadcast announcement of Japan's surrender in 1945?
5abaa8b355429901930fa87f	The city in which the Cloverdale Fairgrounds are located is a member municipality of which regional district?
5a716ec85542994082a3e82d	Which movie was filmed first "The Guest" or "You're Next"?
5a8456ef5542990548d0b289	What baseball team, part of the ten-school collegiate athletic conference headquartered in Irving, Texas, was coached by Randy Mazey in 2016?
5ac5382c5542996feb3fea43	What year was the company, who released Forever Kingdom for PlayStation 2, founded?
5add95035542990dbb2f7e77	Cherie Currie and Steve Augeri were both what?
5a7a567255429941d65f25bd	What was Iqbal F. Qadir on when he participated in an attack on a radar station located on western shore of the Okhamandal Peninsula?
5adea0c5554299728e26c776	Are both Helen Dunmore and M. P. Shiel of West Indian descent?
5add38355542990dbb2f7dd0	What is the nationality of the wrestler who sang on A Jingle with Jillian?
5ae0af5555429945ae95941e	EMU Australia is best known for their unisex style boots that are typically made of what?
5a802ff25542992bc0c4a6d2	Geoff LaTulippe is an American writer whose best-known work was directed by whom?
5adf099a5542992d7e9f927f	Which airport is located in the state of Georgia, Brunswick Golden Isles Airport or Lafayette Regional Airport?
5abbf7d755429931dba145eb	ICI House is now named after the company that provides what type of item?
5a8f7a135542992414482adc	In relation to Rome, where was the city whose king was the father of Ocnus?
5ab3bcc55542992ade7c6e66	In which election did Norm Coleman won to become the last republican elected as of 2017?
5ae3c5535542991a06ce9a20	Radio shack made a line of computers in the 1980's which was marketed as the TRS-80 Color Computer or the Interact Home Computer?
5ae2098e5542997f29b3c21b	Hardley Flood is an area of lagoons that support populations of the waterfowl that are a medium sized version of what animal?
5ab849d955429916710eb017	The Battle of Cambrai took place during a series of offensives that ended on what date?
5a82bc7455429940e5e1a926	In what movie did the male star of a movie about a widowed 37-year-old woman also star in in the year 1993?
5ac5484d5542994611c8b48d	According to the 2011 census what is the population of the city where Royal Wahingdoh F.C. are based ?
5a89432b554299669944a519	What was the code name of the campaign where Joe Foss received a Medal of Honor?
5a8f077b554299458435d526	3 Arts Entertainment had at least one coalition with what streaming service, with its 13-episode, 2015 season of a Tina Fey created sitcom?
5a80735b554299485f5985f3	What location under Charing Cross railway station did G-A-Y move to?
5adcceda5542990d50227d31	George Gershwin is an American Composer and Judith Weir is a composer from which country?
5a8bd9c95542997f31a41de2	At which university does the biographer of John Clare teach English Literature?
5ae08a0455429924de1b70fc	Which German project recorded a song that featured vocals by a duo from Silverdale, England?
5a8b3f8a5542995d1e6f131f	What company did a man who hired Sioux Falls architect Wallace L. Dow to build a home in Worthing, Minnesota found?
5a8d5f16554299585d9e37c5	Which goalkeeper was nicknamed the "Black Spider", Turgay Şeren or Lev Yashin?
5ae37e525542992e3233c42d	When did the the Antonine who was known as the third of the five good emperors live?
5ab973b35542996be20204fd	The non-fiction book "Finding Chandra" is about an affair between the victim and a congressman that holds a B.B.A from what school?
5ab7c3df5542993667794003	Steve Uzelac played football for which league located in Preston, Lancashire?
5ade8802554299728e26c72d	What company operates in Switzerland and is part of the name of an award Gene Hobbs won?
5ae4ea2a5542993aec5ec0ee	The defending EFL Championship winner will qualify for which upcoming group stage if it wins all of its participating football tournaments?
5abd44d955429933744ab760	What is the name of the presidential memorial in Washington, D.C that connects to an artificial island?
5a75e62f5542992d0ec06013	Johnny Mathis: Wonderful Wonderful aired at what luxury hotel, casino and spa resort located in Atlantic City, New Jersey?
5ac173295542994ab5c67d45	What occupation do Graham Streeter and Geir Hansteen Jörgensen both have in common.
5ac1ff2255429964131be2b3	In the 2011 census what was the population of suburban area in which BA Connect is headquartered ?
5a8838635542997e5c09a5a9	"Angry Dad: The Movie" is the fourteenth episode of a simpson's season that began airing on which date ?
5a7e3a3f5542995ed0d166dd	Which singer is younger, Kenny Greene or Billy Idol?
5a771de05542993569682cc8	What is the name of the popular shopping destination located close to the Taj Mahal and Agra Fort in India?
5ab6bae95542995eadef0086	Gretchen Gotay graduated from what American public research university that is located approximately 72 miles northeast of Atlanta?
5ac46bb05542991943173983	Are both Schweizerischer Niederlaufhund and Portuguese Podengo dog breeds from Portugal?
5ae7ed9555429952e35ea9e6	The Italian surname Bellini is normally written after what names?
5ac18b585542994ab5c67d76	What actor played the male lead in a teen comedy about a high school nerd directed by Steve Rash?
5a8e296f554299068b959e71	What country does Washington Dulles International Airport and Baltimore–Washington metropolitan area have in common?
5a848eff5542990548d0b2cd	What river has five waterfalls depicted on a state seal?
5ae1d4e75542997f29b3c143	Which member of Northern Kings was born on 14 January 1966?
5ae0f97a5542997b2ef7d0c1	Which University was founded earlier, Pennsylvania State University or Queen's University?
5a7e14505542995ed0d16685	Which canal is located farther east, Champlain Canal or Warren County Canal?
5a8e36835542995085b373e2	Are Anja Salomonowitz and Rod Lurie both directors?
5ae63e3255429929b0807aff	Which metropolitan  at the south of Moraine, Ohio had a population of 2,114,580 in 2010 U.S. Census?
5adcfe5f5542992c1e3a24f0	Batthyany belongs to a Hungarian family with what Latin meaning?
5ac4f2e755429924173fb503	Chiang Chungcheng was involved involved in what battle in 1942?
5adf50c05542992d7e9f931e	Are both The Sundays and The Radio Dept. dream pop bands?
5ae5b971554299546bf82f3a	What county was Matt Herr raised in?
5abbdc3f55429931dba145af	The football player for appeared as Gabe Cooper in the series Daniel Boone played college football for what university?
5ab71f7d554299110f219ab9	What broadcasting company did both Andrew Collins and Stuart Maconie of Collins and Maconie's Hit Parade both work together from 1194 to 1197?
5ae527945542993aec5ec167	The youngest male model ever to participate in Seoul Fashion Week stars with Park Hae-jin and Kang So-ra ina tv series that last aired on what date?
5ae3ac665542994393b9e73f	In the animal kingdom what type of sexuality is described as sexual behavior toward both male and females?
5aba943c554299232ef4a33e	Are Florida Atlantic University and Cleveland State University both colleges in the US?
5a7fb1b25542992097ad2fb2	The wolf pack football team represented what university?
5ae47df15542996836b02cba	Who directed the film which had Luke Goss playing the role of Jared Nomak ?
5adbfaa655429947ff173888	Adena Friedman was formerly the managing director and CFO of a company that specializes in what four key business areas?
5a7cffb755429907fabef09f	What character played by Laurence Olivier in 1969 was an officer in the Royal Air Force
5a73354f5542991f9a20c687	Thomas Henry Moray Followed work down on nuclear batteries in 1912 by this English physicist?
5ae33fa95542990afbd1e0f2	Did Minersville School District v. Gobitis and Gravel v. United States occur in the same decade?
5a835c895542993344746009	What is the first name of the woman who, like Tryphosa Bates-Batcheller, was criticised for being publicly tolerated as a singer due to her wealth, despite a lack of talent?
5a776fc15542997042120a3a	What is the mascot of the oldest private university in Georgia?
5adf04c95542993a75d263d5	which American soldier and serial killer was Death of a Soldier based on
5a84a8ce5542997175ce1f1c	Who was the First Prophert to the sixth Pharaoh of the Eighteenth Dynasty?
5a75eda35542994ccc918661	How many consecutive years had the Serie A been comprised of 18 teams when Hernan Crespo got injured?
5adf33965542993344016c20	KSCW-DT is part of a duopoly with which virtual channel 12 in Wichita?
5ae5eb0d554299546bf82fd2	Who was the lead prosecutor for the soilder court-martialed for the premeditated attack at Camp Pennsylvania, Kuwait?
5a8603f655429960ec39b601	The composer of the music for the ballet "The Seasons"  was the director of what organization from 1905 to 1928?
5add4dd35542992ae4cec507	How are Ceephax Acid Crew  and Squarepusher's music similar?
5a7d109855429909bec7692f	The director of Panic 5 Bravo was born in what year?
5a7a37b85542996c55b2dd3f	Nicholas Medforth-Mills is a grandson to a king who was born on what day and year?
5a824858554299676cceb247	What nationality was the noble house that employed Frntisek Rint to organize the human bones interred at the Sedlec Ossuary?
5ac538025542996feb3fea41	Where's Officer Tuba? is a comedy film that stars which Hong Kong-based actress?
5ac44629554299194317395d	Michael J. Hunter replaced the lawyer who became the administrator of which agency?
5a778a3b5542992a6e59dec7	What 1991 Disney film is also a 1946 French romantic fantasy film directed by French poet and filmmaker Jean Cocteau?
5a7a36e65542990198eaf0ea	When was the creator of Bully Boy born?
5a7c084d5542997c3ec972c8	Syracuse Orange men's basketball team was part of a conference that participated in how many total sports?
5a80c79155429938b61421da	How many seasons has a popular tv show had, in which one of the episodes is called Moho House?
5a85fe2f5542996432c57165	What 2014 Academy Award winner guest starred in "Emanuelle Goes to Dinosaur Land?
5a77174f55429966f1a36c4c	Simone de Beauvoir partnered with the person whose journal would be called what?
5a8d7edc55429941ae14dfdc	Are San Antonio International Airport and Yakutat Airport in the same country?
5a74f8bd5542993748c8976a	Which head coach has led their team for a longer period of time, Tim Cluess or Steve Prohm?
5a7aa0a55542990198eaf165	Who was born first, Sathish Kalathil or Jacques Feyder?
5adbf43655429947ff173864	What type of coat coloration do Colorpoint Shorthairs and Siamese share?
5ab64285554299637185c67c	George H. W. Bush,  a resident of West Oaks Subdivision in Houston Texas, became what number President in 1989?
5a713f3c5542994082a3e6eb	Where does the train that runs from NYC and Miami station at in Florida?
5ac50dd05542994611c8b343	Phil Lloyd played Tim Mathieson, the partner of this prime minister who was the 27th Prime Minister of Australia from 2010 to when
5ae1500655429920d52343cc	In what town is the office organization solutions company whose Canadian arm is Oxford headquartered?
5a80993d5542996402f6a589	Who produced a 1999 fantasy-comedy directed by Spike Jonze?
5add3ccc5542997545bbbce5	The Secret of Moonacre was directed by the founder of which animation studio?
5ac34ed0554299741d48a248	which sultan of the Ottoman Empire was  Gevherhan Sultan her granddaughter
5a8634fe554299211dda2aac	What athletic conference did the conference that the Colgate Raiders women's ice hockey team play in used to be affiliated with?
5adf34955542993a75d26423	The American cable and satellite television channel that April "Ape" Margera appears upon is owned by whom?
5ae3f4fe5542995ad6573ce8	Are the genera Gordonia and Osbeckia in the same family?
5abd1daa55429933744ab72e	Do Singapore Sling and Fish House Punch both contain alcohol?
5a73b2fd55429978a71e907f	Which American film director and actor famous for his role as Donny "The Bear Jew" Donowitz wrote the 2012 film "The Man with the Iron Fists"?
5a7d3cbb5542995f4f402243	James Jinkins was the creator of an animated television series that appeared on what network?
5a773d8955429966f1a36cc4	What is the first year that the second largest university in Alabama fielded a football team?
5a8d0940554299585d9e379e	Which American politician who served as United States Senator from 1971 to 1989 was Governor of Florida before Buddy MacKay?
5ac160af5542994d76dccdfa	At what university is the organic chemist who headed the group that designed the nanocar a professor?
5ab6cebd55429954757d3378	What kind of act does Whaling in Australia and Right whale have in common?
5ab5f9a0554299488d4d9a6d	What was the rank of the leader of the army defeated by West Saxon forces?
5a801f215542992bc0c4a6b2	the first woman to be the chef de mission of an Australian Olympic team won gold medal in which winter Olympics ?
5ae72fc5554299572ea54770	Mundawar is a city 140km from which State capital of Rajasthan?
5a83eaae55429933447460b4	The Swiss immigration referendum, February 2014 is an example of what, which was framed by bilateral treaties between Switzerland and the European Union?
5a7b3d565542992d025e67b6	In what mountain range that extends through multiple countries is there a mountain that lies southeast of Jacabamba?
5a7f244255429934daa2fcec	St. John's College, Belize offers an education in a tradition in which what three subjects were the core?
5a8ac0595542992d82986f6c	Which minor role did this New Zealand storyboard artist play in the film "King Kong" who will direct the film based on the novel by Philip Reeve?
5ac3044f5542990b17b154dc	Danny Jones and Aleksi Sihvonen are both what?
5ac23f5655429951e9e684d9	Both the Pulandian District and Hailar District are located within which country?
5adbe0df554299438c868cc0	Which writer was ordained to priesthood, W. Somerset Maugham or Thomas Merton?
5a7dcdea5542990b8f503abc	Who is younger, Tony Roche or Renáta Tomanová?
5a72b8de5542994cef4bc3df	Which runner-up from "American Idol" wrote country song "Next Boyfriend"?
5a7c2819554299683c1c62db	The 1997 independent slapstick comedy film Snowboard Academy stars this Danish-Italian actress, model, singer and reality television personality who began her career modelling for whom?
5a7da6cb5542990b8f5039ff	Kevin Alejandro was part of the cast of the 2015 American drama film written and directed by whom?
5ae7909f5542994a481bbda6	Which of the teams for which Colin Kolles is the former team principal and managing director was sold and renamed Force India at the end of the 2007?
5ab465095542991751b4d75a	During which period the sedan variant of the Volvo V50 car was manufactured?
5abda4dd55429965af743d95	Ivan Konrad Trajkovič qualified for which major international multi-sport event celebrated in the tradition of the Olympic Games, as governed by the International Olympic Committee?
5a75d8a3554299109176e5a6	What league, which is also known as the Barclays Premier League, had its start date pushed back?
5abe91895542993f32c2a168	Did the Sandy and Beaver Canal remain operational until a later date than the Los Angeles Aqueduct?
5ac5188255429924173fb5a3	About how many people are employed by the company founded by Denise Coates?
5ae531ee5542990ba0bbb1ff	Tommy's Honour was a drama film that included the actor who found success with what 2016 BBC miniseries?
5ab804305542995dae37ea14	Why are many of the band, Hirsute Pursuit's songs considered controversial?
5ac4da3b554299076e296e17	Stephen Joseph Bercik was mayer of a city that had a population of 124,969 as of the 2010 United States Census, and that has an estimated population of what for 2015?
5ae75eb45542991bbc976201	Norman Buckley is associated with a family drama for what cable network, formerly known as ABC Family?
5ae5be475542990ba0bbb2c6	Which ground force of the Austro-Hungarian Dual Monarchy did Jan Romer joined
5ab8111c5542991d3222382b	Bridget Cromwell is the eldest daughter of an English military and political leader and later Lord Protector of what commonwealths?
5ac3dfb15542995c82c4ac71	What did both Karel Bossart and Sergei Korolev design?
5ae4a2e25542996836b02cee	The county that the community of Milltown, Montana is part of was founded in which year?
5a8f799d55429918e830d22d	Which genus has the most number of species, Myrsine or Styrax?
5ac2ea1a5542990b17b154a1	What episode of South Park was the episode that aired in May before Funnybot?
5a88e2f35542993b751ca8ad	The 2006 film Alien Autopsy promoted by Ant & Dec made it to which spot on the British box office chart?
5ae55d1e55429960a22e02cb	When was the host of "British Academy Television Awards 2009" born?
5a8d263f554299653c1aa139	what year did the band that sang Gives You Hell form?
5ae3606b5542991a06ce99a8	Philip Carlo, the author of the biography of the mob assasin Richard Kuklinsk, died of which diease?i,
5adefdd75542995ec70e8f4e	How many times has the team Jack McKeon managed won the World Series?
5a734acf5542991f9a20c6ec	Which singer is younger, Shirley Manson or Jim Kerr?
5a8750945542996432c57264	What kind of teacher is the actress who was killed off along with Sonny?
5ab1cdf8554299722f9b4c84	Four presidents including the 26th president Theodore Roosevelt were featured in the 60ft sculpture in the granite face of Mount Rushmore which was sculpted by what sculptor?
5adf490a5542993a75d26488	Finity's End was written by which American writer?
5ab43b8a5542991779162c22	Piano Concerto No. 6 in D major, Hess 15 is an unfinished piano concerto by a composer who passed away in which year ?
5abb73425542996cc5e49ff5	What's the NASDAQ ticker code for Spirit Airlines, based at Detroit Metro Airport among others and an ultra low cost carrier?
5a84a65d5542992a431d1a83	What school did the team, whose only sophomore starter went on to play eleven seasons with the Atlanta Falcons, represent in the 1963 college football season?
5adff2aa554299603e4183d0	What career did Markus Feehily and Bobby Fuller have in common?
5ac046c65542996f0d89cb71	Do the genuses Catopsis and Crataegus belong to the same family?
5a90386455429916514e7435	In what town is Suffolk county hamlet that was served by the Suffolk Traction Company?
5aded04755429975fa854fa7	What team won the XLII super bowl in their 48th overall season?
5ae063085542993d6555eb37	Jennifer Ventimilia co-wrote the teleplay of the episode that was part of which season of The Simpsons?
5ae6363b55429929b0807af0	When was the defending titlist of 2009–10 Biathlon World Cup – Pursuit Men born?
5adc6825554299438c868da1	The Governor of Santiago del Estero is a citizen of the province that is neighbored by which province on the north?
5abec9b25542997ec76fd366	What city was the capital of the Ostrogothic Kingdom and the birth place of Ornella Fiorentini?
5a7a18b05542990783324e53	What year was the independent regional brewery founded that currently operates in Hasting's oldest pub?
5ac1a4745542991316484b82	Para Hills West, South Australia lies within a city with what estimated population?
5a7302b75542991f9a20c5fd	What supernatural horror film did Miles Doleac have a role in?
5a825a9d55429940e5e1a870	Ruffin Horne McNeill Jr. an American football coach was named interim head coach after the suspension of a head coach that lead the team to winning seasons in every year of his what?
5a8501915542997175ce1f5a	Are PC Magazine and Sculptural Pursuit both technology publications?
5ae7ee41554299540e5a56b0	Paul Maynard became Rail Minister after the entrance of the Prime Minister who took office in what year?
5add2397554299473435386f	The location of the area where Fort Nisqually stood is in what Washington county?
5ae4cda05542990ba0bbb148	Why is Serena Williams more accomplished than Mariaan de Swardt in her tennis career?
5ae1412a55429920d523434c	Are Prológica CP-400 and Atari ST both personal computers?
5a8ed7b455429917b4a5bdd1	Rob is an American sitcom that starred what American actress who was best known for portraying Yolanda Saldivar in the film Selena?
5abb61735542993f40c73aef	Who had more of their English novels turned into Oscar-nominated films, Raja Rao or Pat Conroy?
5ae2a0a1554299495565dae9	Dark Dungeons is based on what short gospel tracts by a religious cartoonist?
5ae60dcc554299546bf83043	Young Dolph was featured on the hit single by which American hip hop recording artist?
5a7cd72055429909bec7683b	What years was the auto racing series held that was followed on by the 2016 Blancpain GT Series Sprint Cup?
5ab865ad5542992aa3b8c8dd	Jennifer Gordon received a bachelor of arts degree from which women's liberal arts college in Cambridge, Massachusetts, and functioned as a female coordinate institution for the all-male Harvard College?
5adface25542995ec70e906c	Killing You is a song by a band that consists of lead vocalist Danny Worsnop, guitarists Ben Bruce and Cameron Liddell, drummer James Cassells and what bassist?
5aba901055429955dce3ee87	U.S. Representative Mike Conaway is investigating interference in what US elections with the help of American attorney, politician and former prosecutor Trey Gowdy and Tom Rooney?
5ae544d75542990ba0bbb249	Arena Essex Raceway is built alongside an out-of-town shopping centre constructed on the site of a former what?
5ae14b5c55429920d52343aa	Luke Rockhold defeated the MMA fighter who was the first to earn a win against which champion in the UFC?
5abbaed855429931dba144aa	What day in November is Southpark most congested?
5adfb698554299603e418385	Who created the manga series originally serialized from 1994-1995with a superheroine?
5a8481945542997175ce1ed3	Are Steve Perry and Leslie West both singers?
5ab1dcab5542993be8fa985e	What was the middle name of the actress who was cast alongside Harvey Fierstein, Linda Hart, Dick Latessa, Clarke Thorell, Mary Bond Davis, Laura Bell Bundy, Matthew Morrison, Corey Reynolds, and Marissa Jaret Winokur in Hairspray?
5add44f35542997545bbbd0c	Which movie was based on a book, The Haunted Mansion orThe Greatest Game Ever Played?
5a7f404a55429930675136dd	Shepard Settlement is just south of what major New York city?
5ab60aec554299110f2199c3	What type of writing did both Richard Harding Davis and Harry Stephen Keeler write?
5a8f93f5554299458435d67e	The name od the Jason Hook album "Safety Dunce" is a play on the words of a song released in what year?
5a8a231a55429930ff3c0cb4	Kasimir Bileski was a noted stamp dealer based in a Canadian province that is bordered by which 2 US states?
5adec96e5542995534e8c712	What ranks does Jerry Kyd wear while captaining the largest warship ever built for the Royal Navy?
5a77691455429966f1a36d2b	What movement is this music seen as that released Facta Loquuntur as their first full length album?
5a774e415542994aec3b7280	Who fills in occasionally for the meteorologist who replaced  Ginger Zee ?
5abb189e5542996cc5e49fa4	In between Remember the Titans and My Favorite Martian which film film grossed $36.8 million domestically?
5ab8756755429934fafe6dd3	When was the American writer of the a series of four vampire-themed fantasy romance novels born?
5adbe2c65542996e68525274	In what corner of Missouri is radio station WMBH located?
5a838eba5542992ef85e22fe	Which documentary film was released first Tar Creek or Volcanic Sprint?
5a888c9d5542997e5c09a612	Who is from farther west, Halestorm or Audioslave?
5ab2342a5542993be8fa98c3	The Alexander Dawson School is located in a community that occupies how many acres ?
5abd0296554299114383a1d1	Douglas D. Scott is an American archaeologist most notable for his work at the site of a battle that occurred in what year?
5abb07ec5542996cc5e49f55	The General Survey Act was passed shortly after the Supreme Court decision that discussed what concept?
5a81c7d15542990a1d231ea9	Which services did Rock Nominees Ltd and  ISS A/S (Integrated Service Solutions) have in common?
5a7652785542992db9473760	Which of the following is known for his work "Good Bye Lenin!" in 2003: Vladimir Danilevich or Wolfgang Becker?
5abd0ac45542992ac4f381b5	Which retired baseball player played Chad Bradford in a movie adaptation of a Michael Lewis book?
5ae0ba15554299603e41844d	What plant has about 40 species native to Asia, Manglietia or Abronia?
5ae1338d55429901ffe4ade1	The alcoholic drink that shares a name with Quintessentially Unreal's 1996 album is commonly reffered to in historical literature as what?
5ae65b845542992ae0d162f1	Where in the northernmost and largest freguesia can we find the Communications Museum?
5ae2138c5542997283cd23b7	Are Villa Paletti and Betrayal at House on the Hill both board games?
5a7e3b585542995ed0d166df	Which film was released first, Home on the Range or Pete's Dragon?
5ae54b3d5542990ba0bbb260	Are both American Foxhound and Löwchen types of Foxhounds?
5ab4774d5542991751b4d781	Crash is similar to what 16th century British card game in the sense that there is no betting?
5ae7ac495542993210983eee	What film came out first, All the Marbles or What Ever Happened to Baby Jane?
5a7d26bd554299452d57bb28	Who was born earlier, Johnny Lujack or Jim Kelly?
5ae690b055429908198fa622	Jamell Anderson plays for the basketball team from what city?
5a7299e75542991f9a20c524	What movie was released at a later date, My Dog Tulip or Monsters vs. Aliens?
5abb4b4a5542993f40c73aea	Which university, attended by Jonas Tilly, is part of California's three-system public higher education plan?
5a7fb1e55542995d8a8ddef7	Which documentary film premiered first, Grizzly Man or Pray the Devil Back to Hell?
5abe36745542991f66106101	What was the arena, in which the 2017 Brit Awards were held, called during the 2012 Olympics ?
5ab84dea55429934fafe6d4f	Were H. G. Wells and Rubén Darío both English?
5abe765a55429976d4830b1f	Who has won more olympic medals: Angelique Kerber or Amélie Mauresmo?
5a85a8655542997b5ce40011	The Porsche 968 was the last in a line of front-engined sports cars following the 944 and which earlier model?
5ac31b0a554299741d48a1f0	Who directed the film to which " A Perfect Murder" was a modern remake?
5ae6479a55429929b0807b1b	Jun Ji-hyun rose to fame after her as a girl in a film that's title means what?
5ac2cfab554299657fa29079	The Innocents is a 1961 gothic horror film that was based on a novella by Henry James published in what year?
5a7c64bc5542996dd594b913	Who is older, Simon Neil or Michael McKean?
5ade27e05542997c77aded7d	When was the friends song was released which is taken from the fourth studio album of canadian singer and song writer Justin Bieber?
5adfa6c7554299025d62a326	What is the birthday of the Earl of Merioneth?
5ae361805542992e3233c3c9	What university did the last Detroit Pistons player to wear the number retired in honor of a player nicknamed "The Worm" attend?
5add870b5542995b365fab3c	Which actor starred in both "The Best Years of Our Lives" in 1946 and "The Crowded Sky" in 1960?
5ab84f2c55429934fafe6d54	The Red Queen's Race is a science fiction short story that uses the Red Queen's race from a novel by Lewis Carroll that is the sequel to what?
5a8ee2855542995a26add550	Eusebio Valli studied alongside a physician who was the pioneer of what field?
5abeb3525542993fe9a41d03	Which community did Otto Gross join which includes the popular destination Monte Verita?
5ab762fb55429928e1fe3857	The rifle cartridge created by the Swedish was also shared by which other nation?
5a739d8c55429905862fe073	Near which town did the family of author of the "Adventures of Huckleberry Finn" own several tracts of land?
5abc715f5542993a06baf8ea	which Soviet Russian cellist.did Anton Ginsburg work best known as accompany
5ab804065542990e739ec7e0	Are the bands "Black Grape" and "Balance and Composure" from the same country?
5a7e21165542995ed0d166a2	Who is younger, Billy Idol or Ray Wilson?
5ae473545542995dadf2433d	When was the writer of Seesaw born?
5a84973e5542992a431d1a67	Stockely Webster has paintings hanging in what home (that serves as the residence for the Mayor of New York)?
5a7a47be5542994f819ef1b2	Near the banks of what river is the city in Romania with a partner Aspen Institute located?
5abc8d00554299700f9d78fd	Matthew Butturini was born in a town on the Tweed River how many km north-east of Sydney?
5ab1c6c5554299722f9b4c67	Boulevardier and Earthquake are cocktails, one of which has a french nickname of what?
5ab2a01d5542992953946778	What kind of novelists were both Robert Stone and Truman Capote?
5ab42ef55542991751b4d6d9	The actor who plays the grown version of Emma Swan's son, from "Once Upon a Time", also plays what character in the television show "The Walking Dead"?
5ae0968955429924de1b7105	When was the rock band to which Pre-Creedence name was changed active?
5adefe645542992d7e9f926c	Which tour did The Beatles release their album Dark Horse?
5a82edae55429966c78a6a9f	Swiss music duo Double released their best known single "The Captain of Her Heart" in what year?
5abd68b45542993062266c77	What did the main character in Unbroken do in the Olympics?
5a7345185542992359bc32cb	Which continent are both magazines, Sayidaty and Closer published?
5adde6535542990dbb2f7ef9	Which documentary was filmed first, Almost Sunrise or Hail! Hail! Rock 'n' Roll?
5ab7ef0f5542991d322237ca	Chandgi Ram won a gold medal in 1970 in a continental multi-sport event held at which city ?
5ae20cd25542997283cd2376	Gary L. Bennett was a part of the space missions that have a primary destination of what celestial body?
5a7da3a95542990b8f5039e6	What position did the former Major League Baseball player play who worked on the same broadcast team as Kim Kelch?
5ac2c22e5542990b17b15485	The Fort Worth Zoo was rated as one of the top zoos by a magazine published where?
5ae4d3a55542990ba0bbb164	What creature of American folklore gained notoriety in 1964?
5ac19f405542991316484b5b	Pandikona and Berger Blanc Suisse are both what kinds of animals?
5ac00278554299012d1db56b	What profession do Raj Kapoor and Mike Cahill share?
5a7d2ecc5542995ed0d16629	Robbie Tucker plays in what series that follows a group of friends who run an Irish bar?
5abd5a135542992ac4f3829f	Are the Sleepers located north or south of the Kancamagus Highway?
5ab8f33155429919ba4e237f	Illmatic, the debut studio album by Nas which featured the song "N.Y. State of Mind", was released on what date by which record label?
5a7f57a45542992097ad2f29	What party was Johan Henrik Deuntzer a part of before the party that translates to the "Radical Left?"
5a7e14a65542995ed0d16686	What film was the screen debut of the musician nicknamed "Lady Day"?
5a859a755542992a431d1b6d	Who was considered more iconic, Charlie Chaplin or Bruce Bilson?
5ab4304a55429942dd415ec5	To where did the war criminal who is the fictional defendant in the film After the Truth flee in real life ?
5a81d54a55429903bc27b9d4	Were Jeff Martin and Kyle Patrick both in The Click Five?
5a79257b55429974737f79a7	What military formation were participated in by both Oscar W. Koch and General George Smith Patton Jr. ?
5ae5feaf5542996de7b71ac6	Paul Keenan composes works from Anglo-Saxon texts such as the codex donated to the library of Exeter Cathedral by whom?
5ac1767a5542994d76dcce48	What is the 2010 census population of the county where Wildcat Brook flows through Jackson?
5a74feb75542996c70cfae6d	Which man, Ibn Tufail or Ali Qushji, is best known for the development of astronomical physics independent from natural philosophy?
5adf3e835542993a75d26442	Which comic series involves characters such as Nick Fury and Baron von Strucker?
5ae608f2554299546bf83026	Which system of mountains in eastern North America is Hamburg Mountains a range region of
5a88a6975542994846c1cea4	What was the nickname of Anthony Corallo, boss to "Sal" Avellino and head of the Lucchese mob family mob in New York?
5a83f07455429933447460be	Are Brainerd Lakes Regional Airport and Sawyer International Airport located in Europe?
5ab2979c554299449642c919	Pawnography, featuring Richard Corey Harrison, is filmed in what shop and town?
5a79131a554299148911f9e3	Also known as the Great Action, what other name did this event go by?
5a87d8355542993e715abfe4	Which film was released first, Jawbreaker or Havenhurst?
5a80707e5542992bc0c4a70e	The actress who played Laurie Keller in the episode "Pilot" of the show Cougartown won what award in 2011?
5ab3f6935542992339550019	MadMaze was developed by Eric Goldberg as what type of game?
5a81a84e5542990a1d231e4e	What year was the Argentine singer and actor who both directed and starred in El Tio Disparate born?
5ae5f1a8554299546bf82fd9	Where is the English punk rock band which Howard Devoto is the original singer of formed
5a8a2a5555429930ff3c0ccc	What is the current home arena of the NHL team Chris Summers plays for?
5adfeab455429942ec259b86	The star in a 1953 epic Metro-Goldwyn-Mayer film adaption of the play by Shakespeare had what occupation?
5abd56355542993062266c58	What singer who sang in church during her childhood did Stacy Barthe pen album tracks for?
5a7e22ed5542995ed0d166a7	What writer is older, Bernard Malamud or Lois McMaster Bujold?
5a881ea055429938390d3ef3	Arabella Chapman graduated from which school that was opened as the Albany Free Academy?
5ab4e48655429942dd415f9c	What is the height of the tallest mountain from which the Glen River flows?
5a84bc5b5542991dd0999dc3	Who was the vizier of Ebla after one who had served king Ishar Damu for 17 years?
5a739b1955429978a71e9044	What company claims to manufacture one out of every three objects that provide a shelf life typically ranging from one to five years?
5adc368155429944faac2468	What cartel drug lord with the reputation as "The King of Cocaine" partnered with Jack Carlton Reed to provide drugs to the United States in the 20th century?
5ac519a95542994611c8b38b	Chris Cornell and Godsmack are both American rock icons, who is the founder of Godsmack?
5a88abf75542997e5c09a6a1	In what city was the second bowl game to air on all the "big four" television networks played?
5ac3d90b5542995c82c4ac4b	What type of games are both Castle Risk and Elfenland?
5ab97d0a5542996be202051e	Who was hung for assisting the attempted surrender of a defector from the American Continental Army to the British Army?
5a7553a95542996c70cfaedf	What psychosis shares a name with an enemy fought by the protagonists in an animated show by Hasbro?
5adc035c554299438c868d04	What was the birth name of the ex-slave abolitionist featured in the art installation The Dinner Party?
5ae60d36554299546bf8303e	When did Belgium racer Stoffel Vandoorne win the Monaco GP2 Series round?
5a7543d555429916b01642ce	Who was born more recently, Flula Borg, or Dirk Nowitzki?
5ae5d63b5542996de7b71a2d	In what basketball position does the brother of Saulius Kuzminskas play?
5ab442645542991751b4d70c	What type of the district is the Downtown Bentonville of the state in the southeastern region of the United States which is home to over 3 million people as of 2017?
5a802bf05542992bc0c4a6b7	Dru Decaro is the lead guitarist for the RnB artist who began creating music at what age?
5ac072ef554299294b218fe4	What country of origin does Jerry Barrett and Florence Nightingale have in common?
5ab4b7d15542996a3a969fbc	Who was this American Founding Father, a proponent of democracy, republicanism, and individual rights, examined Ice Age fossils of Kentucky's Big Bone Lick?
5add1aa65542990d50227de1	Who was the director of the 2007 American fantasy comedy film in which the actor best known for playing Michael Scott on the the American version of "The Office" starred?
5a7354d55542994cef4bc55a	Which of the three main psychedelic compounds found in the Psilocybin genus mushroom are converted to psilocin by the body?
5ade1c9e55429939a52fe822	Where did Henri Christophe and other slaves hold an uprising from 1791 to 1804 that led to the founding of a state which was both free from slavery and ruled by non-whites and former captives?
5adce3b95542990d50227d56	What profession is shared by both Monty Banks and George Seaton?
5ac313a0554299741d48a1b0	How many employees does the company that unveiled a deal to acquire IGATE have?
5abf931f5542990832d3a158	When was the movie adaption of Jennifer Weiner's novel "In Her Shoes" released?
5ae324775542994393b9e62f	Korea University College of Education is based in the city that ranks what in the world by terms of size?
5a79093955429974737f794b	Which writer had a longer lifespan, Ann-Marie MacDonald or Michel Butor?
5ade8bd955429975fa854f04	What is the name of the genocidal mass slaughter of Tutsi Rwanda, in which Cyprian and Daphrose Rugamba were assassinated?
5a84a1c85542992a431d1a7c	Who was the original female founder of the brewery that was purchased in 2006 by the largest brewery in the state of Maryland?
5abed7d75542990832d3a0f7	SR connector is based on the connector that is often used for what type of cable?
5ae365205542990afbd1e12d	Who is the creator of the animated television series that its fourteenth episode of season three's title is "Time Keeps on Slippin"?
5a8f9dca55429918e830d295	What role on "Switched at Birth" was played by the actor who is being replaced by Daniel Hall on "The Young and the Restless"?
5ae61351554299546bf83066	When did the Italian luxury fashion house which Daas has appeared in campaigns for brands like founded
5ae50c345542993aec5ec11f	What did Felix Salten originally title his most famous work?
5abcefc45542993a06baf9b4	a cabinet-making firm was found which year, from Lancaster?
5a887898554299206df2b2a2	Are Broughtonia and Perilla both types of mint?
5a803ed45542996402f6a496	Which song, released on December 7, 2008 was co-written by Liz Rose?
5a8f97305542997ba9cb32e3	Ben Stein had a part in the 1994 superhero fantasy film directed by whom?
5ab5ceb65542997d4ad1f1e2	Tui Flower and Julia child were both known for what?
5ae7e8f55542994a481bbe06	Which fictional MI6 agent is a fictional character created by the British journalist and novelist Ian Fleming in 1952?
5a8c7ac2554299653c1aa08e	Black Journal is based on the real life events of what serial killer that  murdered three women in Correggio?
5a8192045542995ce29dcc04	Inserra Supermarkets is a supermarket chain that is a member of what cooperative that was founded in 1946 and based in Keasbey, New Jersey?
5a866b5b554299211dda2b23	Mick Chatterton's best season was in 1969 finishing 16th place for the year in the oldest established what?
5ae1a525554299234fd042a9	Which university Founded as a college in 1881 is Janet Beer the Vice-Chancellor of
5abb23035542992ccd8e7f22	Kenneth Arnold reported the first unidentified object sighting in what city and state in 1947?
5abce43855429959677d6b18	Soundcloud rap has been used by which rapper from Lauderhill, Florida?
5a8e07185542995085b37389	Private Music signed the drummer who was part of which English group?
5a8ed10b5542995085b374a0	Olivia DeJonge starred in an American horror film directed by Shyamalan called what
5adf2fa35542993344016c11	Which of Jonny Craig and Pete Doherty has been a member of more bands ?
5a804e845542992bc0c4a6e9	The Greatest Event in Television History aired on the channel that was founded by whom?
5a78d06355429974737f78b4	The channel that has interviewed players such as the forward for the French national team is on what platform?
5ac3dfee554299204fd21eab	The man known as the voice of "Elgar" voices the English character in what Manga inspired by Keitaro Arima?
5add48465542992200553a80	What film directed by David Greene did Merrell Jackson play an apostle in?
5a7c917e5542990527d554d3	How many kilometers did Sabrina Mockenhaupt run when she set her best record?
5a7e6c725542991319bc94a4	Which band was formed first, Fitz and The Tantrums or The Contortionist?
5a7558425542992db9473647	What subsidiary of the largest airline of the Republic of China (Taiwan) has a main hub at Taichung Airport?
5a849cc95542997175ce1efa	In what city did Brian Mannal convene when he was a member of the 188th and 189th General Court?
5a84e9d35542994c784dda84	The Nike Mercurial Vapor is endorsed by a Stoke City football player who also plays for what national team?
5ab6bdd255429953192ad36e	In what country are both Ugni and Stenomesson native plants?
5ac3126f5542995ef918c0e8	Is it correct to state that Tetrapanax is an evergreen shrub as opposed to Hippophae which is a genus of sea buckthorns, a deciduous shrub?
5a81e04455429903bc27b9f9	What was the creator of the Moshulu Parkway known as?
5ab3d2b7554299233954ffb8	The king deposed in the Glorious Revolution of 1688 was supported by the grandson of what Viscount Barnewall?
5a8d1f015542994ba4e3dc08	The king of the Molossians and Epirus encamped between what two cities?
5adf8d275542993344016cfb	Who wrote the 1995 American action film starring a two-time consensus All-American?
5a7949d45542994bb9456fdd	What is the Latin name for one of the five "big cats" that the word "Panther" may refer to when outside of the Americas?
5aba0c2655429955dce3edb7	A golfer born in 1993 participated in which tournament?
5a89bbb05542992e4fca83a3	What star of Parks and Recreation appeared in November?
5ab4b2935542996a3a969fb5	Between Death in the Afternoon and Hennchata, whose inventor has more literary fame?
5a7cf4e355429907fabef062	What was Todd Boehly's former position at the firm where Mark Walter is the CEO?
5ab2be12554299295394686b	Who was the football manager that played in the Football League Cup in 1985 and managed to lead the Birmingham City Football Club's 103rd season to finish in the 18th position?
5a7cd5b05542990527d5553d	What Northern Ireland town founded in 1620 is the birthplace of one of the final four contestants from the seventh UK series of "The Apprentice"?
5a70f4c45542994082a3e437	Which Italian-American composer and librettist wrote the English language opera, Maria Golovin?
5ae0818e55429924de1b70e9	Gleanntáin Ghlas' Ghaoth Dobhair is a song that can be heard in pubs licensed to serve what?
5adfb60655429942ec259b08	Matilda of Chester, Countess of Huntingdon's father was the son of which woman?
5ab5de535542992aa134a3b6	Are Alek Keshishian and Kirk Kerkorian both Armenian-American?
5ac2ffe7554299218029dbb3	The 22nd AVN Awards took place in what Nevada county?
5a8769475542993e715abf2b	The Old Ones are more powerful than which of the mightiest Gods?
5a77f4755542992a6e59e01f	What scientist as well as a practising Roman Cathloic described the electronic voice phenomena as typically brief, usually the length of a work or short phrase?
5a78caa955429970f5fffd83	Which civilization instigated a war with Rome and significantly influenced the Latin language?
5a8790785542993e715abfac	What was the first name of the wife of the namesake of the high school located at 123 Coles Street in Jersey City?
5ab6bb575542995eadef0088	This radio programme that originally aired from October 1995 to April 2000 starred a critic working in what field?
5ac2cdaa554299657fa29070	Where are Neoregelia and Aloysia known to grow
5a729fa15542994cef4bc397	Which movie came out first, "Bambi" or "Underdog"?
5ae64ffd5542992ae0d162ce	How many Golden Globe Awards did the artist who published the photo book "In Mexico" win?
5a88a1e55542997e5c09a64d	What was the former name of the stadium where the OFC U-20 Championship was played in 1986?
5ac34994554299741d48a242	What was the first air date that the CGI animated series that preceded "Mixels"?
5ae382ee5542992e3233c430	The Prussian General Carl von Clausewitz is associated with what type of realism?
5a8a40015542996c9b8d5e72	Which television series was part of Cartoon Network's 2017 April Fools' prank and had a song by Justin Roiland played during the third season of the same show?
5a8810485542997e5c09a590	The Airport located next to the A13 handled how many passengers in 2016 ?
5a7249b85542990c210a40b9	Osireion is located to the rear of the temple named after which New Kingdom Nineteenth Dynasty of Egypt pharaoh?
5ae7281c5542991e8301cb69	The fourth episode The Simpsons' seventh season has what kind of theme?
5a888d535542997e5c09a617	In what county is The Third Fitzwilliam Meetinghouse located?
5ae48c4e55429913cc204498	What Mexican actress of film, television, and theatre was a protagonist in La Heredera?
5a7e05635542995f4f40238f	Katherine Ann Dettwyler wasn't rehired after she commented on the death of the student who was arrested in North Korea in what month and year?
5ae3fec55542995dadf242a4	Roxie Hart starred the entertainer and comedic actor who had what nickname?
5add39c45542995b365faac5	Did the the Battle of Stones River occur before the Battle of Saipan?
5a90629855429916514e749e	What is one risk to Norway's financial reserve?
5a85e2775542994775f60680	Just Before I Go stars an actress who plays what character in the series "24"?
5abba17a5542992ccd8e7f60	Which pickup truck that's name was retired in North America in 1976 is part of Toyota's IMV program with the Fortuner SUV?
5a8ece2e5542995085b37497	The Out of Control Tour began in an indoor arena above what?
5a7a749d5542994f819ef1e0	At what frequency an academic journal publishes which covers numerical and computational techniques to reduce any substantial losses or gains suffered by an individual or an organization?
5a7e075c5542995f4f4023a3	Metro West Ambulance serves event support for the building in Portland formerly known as what?
5abcfcf0554299114383a1b4	Where in the traditional West Riding of Lindsey is the Trolleybus Museum Located?
5a78ed6855429970f5fffdd9	What is the population of the town that gets it's water supply from Canobie Lake?
5a8be8215542995e66a47518	What is the name of the company manged by Joseph Reiser based in Biel/Bienne, Switzerland?
5a8f495c5542997ba9cb3220	Where is Hawthornden Castle located relative to a castle 9 miles south of Edinburgh?
5a7db62d5542997cc2c4747c	What German state was Karl Julius Perleb born in?
5ae5db98554299546bf82fa6	Shane and Friends have interviewed an American YouTube personality who has two active YouTube channels, which have a combined total of how many views?
5a8a423255429930ff3c0d30	Dost Mohammad Khan was killed by a ruler who became the third king of what country?
5a80fb97554299260e20a1eb	What was the name of the first biography of Brontë written by the author of Mary Barton?
5ab27587554299449642c8af	Who described the captain of the winners of the 1964-65 European Cup Winners Cup as the best defender he had ever played against ?
5a7c74a65542990527d554b0	Which of the two came out first, The Wind in the Willows or The Bears and I?
5a7ff71a5542992e7d278dd0	Suzie Toase is best known for her role as Alecto Carrow in the Part 2 of a movie directed by who?
5a89bf18554299669944a591	Do writers John O'Hara and Bobbie Ann Mason share the same nationality?
5ae22f4e5542996483e6492f	Underfist: Halloween Bash was going to be the setup for a new series spin-off but the contract expired with a cable and television station that was launched on October 1, 19962 by whom?
5ab8c3c65542991b5579effd	How many albums did the company who released Tift Merritt's debut album release for Tif Merritt?
5a7d61645542997cc2c47455	Priest Rapids Dam is located near which nuclear production complex?
5a82d71555429966c78a6a94	Were the Tundra Mine and Negus Mine located in the same country?
5a8ae5d355429970aeb70325	What collegiate division does the team coached by P.W. Underwood play in?
5abccf6755429965836004ab	In what year was the British actress who starred in a film adaptation of a series of eight children's books written by P. L. Travers born?
5adcfc135542990d50227d87	The Legendary A&M Sessions contain five songs by the singer whose work was conducted with what band?
5a77c15f5542997042120b1c	In the British experimental jazz band Polar Bear, who handles digital devices?
5a9064c755429916514e74a6	What is the first name of Jack Benny Binion's father?
5ab43b755542991779162c21	What sports club based in Hamburg Germany had a Persian born football player who played for eight seasons?
5adf39765542993a75d26435	Who was the son and heir of Henry Beauclerc?
5a8ccea555429941ae14deeb	What was the name of the alum by the Scorpions that contained one of their most famous songs written by Klaus Meine and Herman Rarebell?
5ab6390f5542995eadeeff7a	Where was the maker of Cougar bourbon whiskey headquartered before its acquisition by Anheuser-Busch InBev?
5abd4f2e5542993062266c4b	Which plant is indigenous to the western hemisphere, Stephanocereus or Nepenthes?
5ac0d981554299012d1db646	Who was the founder of a chain of supermarkets that is now headquartered on Nott Street in Schenectady?
5a7c716d55429935c91b51b3	Which swiss watch company was forced to merge by the swiss banks in 1983?
5a77a44d5542997042120aba	What census-designated place located in Nassau County, New York has as portions of it's territory, districts of Brian Curran, New York State assemblyman?
5a7cd0fd55429909bec76823	Which band, Matthew Good Band or Switchfoot is still together?
5ac2a55b55429921a00ab018	Who developed the jet fighters operated by the 41st Tactical Squadron of the Polish Air Force?
5ab8ca5d5542991b5579f005	What club does the footballer who surpassed David Beckham for the appearance record play for?
5ac3f1c9554299204fd21ed4	"Lesbian Request Denied" is the third episode of the first season of a series created by who?
5ac559bd5542993e66e82328	Horse the blind is known for nintendocore which emerged from hardcore punk and what genre?
5ade00855542997dc7907118	What was the original name of the theatrical program that was founded by Joseph Papp?
5a8e61165542995085b3741a	What is the architectural distinction of the hotel whose owner and chief developer is Frank Augustus Miller?
5abd05e655429965836004f1	What was the companion piece that Poe's brother published?
5a7fb1765542992e7d278d20	Why does the City of Boston get their christmas tree from Ainslee Glen Nova Scotia?
5a722c2255429971e9dc932c	What type of development, currently existing in Pasay, is currently being considered for malls such as one in M.A. Roxas Avenue in Clark Freeport, Angeles City in Pampanga Philippines?
5ae1408a5542997b2ef7d17c	Which is a university in Pennsylvania, University of New Haven or Carnegie Mellon University?
5a7562045542992db947364f	Which university was founded first, University of California, Berkeley or Saint Louis University?
5ae6233c5542992ae0d1623e	What was Thomas Boutflower Bennet's role at The Collegiate School of St Peter?
5a7cb94f554299683c1c6353	What is the first two words of the fifth studio album of Joseph Edgar Foreman?
5ae17d6855429901ffe4aea7	Which radioshow did Frank Sinatra appear on the year he won an Academy Award?
5ae69fa755429908198fa66c	Jeff Bhasker won a Grammy Award for a song that was the fourth single from what studio album?
5ab56e085542992aa134a315	In what year year was the believed subject of the Lenny Kravitz song "Lady" born?
5a79305755429907847277dd	What prince is a claimant to the former throne of Italy and born in September 1943?
5a7b18d25542992d025e6768	Who distributed a American-Indian-Irish computer-animated comedy-adventure film starring an Irish actor known for playing Miles O'Brien?
5add56a85542992200553abe	Which New South Wales town is larger, Port Macquarie or Bonny Hills?
5ab44cd555429942dd415f10	Rafael de Souza Pereira is a defensive midfielder for what organization that is the top level of the Mexican football league system?
5a7140585542994082a3e6fa	Seal Harris was born in what county?
5ae1f079554299234fd04343	Which county located in the commonwealth of Kentucky is Kentucky Route 393 (KY 393) a state highway in
5ab4314955429942dd415ecd	Profile Lake is located at the foot of a mountain that is how many feet tall?
5ae3249555429928c423962f	The Order of th elithuanian Grand Duke Gediminas features one of the earliest symbols of Lithuania, that was used by the Lithuanian Republic as a minor state symbol during what period?
5a89ba6b554299669944a584	Pippa Hinchleyplayed Elaine Fenwick on a British Soap opera shown on what channel?
5ae226bd5542994d89d5b379	When is the national league which the Manchester United is participating in, set to end in 2018?
5ae0156455429942ec259c15	What is the name of the fashion label that the founder of the Faena Arts Center founded in 1985?
5a7b85c4554299294a54a9d7	What type of vehicle is the Blue Bird Wanderlodge which was manufactured in Georgia by the Blue Bird Corporation?
5ab262a4554299340b5254ac	What was Richard Connell's best known work The Hounds of Zaroff also published as?
5a81d81e554299676cceb0f6	Which car brand was one step above the brand started on November 3, 1911?
5abee2df5542994516f4546a	The director of American crime film, Secret of the Chateau, was known to work at which company?
5ac42ae45542997ea680ca18	What genre of music is Adnan Sami noted for playing on the piano created through a trapezoid-shapped hammered dulcimer?
5abdf72055429976d4830a37	Revival of 1800 was a series of evangelical christian meetings. In what month did Francis Asbury begin attending the revival meetings ?
5ae618325542996de7b71b56	Gerald Grosvenor, 6th Duke of Westminster was succeeded by the British aristocrat who is estimated to be worth how much?
5a8fdd9c55429916514e73de	In which year did this American rapper and actor, from Cleveland, Ohio, who guest-featured in the album "Excuse My French" first release a mixtape?
5a875b2a5542993e715abf0f	What company founded in 1886 has owned the K-Y brand?
5a8ac44055429970aeb70304	Which segment of If These Walls Could Talk did the Goddess of Pop direct?
5ab55a9b5542992aa134a2ba	Legends of the Fall was based on a novella by what poetry and fiction writer?
5a88c92d5542993b751ca84e	What breed of dog are the Basset Bleu de Gascogne and the Beagle?
5ab972485542996be20204f6	The Reverend Jesse Bushyhead was a member of a Cherokee faction led by a chief born in what year?
5adcaa7f5542990d50227cdb	How many chapters does Yōko Shōji's most famous manga have?
5a7933b255429907847277eb	Which composer was also a teacher, Philip Glass or Franz Schreker?
5ae30d4b55429928c42395cc	Besides acting in things such as Home Free, what else did Marian Mercer do?
5a7a6c1a5542994f819ef1d5	Which Arab World's car was  used in a  American action film directed by F. Gary Gray and written by Chris Morgan?
5adfdd1c55429906c02daa74	Which band was formed earlier: Marianas Trench or Tse Tse Fly?
5a7265815542990c210a411b	What is the call sign of the airline that operates the flight with United Express Flight 3411 incident?
5a8c5794554299240d9c2131	Are Willard Mack and Subhash Ghai both involved in film?
5a85ac1e5542997b5ce4001f	What is the alcohol content of the drink normally consumed alongside Rippchen?
5a7a45425542990783324ee2	What American corporation owns Claim Jumper?
5abc40835542993a06baf8ba	When was the peer-reviewed open access scientific journal established in which Milivoje Kostic Editor-in-Chief of the Thermodynamics section?
5a883afc5542994846c1ce48	What city is the band that recorded Renegade from?
5ae0b68e55429906c02daafb	Who wrote the jukebox musical depicting the recording session between the "King of Rock and Roll" and 3 other famous musicians?
5a7dacff5542991319bc93e0	To whom does the term Pietro Colonna Galatino is sometimes referred to as the inventor of refer?
5adf6f075542993344016c91	Where is the game which  High Rollers Casino is a type been played
5a7be1ab5542997c3ec972a9	UFO Magazine covers what subject named for Charles Hoy Fort?
5a8753d95542994846c1cd63	Did John Updike and Tom Clancy both publish more than 15 bestselling novels?
5a794f8155429970f5fffe95	Who was born first, Martin Degville or Richie Furay?
5ab53bee554299637185c526	God Is Not Great is by a journalist which due to his actions made him what?
5ac1a5b45542991316484b8b	Are both Odds and Supergrass rock bands?
5a79edfe5542990198eaf006	Who is is known domestically for his humorous videos and stage performances and released his sixth studio album in 2012?
5a72a3c45542994cef4bc3ac	What is the birth name of the woman that "A Woman Called Moses" is based on?
5abfd3d65542994516f4550b	Are both Don Giovanni and Cardillac operas with three acts?
5ae39fb85542990afbd1e197	Do both Changle District and Longkou face water?
5a7e1a2955429965cec5ea5d	The Cinematic Orchestra was signed to the record label based in what city?
5ab7bf3f5542991d322237a8	Edoardo Soleri is playing on loan from which Italian football club?
5a837121554299123d8c2128	Q1: Which mountain is located in China, Kirat Chuli or Kangpenqing?
5ae616ce5542992663a4f259	What are the names of the co-directors of the psychological horror film starring Emily Browning and Elizabeth Banks?
5ae375955542990afbd1e15d	what is the group called that Dianne Morgan and Joe Wilkinson a part of in the BBC comedy "Two Episodes of Mash"
5abcff225542993a06baf9ea	During the 2004-05 Atlanta Hawks season, the team acquired a former professional basketball player, who is the current head coach of what team?
5a74f5155542993748c89750	What mine was operated by Royal Oak Mines at at earlier date, Kemess Mine or Colomac Mine?
5ab5c31b554299488d4d9a19	"Aroma-scope" used in Spy Kids 4 is reminiscent of what marketing gimmick used in Polyester in 1981?
5ab7f3285542992aa3b8c88f	Suzanne Simone Baptiste Louverture is the wife of the leader of which revolution?
5a7f53ff5542992097ad2f17	In addition to the best known comic servant from Commedia dell'arte, who else is featured in La Surprise de l'amour?
5a7b88165542997c3ec971fe	In what town does the one-time star of "And There's More" now live?
5a7b3ec95542995eb53be8d3	Edward C. Hugger and Alexander Acosta served at appointees for what job?
5ae4843455429970de88d997	Which club, founded in 1928, did Bob Johnson played for
5a73d951554299623ed4ac77	A holdout is an accessory used by cheats in order for them to recieve what?
5adce22c5542990d50227d51	In which football league does the son of Souleyman Sané play?
5ab412da5542996a3a969f15	How many legs does the animal, in which Karl Kraepelin discusses in "Scorpiones und Pedipalpi," have?
5a762cf0554299109176e6a4	Who is older, Bertalan Farkas or Hans Schlegel?
5a7ddd565542997cc2c474b2	What portrait hangs in the Smithsonian Institute along with what is known as the founder of nursing?
5a7b4073554299042af8f733	Why did basketball player, "The Process" not play in the 77th season?
5a873b0d5542994775f607ad	How many rooms are in the building built in 1883 at Garden City in Nassau County, New York?
5a778cae55429949eeb29eeb	Who is younger Chris Gould or Robbie Gould ?
5a7c00a55542996dd594b87e	San Jose Secondary Educational Center, is located on the cost of what sea?
5a8f68795542992414482ab5	What member of the South Korean-Chinese boy group EXO stars in the upcoming movie "The Underdog"?
5a8b6f9a5542995d1e6f138f	Did the host of Splash! win a gold, silver, or bronze Olympic medal?
5add98ef5542997545bbbd82	WFMT FM radio transmits from the second tallest building in the United States, which is located where?
5a7a5cc955429941d65f25d6	What is the birthday of the author of "She Walks These Hills"?
5adc9d145542994d58a2f67d	Charles Coughlin was a controversial Canadian-American Roman Catholic who also started what rumor?
5a8af05d55429950cd6afc1a	Joe Ford played for which football club based out of Old Trafford?
5ae8164d5542994a481bbeb6	Emily Beecham is best known for her role in a televsion series whose second season premiered on what date?
5a8fdb955542990a98493572	One of the directors of Mediastan is well-known for founding what organisation in 2006?
5abc6c2655429959677d6aac	In which county does the United States Navy air base located in which  Attack Squadron 174 (VA-174) was based on?
5a81a4615542995ce29dcc1e	Where is the closest relative to the whale located?
5a827ce155429940e5e1a8d7	Which player won more Grand Slam titles, Kevin Ullyett or Billie Jean King?
5a81f49c5542995ce29dcc9a	The physicist that saw a deficiency in Newton's classical theory of gravity received a Nobel Prize in what year?
5a82bdd655429940e5e1a92a	In what year did the parent show of The URL with Phred Show end?
5a8457835542990548d0b28a	What two shows is the director of the first "Clone Wars" series known for creating?
5ae00a27554299025d62a3bb	What Chinese company helped develop the aircraft that preceded the Chengdu J-7?
5ae4aba25542995ad6573e12	Michał Wiśniowiecki was related to the King of Poland and Grand Duke of Lithuania Michał Korybut Wiśniowiecki in what way?
5ade99ad554299728e26c75d	How many acts is the ballet Rita Sangalli premiered in, in the year 1876?
5ab3c470554299233954ffa1	Billy King was an Australian rules footballer who participated in a game that was contested between the South Melbourne Football Club and Carlton Football Club, and was held at what location in Melbourne in 1945?
5abca1a55542993a06baf937	When did the park at which Tivolis Koncertsal is located open?
5ab56db7554299494045efc6	Maine State Route 111 connects Alfred to Biddenford but what county is Alfred in?
5a905f2a55429933b8a204fb	Do tennis players Kathy Jordan and Sergi Bruguera have the same nationality?
5ab9379a554299753720f79d	Which University, University of New South Wales or Purbanchal University was established first ?
5adc861c5542994d58a2f62c	What is the main base for the parent company of LATAM Express?
5ae5e62455429929b0807a07	Giovanna d'Arco is an opera that was created by the composer of what nationality?
5ae64b1d55429929b0807b24	Who manages the Laboratory that ran the Aurora Generator Test?
5a71299e5542994082a3e5fe	Drisheen is what type of product made in Ireland and other parts of Europe?
5aba7bb4554299232ef4a2ee	The 59th Infantry Division covered the deployment of the 35th Infantry during the Allied operation during what war?
5a71446b5542994082a3e72a	Who signed into law the act made to lower barriers to adoption?
5a78fe8155429970f5fffe11	Who was born first, Steve Hogarth or Donnie Munro?
5adddb415542992200553b61	What are both Jack Rabbit and Leap-The-Dips made of?
5a7545605542993748c89807	Michael Mark Brodsky is known for his translation of what Irish avant-garde novelist, playwright, theatre director, and poet?
5a90bdea55429916514e754b	What man with a lazy left eye starred in Sacred Ground?
5abde4ed5542991f66106097	What is the name of the girl group that the host of the Nickelodeon Australian Kids' Choice Awards 2006 was a member of?
5a7b4fee554299042af8f748	What man is linked to both Johnny Tremain and Magic Kingdom?
5ab527205542996a3a96a03d	On what album is Samuel "Sam" Ervin Beam's cover of "Such Great Heights" featured?
5adf5cd25542992d7e9f9320	What city in the Philippines is home to the Robinsons Galleria and the 4th largest shopping mall in the world?
5a77d5e655429967ab1052cc	Which one of Magna Publishing Group's tiles is a spinoff of the UK's Club International?
5a7bb16f554299294a54aa9f	Rani Jhansi Marine National Park commemorates what queen of the princely state of Jhansi in North India?
5abebb8f5542994516f4540a	Which English singer from the 1960s has an album entitled Dangerous Acquaintances released in 1981?
5adfa451554299025d62a319	The first Latina Supreme Court Justice was part of the majority decision of a case that upheld which previous supreme court case?
5ab34a76554299233954ff3f	Who was the pivotal in the formation of schools catering for the primary and early secondary education of children in remote and outback Australia?
5ae178a155429901ffe4ae92	In which 2017 film did this South Korean actor of  "Dream High" (2011) and the 2012 South Korean television drama series featuring Han Ga-in, Jung Il-woo and Kim Min-seo appeared in 2017?
5a823f61554299676cceb234	Where Ken Kwapis and John Woo both working on films in the 1980's?
5abefa5b5542997ec76fd3a3	What is the name of the town linked by rail to Kendal, named after a lake of the same name?
5abe80a855429976d4830b43	The company that Park Joo-mi made her entertainment debut as a model for has its headquarters in what building in Seoul?
5a7698c2554299373536010d	What is the total circulation of the magazine that called Ohio State Route 78 one of the most scenic highways nationwide?
5abd85375542993062266cba	Chancellor Otto von Bismark and Reichstadt agreement were also part of what League?
5a8de7c65542995085b37353	Opel once owned and manufactured the brand known under one shared name in New Zealand and Australia, and that brand is now a subsidiary of what company?
5a734f4455429901807dafba	Who was the woman whose execution for treason by German firing squad was the reason for Prussian Generalleutnant (Lieutenant General) Traugott von Sauberzweig's replacement as Military Governor of Brussels in 1915?
5a7647505542992d0ec06089	How has played in more bands, Kim Wilson or Chino Moreno?
5a8f9c3f554299458435d69a	The album "Mr. 12 String Guitar" features a singer that hosted a variety show from 1969 to 1972 on what newtork?
5ae0aefe554299603e418437	Which Turkish leisure airline started operations under its own AOC in April 2011?
5ab93841554299131ca422cb	Phil Urban CEO of Mitchells & Bustlers manages what in the United Kingdom?
5a749af055429979e28829b7	Which Walt Disney film was produced first, The Apple Dumpling Gang or Something Wicked This Way Comes?
5ab587ad5542992aa134a34b	What was the real name of the author of the book "Coraline" has been compared to?
5a8d9e0f554299441c6ba015	The actor that played Gutthi on Comedy nights with Kapil Show also starred in what 2016 Punjabi film directed by Smeep Kang?
5ae0039555429942ec259be1	Between MetroSource and Chicago, which magazine is published more frequently?
5ae4758b5542995dadf24342	Who has a wider scope of profession,  José Echegaray or Graham Swift?
5a7280105542994cef4bc2e4	Indie studio Jumpship developed what puzzle-platform video game released in July 2010?
5a8b922e55429949d91db5e6	What genre does Orkworld and John Wick have in common?
5a89fa2655429970aeb701d2	Are Stanley Elkin and Anne Tyler from the same country?
5ac2a3c7554299218029dadb	Which genus has more species in it, Othonna or Stangeria?
5a75f0bf5542994ccc91866b	Who is younger, Pelle Almqvist or Steve Winwood?
5a7bb2595542995eb53be99b	Who was born first, George Kuchar or Arthur Penn?
5ae3a1aa5542994393b9e72d	Besides the song "OK Computer" what did the same band record in 1995?
5ab65e1e55429954757d3261	Which star of Here Come the Munsters was born in Philadelphia ?
5a8078e95542992bc0c4a72c	What network does the original presenter of ITV Nightly News currently present for?
5a72160e55429971e9dc9253	Who is the son of the author of the short story "The Enormous Radio."
5ab981555542996be2020532	Is Bob Hewitt a citizen of a different country than Ray Ruffels?
5ac15de55542991316484afb	Were the films Crazy Love and Welcome to Nollywood both released in 2008?
5a76538d5542992db9473764	Which singer/songwriter is the Executive Vice President of A&R at Capitol Records: Nate Albert or Rod Stewart?
5abeb7eb5542993fe9a41d1f	The 2010–11 Old Dominion Monarchs basketball team was led by the coach of what nationality?
5ab4832e5542991751b4d79d	Who wrote the 1996 American historical drama film in which William Preston appeared?
5adf33a05542993344016c22	Which award did the author of Anastasia on Her Own win in 2002?
5a84c4bb5542991dd0999dec	Who was involved in observing the natural progression of untreated syphilis in rural African-American men in Alabama?
5adc7b855542994650320d1e	What county is the congressional district that Hansen Clarke was a U.S. Representative for in?
5a7a2be25542996a35c17118	Which band has had more members, The Operation M.D. or Del Amitri?
5a8016215542992bc0c4a6a3	Which producer from the 2015 British documentary film about the life and death of British singer-songwriter Amy Winehouse also worked on the film Oasis: Supersonic as a film producer?
5adce3265542992c1e3a2466	What title did the author of Det norske Theater's first production hold ?
5ae8096f5542994a481bbe99	What lawyers were featured in The State of Marriage, with the lawyer nominated by Governor Peter Shumlin?
5a776b82554299373536026f	What is the official currency in the country that hosts the Asahi-Ryokuken Yomiuri Memorial tournament?
5a78eea555429970f5fffddf	Q: Who was born first Richard Boleslawski or Herschell Gordon Lewis?
5a816db055429903bc27b961	In what city are both 8 Spruce Street and the World Trade Center located?
5abfca465542993fe9a41e65	which league is the 121th season of top-tier competitive football in Switzerland which Ulrich Forte coach FC Zürich in the league
5a75d8dc5542992db94736f0	Andrea Camplone is a football coach in which 22-team competition?
5ac3d667554299076e296ca5	Which dog is based in Switzerland, Appenzeller Sennenhund or Drentse Patrijshond?
5ae52cb955429908b6326540	What is type of philosophies is The Structure of Liberty about?
5ac17c025542994d76dcce70	Reveille Park is the eighth album by which American rapper born on October 5, 1970?
5abde4595542991f66106095	Where does the descendant of the Red Setter originate?
5abe18e055429976d4830a74	Is the university that owns WCSU-FM historically black or white?
5a7fac0055429969796c1b1b	In the USA, a tobacconist, also called a tobacco shop or smoke shop, is traditionally represented by which advertisement figure, that is often a three-dimensional wooden sculpture several feet tall?
5ab984a2554299131ca4235a	Which American comedian, actor, writer, producer and voice actor from "Hot & Fluffy" voices a character in The Nut Job?
5a84d2775542994c784dda5f	What disease is the Wolf Prize winner and Vadim  Bereinskii-inspired Nobel laureate suffering from?
5a7324205542994cef4bc478	Who is a poet, Rumi or Farouk El-Baz?
5ab28c73554299340b525512	Britt Walford played with what musician who is best known for his guitar work in the band Maurice
5a8b91d25542995d1e6f13fc	What occupation have Carly Gullickson and Francesca Schiavone both held?
5ac2759655429921a00aaf7f	What genre of music did Benjamin Burnley and Yannis Philippakis have in common?
5ac2eaab5542990b17b154a4	Name the movie that was cowritten by Paul Rudd and the director of the 2011 British science fiction horror comedy film written and directed by Joe Cornish and starring John Boyega, Nick Frost, Jodie Whittaker and Luke Treadaway.
5ab93262554299131ca422b6	Om and SIx Organs of Admittance are both what?
5a85ebe75542996432c5712a	Are both Ride a Wild Pony and Frozen 2 computer-animated films?
5ae6a5d15542991bbc97615d	Barranca de Yaco is a geographical feature along an ancient road that is approximately how many miles long?
5ae54c085542992663a4f1c4	What are some other areas that share a common deer species with the forests of Mara and Mondrem?
5ac248fd55429951e9e68525	What is the approximate population of the town near which Forward Operating Base Gibraltar was located ?
5add16b65542990d50227dd2	What is the age range of the league for which the Bobby Smith Trophy is awarded?
5a84cd4b5542991dd0999dfe	Are both Kyosuke Himuro and Boy George musicians from the 1980s?
5a81f85d55429926c1cdadca	The pilot and author of Highest Duty: My Search for What Really Matters was hired by which news station in 2011?
5a7c35025542996dd594b8d7	How to Irritate People was a broadcast written by an English actor who got his start on what television program?
5a774c0155429966f1a36ce2	Which women's magazine was published first, Mirabella or Home Monthly?
5ab2c6a955429916697740c2	Which country is the Taipa island part of?
5ae5e0a6554299546bf82fa9	What year did the VIacom subsidary, Paramount Pictures make the silent film Through the Glass Window?
5abd1b6e55429933744ab729	Which of the following cities is a county-level city, Jingzhou or Zixing?
5ae3d4345542992f92d82387	The group formed during the summer of 2007 included what girl born in 1987?
5a82a91155429940e5e1a911	Which documentary film came out first The Last Lions or Prophet's Prey ?
5ab5ecd75542992aa134a3e6	Which Dutch media tycoon transferred all of its media activities to Talpa Holding?
5a8e1577554299068b959e54	What professionn does Stanley Kwan and Ken Hughes have in common?
5a7c8cea55429935c91b5214	Focus is a 2015 American romantic crime comedy-drama film starring an Australian actress who was also cast in what soap opera?
5ae532365542992663a4f150	What year was Playford B Power Station permanently closed in by its Australian operator?
5ae1467a554299422ee99659	Rebecca M. Bergman is the President of a college affliated with what church?
5a80b322554299485f5986c8	The twenty-first season of South Park was entitled "White People Renovating Houses" is which episode of the series overall?
5abe044d5542991f661060a7	What association did the woman whose museum is located in the Bolling–Gatewood House help found?
5ab2b666554299194fa934ca	Who married a man who starred in Marcus Welby, M.D.?
5a75404a55429916b01642be	At what university can the building that served as the fictional household that includes Gomez and Morticia be found?
5adc411f5542994650320cbc	Which satellite was operational for longer, International Ultraviolet Explorer or EXOSAT?
5ae01b8855429925eb1afc14	When was the German actress born who is best known for her role as the Borg Seven of Nine and who has role in  "Body of Proof" as Dr. Kate Murphy?
5a8c49655542995e66a47598	Which college was founded first, Williams College or University of Southern California?
5a79c9cc554299148911fa53	Which was released first, The Greatest Game Ever Played or Hot Lead and Cold Feet?
5abf8e135542990832d3a14f	whiich Australian racing driver won the 44-lap race for the Red Bull Racing team?
5adcf83855429947343537e1	Where in London was the 2012 Olympic event featuring athletes such as Katsuaki Susa held?
5abcd19c5542993a06baf971	The first edition of the Dungeons & Dragons Basic Set was written by a professor at what university?
5ab816b05542990e739ec815	Victor Koman's Ph.D.  in Information Technology was conferred by a university located in which city ?
5ab3bfd3554299233954ff99	The Nike Hoop Summit has had many current NBA players as former participants, including what German player from the Dallas Mavericks?
5ae55b8255429908b63265ef	What chef is the owner of a Japanese restaurant in the Tribeca neighborhood and also owns two Bar Masas in New York and Nevada?
5a7108fa5542994082a3e4ef	Which battle, the Battle of Cold Harbor, or the Second Battle of Bull Run, was fought first?
5ae34b275542992e3233c371	Which award David Hersey had got for Equus a play by Peter Shaffer ?
5a812cd555429926c1cdacfc	Which drink is larger, the Apple-Kneel or the Flaming volcano?
5ade063d5542995b365fabcd	Donnie Smith who plays as a left back for New England Revolution belongs to what league featuring 22 teams?
5ac4efa85542991943173a04	Which body of water flows through more states, Tamiami Canal or Genesee River?
5ab33ef955429969a97a810e	Corn Ranch is a spaceport where test flights are carried out by a company headquartered in what state?
5a7df7115542990b8f503b0f	Who was born first out of Todd Field and Aaron Katz?
5adfd0d455429942ec259b4d	What Andy Williams' album did a song written by Charles Wesley appear on?
5a7f697c5542992097ad2f59	Who co-wrote The Hidden History of the Human Race with a man know devotionally as Drutakarma dasa?
5ab5ec795542997d4ad1f252	What abbey, founded in 598, was Clarembald a monk at?
5ab5f249554299488d4d9a5d	What class of yamaha class sport bike motorcycle did Ryuji Yokoa use when he finished as champion in the MFJ All Japan Road Race GP250 Championship in 2006?
5a810d7655429903bc27b915	What instrument does Duff McKagan play on Macy Gray's single, Kissed It?
5ac00de75542996f0d89cb13	Who designed the casino that The Venetian Macao is modeled on?
5adecc7755429975fa854f9d	What WikiLeaks using whistleblower is notable for having a hacking organization with a user base of over 1,800,000?
5a7412b655429979e28828a1	Who was the husband of the prominent Walton family member who died after John died in 2005?
5ab484415542990594ba9c44	Which facility was founded in Missouri, Discovery Zone or Valentino's?
5ac1436f5542991316484aad	Kevin Short had a role as the Jailer in which three-act French opera?
5ab234c65542993be8fa98c6	Armie Hammer stars as Oliver in a film directed by who ?
5a775bd65542993569682d6b	What classmate of Tony Hendra is the Director of Research at the Centre for Theoretical Cosmology within the University of Cambridge?
5add67705542992ae4cec54f	Who is a Brazilian mixed martial artist in the UFC who Namsaknoi Yudthagarngamtorn coached?
5a74b55455429974ef308c39	what year was the writer of the blog Preposterous Universe born?
5a89e4585542992e4fca8454	George Reed was, along with which Drake University player, one of the greatest running backs in CFL history?
5ae32fc655429928c423965d	Siegi Sessler was the restaurateur whose club was frequented by which actress with Welsh ancestry?
5abaf0ec5542996cc5e49f22	Where is the American honky tonk country band, whose first studio album was Honky Tonks and Cheap Motels, based?
5a80b52f554299485f5986d6	What prominent director worked with Orion Pictures and was born in December of 1935?
5a7c47c35542990527d55481	In the 1970s, which group acquired this department store group in the United Kingdom whose co-founding director is the father of Lieutenant Colonel Donald Swain Lewis?
5ab487765542990594ba9c4e	The USS Daedalus was named after an exiled Athenian representative of artists from which culture?
5ae72e79554299572ea54763	Command and Control was a book that discusses the 1980 incident in what state?
5a8672e4554299211dda2b39	Which iPhone was the first to be completely developed by the Chief Executive Officer of Apple who was born in 1960?
5a8e27d45542995a26add46a	Jaclyn Stapp is married to the former frontman of a band that disbanded in what year?
5ac3d10b5542993915413952	Which player is from Brazil, Jimmy Connors or Maria Bueno?
5ae37b4d5542991a06ce99ce	When was the University established where Laura Landweber is a professor ?
5a7f010955429934daa2fc8b	Were Basil Dean and Francis Ford Coppola both alive at some point in time?
5ac3b4cc554299741d48a2eb	Whitford Lodge once held a branch of the bank that later became which national bank?
5a8f55aa554299458435d5bc	Who created the term that the author of A Piece of Danish Happiness uses to explain why Danish people are the happiest in the world?
5ab4147a5542996a3a969f1e	How many players are in the club in which Stephen Curry became part of in the 2015-2016 NBA season?
5a7b40cd5542995eb53be8d4	Which magazine has been around longer, Guitar World or Golf Digest?
5ae3e59a5542994393b9e79e	Bride of the Regiment was later remade into a 1948 film starring the actress and pin-up girl who was the highest-salaried American woman in which two years?
5ae34a225542992e3233c370	Did the playwrights Eugène Ionesco and Paul Scott live during the same time period?
5ab950bd55429970cfb8ea4c	Svíčková is a dish that includes dumplings that are prepared in what way?
5a8ed8b955429917b4a5bdd3	North Midland Divisional Engineers took part in a battle during WWII that went on for how many weeks ?
5ae45b6b55429970de88d943	What Lord of the Rings actor starred alongside Paul Hogan in Flipper?
5a8ff69655429916514e73f1	Who co-starred in an episode of The ABC Comedy Hour with the man who played Duke Slater in "Gomer Pyle, U.S.M.C."?
5ab4b9f75542990594ba9ca4	Who covered the song I Love You by Chris Write?
5aba97ed55429901930fa84d	What was the title of the failed magazine that preceded and inspired the The Science Fiction League?
5a7af8fa55429927d897bf25	Consider the band formed in 2015 by JYP Entertainment through the reality show "Sixteen". How many tracks are on the reissue of their third album?
5a8d09a955429941ae14df71	This British television series was adapted from one of the better-known novels of a 19th-century writer and was first published in what magazine?
5a8727dd5542991e771816f8	Wojtek Wolski played for what team based in the Miami metropolitan area?
5adbfb6b55429947ff17388d	What IBF Light Flyweight Championship winner was related to the Mexican boxer born on May 28, 1986 in Mexico City?
5ae494575542995dadf2434d	Jayaprakash Narayan was posthumously awarded what highest Indian civilian award?
5a808b57554299485f598651	Ithihasa and the Indian music composer of  "Chronic Bachelor", "Udayananu Tharam", "Naran", "Puthiya Mukham," "Urumi", "Grandmaster" and "Bhaskar the Rascal" are known in what type of films/cinema?
5a8b59a65542995d1e6f137c	Are Stephen Frears and Jan Švankmajer from the same country?
5ac06191554299294b218fab	Phoebe Ruguru created a 2014 film on a smartphone marketed by what company?
5a8205b755429926c1cdadee	The Wright Model B was an early pusher biplane designed by what inventors and aviation pioneers who are credited with building the world's first successful airplane?
5ae2090a5542997f29b3c214	Kieran Crichlow is a footballer from what island in the Lesser Antilles?
5ae4ad375542995dadf243a4	The home video game console that was developed by Sony Computer Entertainment is a platform for a racing video game developed by who?
5a716a9b5542994082a3e821	What actor from "Willow" also starred in "The Usual Suspects"?
5ab674b7554299110f219a0c	What American filmmaker was the co-founder of Troma Entertainment film studio, Stanley Lloyd Kaufman, Jr. or Jay T. Wright?
5ac370ce5542995ef918c18c	Are Southwest Florida International Airport and Henry E. Rohlsen Airport both in Florida?
5ae76c235542991e8301cc97	Matt Doheny lost his primary race to what current youngest woman ever elected to Congress?
5a7e05f75542995f4f402394	Which was released first, Hot Girls Wanted or China Blue?
5ab7f1315542991d322237d1	"Look At Us Now" is a song by American DJs based in which city ?
5a8b6ac055429949d91db5a5	Charles Barton "Chuck" Kendall, Jr. was reportedly interested in purchasing the Los Angeles Clippers from which Jewish-American businessman?
5ab9535a5542996be202047e	How many episodes were in the season of "Rick and Morty" that featured an episode called "The Ricks Must Be Crazy"?
5a7c0aa15542997c3ec972cd	The star of "Under the Silver Lake" made his debut in what film?
5ab6ba045542995eadef007e	Dorian Gray is the main character of what philosophical novel whose editor feared the story was indecent, and deleted roughly five hundred words before publication?
5ab89cc25542991b5579efc3	Darryl Kubian's "O for a Muse of Fire" is based upon the events surrounding which historical battle?
5ae1e2765542997f29b3c162	Evan Williams played for what professional football club that was originally known as St. Luke's FC?
5ae5e762554299546bf82faf	Where was the Barbadian singer which Rihanna was his then girlfriend raised in
5a75428b55429916b01642c8	What was the name of the first soundtrack album made by the woman who is referred to as the Queen of Pop?
5a84b5975542991dd0999da3	In what ecclesiastical province is Stephen Conway currently part of?
5a7797a555429967ab105208	Who is younger, Wayne Coyne or Toshiko Koshijima?
5abe64bf55429976d4830b13	In the Morpeth Arms pub in London, there's a Spying Room with a view overlooking the headquarters of which organisation?
5a7af74e55429931da12c9b5	Which band formed first, Duran Duran or The Fratellis?
5adea19a55429939a52fe919	The infantry rifle regiment of the British Army that Talaiasi Labalaba served in was first created in what year?
5addffff5542992200553bdd	How many Academy Awards did the film, in which Jimmy Bryant provided the singing voice for the character Tony, win ?
5adce4f65542992c1e3a2474	What program responsible for the Health Insurance Portability and Accountability Act works with AHCCS?
5a85f4425542994775f606c4	What movie genre does both "The Trials of Life" and "Human" belong to?
5ab7f27e5542991d322237d6	Aughton Park railway station is on a branch of the Northern Line how far from Liverpool?
5ae236445542992decbdcc69	Larry Porter was formerly assistant head coach under what  American coach that served as head coach at Louisiana State University from 2005 to 2016
5ab8397155429919ba4e2272	What was the event where Jacob Minah had his personal best also known as?
5a88016b5542997e5c09a58a	Migene González-Wippler is leading expert on a religion that developed among which ethnic group ?
5ac2cb125542996773102626	Are both Leycesteria and Anigozanthos native to Australia?
5a7220f055429971e9dc92ac	What was the Volvo S70 essentially modeled after and was the first all wheel drive Volvo?
5a7a073a5542990783324dfb	Who was born first, Helen Jonas-Rosenzweig or Amon Göth?
5ab985eb554299131ca42360	Between Greyia and Calibanus, which genus contains more species?
5a84abaf5542997b5ce3ff06	Corbin Sinclair Bryant played for the Buffalo Bills and what other NFL team that was founded in 1933, and is the oldest franchise in the AFC?
5ab8883455429916710eb084	The 2008 IIHF World Championship rosters recognized the top defenceman as which Canadian professional ice hockey defenceman, who at times has been utilized as a forward, currently playing for the San Jose Sharks of the National Hockey League (NHL)?
5a80caac554299260e20a161	Were both Prince and Patty Jenkins have been inducted into the Rock and Roll Hall of Fame?
5a7b6e1d5542997c3ec9716e	literary magazine Okyeame was inspired by this first prime Minister of Ghana whom led Ghana to independence from what country?
5ab935c755429934fafe6e74	What was the nationality of the "Lonely Hearts Killers"?
5a8e3f2d5542995a26add48f	Black Star is the debut fragrance by a singer-songwriter that has sold approximately how many albums worldwide?
5a89da93554299669944a5cc	Kiskiack is a building that still stands at what York County, Virginia naval base?
5a7efd2f5542994959419a9c	Which band opened for more major international acts, Blessid Union of Souls or Blue Peter?
5abed4d55542990832d3a0e0	Are Tantrix and Personal Preference both types of games?
5abd583255429924427fcfb9	Both Olaf Eller and Lars Eller are involved in which sport?
5ae684fe5542991bbc97610e	Meomi Design works include The Octonauts book series, how did the adaptations of the series continue?
5ab2958c554299449642c912	When was the only long-term psychiatric hospital operated founded in a county in the USA with a population of 9,298 in 2010?
5a7c6753554299683c1c62f9	What South Korean girl group formed by S.M. Entertainment recorded the Korean language song Lion Heart?
5a74bfa55542996c70cfadcf	Which star of the 1986 movie "Castaway" was an owner of a Panther De Ville?
5aba55f25542994dbf0198e0	Which space mission did the man, in which the Onizuka Prop Wash Award is named after, perish?
5ac507825542994611c8b32b	Angry Dad: The Movie  was first introduced in what episode of "The Simpsons" That was the eighteenth episode of the thirteenth season
5a79258a55429974737f79a8	In the seventh-largest country in Africa, what is the oil prodcution of the city at the mouth of the Congo River?
5a7f732d5542992e7d278d02	Who was born first, Adrian McLaren or Ryan McLaren?
5a87c7dc5542996e4f30891b	What is the weight limit of the weight class that Takeyasu Hirono fights in?
5a7769a35542993569682d8f	Which documentary was release first, Baghdad ER or The Ten-Year Lunch?
5a712c4b5542994082a3e622	What heritage site, known for a British explorer, is listed Seventeen Seventy Australia?
5addd5795542990dbb2f7e9d	Used to This was included on the streaming version of the album released in 2017 on what label?
5a7a77425542995eb53be83e	Who has released more solo albums, Nick Carter or Brady Seals?
5a84995d5542997b5ce3fee4	Cooperative Living Organization is located in a city that is the county seat of what county in Florida?
5a7e618155429949594199b0	New York State Route 9R rejoins its parent in a hamlet located  in what New York County?
5ac258cc554299636651998e	Ray Roughler Jones single-handedly produced the magazine Roughler, but what Swedish singer-songwriter made contributions to the magazine?
5adf75e35542993344016c98	What American horror film directed by Sidney J. Furie was based off an alleged haunting which occurred in 1974 at Culver City, California?
5a775f8a5542994aec3b72ba	Who is the American singer-songwriter, who won an award for Best Female Video at the 2009 MTV Video Music Awards, and wrote a song for the 'AT&T Team USA Soundtrack'?
5a84b7db5542991dd0999db0	Are both Götterdämmerung and Dafne considered operas?
5abe024c5542991f661060a2	In what city is the football club that Robin Himmelmann is a goalkeeper for based?
5ac5391e5542994611c8b439	Sal de Mi Piel is a song by the actress who is of what nationality?
5abff0625542997ec76fd476	In what Mississippi county is the city that is located five miles west of the county seat of said county?
5ae277575542996483e649b2	What is the name of the largest film production company in Hong Kong that won the "Best Cinematography" at the 21st Asia Pacific Film Festival?
5a7ca0ef55429907fabeefd3	Which professional tennis player was born first, Lucie Hradecká or Raffaella Reggi?
5ae3eeb25542995dadf2425e	Toni Braxton: Revealed was performed at a hotel and casino owned and operated by who?
5a886098554299206df2b248	What type of profession does Alexandra David-Néel and Jack Kerouac have in common?
5ae1e9635542997f29b3c19e	Which airport is located further north in the United States, San Angelo Regional Airport or Grand Junction Regional Airport?
5a85b0c85542994c784ddb40	What institution does 2017 Texas Tech Red Raiders baseball team and Dan Law Field at Rip Griffin Park have in common?
5abe9f7d5542997ec76fd331	What football league did the person that Wilfred Bamnjo's nickname come from play and work at?
5ae692e35542996d980e7c0e	What is the birthdate of this King of Italy, claiming thrones of Ethiopia and Albania and father of Princess Yolanda of Savoy?
5a762f4755429976ec32bd44	What conference is the team that is head coached by the uncle of Scott Turner?
5ae763aa5542995703ce8c09	Who voices Chef Mung Daal in the American animated television series created by C. H. Greenblatt?
5adfe6c455429906c02daa85	Which store in Gurney Paragon was founded in Belgium in 1926?
5a8230af554299676cceb227	Have filmmakers Enrico Cocozza and Mira Nair both been nominated for awards for their work?
5a79240955429974737f79a4	Which dog is native to France, the Basset Bleu de Gascogne or the Bulldog?
5a888b8e5542997e5c09a60a	Where are schools in the athletic association Cardinal Hayes High School is part of located?
5ab529965542990594ba9d1e	Which casino closed first The Atlantic Club Casino Hotel or Trump Plaza Hotel and Casino ?
5abe3f3455429976d4830aa8	What company started the urban complex development that included the highrise building, The Harmon?
5ae352285542994393b9e685	Rumble Fish was a novel by the author of the coming-of-age novel published in what year by Viking Press?
5a8b82a05542995d1e6f13d0	Are University of Virginia and Massachusetts Institute of Technology in the same country?
5ab2bc6b554299545a2cfa40	Pablo Jose Ozuna is the cousin of a Dominican professional baseball left fielder who made his MLB debut in what year?
5adf07f25542992d7e9f9279	What apartment complex originally constructed in 1927 is included in Manhattan Community Board 6?
5a7dca645542990b8f503aab	Who was born first, Anaïs Lameche or Darren Hayes?
5a7136e25542994082a3e67e	What Hong Kong actor born in 1980 will star in "Heart and Greed"?
5ae1faf15542997f29b3c1e3	William Davis Ticknor, Sr. served on the board of a chemical and biotechnology company created in what year?
5a7d5c175542991319bc93b1	Between Harvey Pekar and Denise Levertov who was born earlier?
5addfdfa5542997dc790710b	Cave-In-Rock, Illinois was a stronghold for serial killer/bandit brothers who operated in which century?
5a7c6fde55429907fabeef87	WWE Super Tuesday took place at an arena that currently goes by what name?
5ade043d5542997dc7907122	Which scientist at the University of Alabama in Huntsville co-developed a satellite temperature record with John Christy?
5ae7376f5542992ae0d163d2	A Talk is an EP by which South Korean singer and dancer?
5ae2994d554299492dc91c31	Which of the bands, Hot Snakes or UB40, has more band members?
5a7a0a2d5542990783324e06	The Dressing Point massacre occurred 2 years after which important document was passed in Mexican Texas?
5a8ad8b65542992d82986fa2	Who was from farther west, Max Neufeld or Eduard Zahariev?
5a89007355429938390d4026	What Brooklyn-based rapper has worked with both Rafeal Casal and Mos Def?
5ab934465542996be202043e	Is there fruit juice in both a Fizz and a Painkiller cocktail?
5ae4a75a55429913cc2044bc	Which opera has more acts, Louise or Le roi malgré lui?
5a865cac55429960ec39b675	Which opera was performed first, Thaïs or Euryanthe?
5a82e36255429940e5e1a93b	What Manchester United and Portuguese national winger scored a goal in the 2009 FA Community Shield?
5a7348555542994cef4bc503	Which work of William Shakespeare is thought to be a collaborative effort of himself and Thomas Kyd?
5adf34ff5542992d7e9f92ce	Which Houston, TX based store did Paul Traub participate in the bankruptcy hearing?
5a7568175542992d0ec05f88	This French comedy directed by Philippe de Chauveron starred actress Julia Piaton.
5a817d8c55429903bc27b974	Jim Jeffcoat is currently an assistant football coach in a university that was founded how many month before Colorado was admitted to the Union ?
5a74d92555429929fddd84fa	What was the name of the bear promoted to corporal in the Polish army, and celebrated by an ongoing fundraising trust based in Scotland?
5ae7793c554299540e5a55c2	What park replaced American's first waterpark designed by the creator of seaworld?
5ab296a6554299194fa93415	Is Cartagena or Chess more popular around the world?
5a7d1c525542995ed0d165f2	Where is the host of the American survival skills reality show, The Island, originally from?
5ac403c45542997ea680c9b5	Where does Tiko's Spanish football club hold home games at?
5a84d4555542992a431d1aac	What award was won by the director who directed the eighth musical by the team of Richard Rodgers and Oscar Hammerstein II?
5a8b83bc55429949d91db5c0	Bandit was built in 1988 by which Japanese amusement ride company that built roller coasters, giant wheels, carousels, flumes, dark rides, sky cycles and other amusement rides?
5ab8338155429919ba4e2260	What is the name of a member of the North Melbourne Football Club, whose brother Rob has starred in Bridgetowns Cricket Clubs Premiership in 2016/7?
5ab66e1355429954757d32b2	Are Sunset Strip and American Hardcore both music documentaries?
5a8a521d5542992d82986f15	For which team does Mads Bødker player that is controlled by Danmarks Ishockey Union?
5ab99a215542996be202056a	The castle where "Spook Squad" was filmed is in what part of Scotland?
5ae7a5f05542993210983ece	This कसबा पेठ विधानसभा मतदारसंघ is an example of a language that ranks what in the number of native speakers in India?
5a7e59c855429934daa2fc0f	Who has held more positions in the film industry, Donald Cammell or Justin David Swibel?
5a735bae55429901807dafef	Which indigenous people of the Ryukyu Islands were massacred in the Mudan incident of 1871?
5a7f0be055429930675135fe	Which English crime writer wrote the 2005 psychological thriller "The Devil's Feather"?
5adce12e5542990d50227d4f	Walter Giffen is from a suburb of which South Australian city?
5a8ab6be5542992d82986f5f	In which city was this band formed, whose rhythm guitarist featured in "Cupid's Chokehold?"
5ae796af554299540e5a5623	Where was the capital of the Arab country, in which the Aulacodes peribocalis moth is found, relocated to?
5a80e468554299260e20a1a9	Was Suzanne Chun Oakland a member of the upper of lower chamber of the Hawaii State Legislature?
5ae4accf5542995ad6573e19	The actress that plays Julia McNamara in the series "Nip/Tuck" also appears with Laurence Fishburne in a 1997 horror film directed by who?
5ab632aa55429953192ad296	Trautmann is an upcoming British-German biographical film, starring German actor David Kross as a german footballer who played in which position ?
5a7c96e55542990527d554d9	How did Pre's Trail's namesake die?
5ab6ba9d5542995eadef0083	What is the first name of the mother of the artist who interpreted Karla  Bonoff's Tell Me Why ?
5ac2a288554299657fa28ff5	What Nickelodeon movie stars the actress and YouTuber who appeared alongside Jon Voight in the 2016 film American Wrestler:The Wizard?
5ab2123155429970612095b9	What did Mustafa Kemal Atatürk's residence become once it became Atatürk Museum Mansion?
5a7b192855429927d897bf39	Which filmmaker, Stan Brakhage or Alfred L. Werker, was a non-narrative filmmaker?
5ac510255542994611c8b353	Afonwen is situated just under four miles from what road also known as the North Wales Expressway
5ae5fb55554299546bf82ff6	Turner Field was originally built as what 85,000 seat main stadium of the 1996 Summer Olympic Games and the 1996 Summer Paralympic Games in Atlanta?
5ac4e593554299076e296e37	OU812 was the second album to feature a vocalist that also played what instrument in "Finish What Ya Started"?
5ae5f47c5542996de7b71a82	Which combat technique also known as Wushu Sanda, is the character of Wu Jing trained with in the 2006 Hong Kong martial arts film, written, produced and directed by Dennis Law.
5ab2da99554299194fa93544	Who aided the Colorado forces in the Uruguayan war?
5a7cba005542990527d55516	What is the year of the event that occured first, Skeeter stopped teaching at his alma mater,or Emmett Kelly died?
5a80ac53554299485f5986a0	Which PGA championship did Mark Brooks win?
5ae3f7575542995dadf24277	In between Hymenosporum and Agrostemma which one is closely related to the widespread genus Pittosporum?
5a76a1a35542993735360122	What is the nickname of a professional German footballer as well as the name of a children's book?
5a8f72de5542997ba9cb3266	What European championship did the man that holds a record with John Boulger win twice?
5ade618e554299728e26c700	Both Tsai Ming-liang and Giacomo Gentilomo were involved with which profession?
5ab474b35542990594ba9c25	Willsmere was a railway station located in which inner suburb from Melbourne Australia?
5addf9e05542997dc79070f9	What was the name of the founder and president of the company which produced the role playing game FTL:2448?
5a7a06775542996a35c1708c	Where did the Discovery Channel show franchise that Ben Bailey is an executive producer on originate from?
5a8a58f355429930ff3c0da3	Were Daniel Mann and Todd Solondz both directors?
5a86265f55429960ec39b625	Where does the region where Jews supported by Kolel Chibas Jerusalem are from get its name?
5add39e75542997545bbbcc4	Little Big Girl was a Simpsons episode directed by the animator and artist of what nationality?
5ab82bbb5542990e739ec84c	Which genus has more species Babiana or Ceratophyllum ?
5a86ab7755429960ec39b6bf	What genre is the novel from which the fast-food restaurant specializing in seafood derives its name?
5a872c3f5542994775f607a8	Which company is an American petroleum company, EOG Resources Inc. or General Mills Inc.?
5ab201765542993be8fa98a4	Hobart Paving is a single by a band formed in which year ?
5ae7f0c75542994a481bbe44	What is the birthdate of this Norwegian professional footballer who plays as an attacking midfielder and who broke the record for the youngest player that has ever played in the Norwegian top league?
5a747a9a55429929fddd8444	Which composer lived longer, Maurice Ravel or Paul Hindemith?
5a80cf4c55429938b61421f6	What was the concept of the business Eric S .Pistorius worked for after being an attorney?
5adf72335542992d7e9f935f	Mehdi Hashemi was thought to be guilty of opposition to the Iranian regime's dealings during what President's administration?
5abe76c255429965af743f15	What profession does John Landis and Gore Verbinski have in common?
5a8545ba5542997b5ce3ffdd	How does this series represent a function, which is also used in the Homotopy analysis method?
5a87136e5542991e771816b2	Does Il trovatore have less acts than La rondine
5a7c04c85542996dd594b881	Arizona State Route 51 (SR 51) is named after a Native American woman belonging to what tribe?
5adf99065542992d7e9f93b0	Approximately what percent male is the student body of the University for which the Ouachita Baptist Tigers football program is the intercollegiate American football team?
5a7a15d35542996a35c170c4	In what city does a Christian minister who won the singles title with Jan Kodes in the 1970 French Open currently reside?
5a88ba2c554299206df2b34b	What country of origin does Traveling Wilburys and Tom Petty have in common?
5a78dc4d55429970f5fffdb6	Which band has more members, Muzzle or Primus?
5ae0b7cf554299603e418446	Which dog originated in Galicia, the Bullenbeisser or Can de Palleiro?
5ae705725542995703ce8bbc	Come from the Heart:was first recorded by an artist that sang what genre of music?
5a813e1b55429903bc27b958	Lesley Foxcroft worked with MDF, Card, and which material that is produced by pressing together moist fibres?
5adc99d95542994ed6169baa	When is the American politician and attorney which Thomas J. Connolly an for Governor of Maine in 1998 against born
5adf39d55542992d7e9f92e6	Heinrich Marschner was a composer who performed in the time frame after one of the first significant composers in what school of work?
5a8dd13055429917b4a5bcba	What film studio produced both National Treasure and The Computer Wore Tennis Shoes?
5a74325055429979e28828b3	BOTH Skyang Kangri and Pumari Chhish are both what?
5a753c8c55429916b01642ab	What song from the fourth studio album made by The Who reached No.4 on the UK charts and No. 19 o nthe U.S. "Billboard" Hot 100?
5ae5e881554299546bf82fbb	Julien Kang is the younger brother of the mixed martial artist of what nationality?
5a8787915542996e4f30882e	Which film was produced first, Dangal or The Man from Snowy River II?
5a770d785542993569682cad	The Stone Book series is set in what country?
5ab2e3c45542991669774126	Are Centaurium and Dacrydium both genuses of plant species?
5a75d45f5542994ccc918630	Which refers to more breeds, Stabyhoun or Griffon Bruxellois?
5a83d7d05542992ef85e237a	What is the name of the statue whose replica have been created in many landmarks world-wide such as near Pont de Grenelle in Paris?
5a8a5a1955429930ff3c0da7	In what year was the Sayrevill, New Jersey rock band that Frankie LaRocka played drums for formed?
5a8fa2955542992414482b11	Which film was directed by Wayne Coles-Janess, Tender Fictions or Bougainville – Our Island Our Fight?
5a80aeef5542992097ad301a	What American indie rock group first had Jesse Sandoval as the drummer and now has Jon Sortland on drums?
5ae67def5542991bbc9760f3	Kenneth L. Gile is the Chief Operating Officer of an airline with its head office in what airport?
5ab1f494554299706120959c	Which industrialist established a museum in Heckscher Park that features "First Friday" concerts?
5ae78f3b554299540e5a5608	Mr. & Mrs. Mxyzptlk is an episode of the superhero TV series that originally aired on what network?
5ade1f0555429975fa854e74	Which actor starred in Angels in the Outfield, Predator 2, and Places in the Heart?
5ab594545542997d4ad1f183	Do both Michael Herz, and Roland Emmerich direct comedic horror films?
5a90d25655429916514e7585	Who is younger, Martin Luther King III or his brother Dexter?
5a78a84d554299148911f8fd	Which team was older when it had it's worst season, The Cleveland Browns or the Detroit Lions
5abe369055429976d4830a8a	What area once connected Great Britain to continental Europe, and is thought to have been submerged around 6,200 BCE by a massive landslide along 290 km of the continental shelf?
5a7b69b155429927d897bfbc	The Welsh professional footballer Dan Hanford has association with which club that is based in Clitheroe, Lancashire?
5a8389445542996488c2e450	Which is longer, Hampshire and Hampden Canal or Tennessee–Tombigbee Waterway?
5ae74baa5542997b22f6a68f	Davey Brozowski is a percussionist for a band that formed in what city in Washington?
5ac2a35055429967731025ce	When did the baseball draft with which Alex Lange was the 30th pick began?
5ae1b1445542997283cd223d	Who starred in her final film role in the 1964 film directed by the man who also did Vera Cruz and Kiss Me Deadly?
5ae7525f5542991e8301cc60	Kristine Moore Gebbie is a professor at a university founded in what year?
5a80752b5542992bc0c4a720	What was the air date of "The Simpsons" episode written by Matt Selman which parodied the VH1 series "Behind the Music"?
5ab94e72554299743d22eaed	Hamilton Wanderers AFC has a former player that is vice captain for what team?
5ab82dbb5542990e739ec857	The FIBT World Championships 1960 took place in a town located in which part of Italy ?
5a7e1bae55429965cec5ea6f	Fallen In Love was based on the paranormal romance series published under what press company?
5ab9be4f554299753720f843	What land elevation does Khunyang Chhish and Ismoil Somoni Peak have in common?
5a76364d5542994ccc918719	When was the anthology, in which fisrt pages of The Incal" were released, created?
5a72a9145542994cef4bc3c1	Which player signed to Bayern Munich before the 2012-2013 season was known mostly as a central defender?
5ae76dfd5542997b22f6a755	A series of ministerial meetings and agreements between European countries and includes The Swedish higher education system is called what?
5adca5a45542994d58a2f692	In The Passion of the Christ, who did Monica Bellucci play?
5ab797af5542995dae37e96c	In what year was Shin Hyun-joon in the successful South Korean comey sequel?
5a728f745542991f9a20c4e6	Which magazine was founded first, Diva or Elle?
5a8cb4b2554299585d9e372a	Where is the headquarters for the advertising agency which is recognized for its work on a campaign for the founder of "Complex" magazine?
5a8e41735542995085b37406	What is the county seat of the county in which Keokuk Falls, Oklahoma is loated?
5abea9a35542990832d3a07e	Bullewijk metro station is part of a mixed rapid transit and light rail system that is how many km long?
5ab7b0775542992aa3b8c83e	SS Ionic was built by the industrial company based in what city?
5adc75525542994650320d0e	Which dog breed originates from a region farther east, the Lancashire Heeler or the Russian tracker?
5a823b0c55429940e5e1a804	Which physicist known for his work on parity violation has a son who became an American chemist teaching at Cornell University?
5abc25b6554299700f9d77f9	Which band has released more albums with their original members, Sick Puppies or Third Eye Blind?
5adc760c5542994650320d11	who starred in the English-language Danish experimental horror film  which  Lars von Triers received award for
5ae33cf45542990afbd1e0ea	How often do trains run on the system which has a terminal station located at the intersection of 32nd Street and Sixth Avenue in the Herald Square neighborhood of Manhattan, New York City?
5abadc355542996606241644	Name the 500 year-old-republic that Florentius was a praetorian prefect for.
5ac3ae885542995ef918c1e7	Church of All Saints, Doddinghurst is part of the state church led by which person?
5abcfa6f5542993a06baf9c7	Both Hatter and March Hare are characters in which book?
5ab29e87554299194fa9346e	When Jeris Pendleton was first drafted out of college, what was the name of the field that him and his teammates played their home games on?
5a8d4cf35542994ba4e3dc5f	What are the letters of the radio station serves the area comprising all of Belknap County, among others?
5ac19b2c55429963665198b6	Which park is further south within Spain, Picos de Europa National Park or Timanfaya National Park?
5adc983c5542990d50227cb6	In what Country is Sul America Esporte Clube in?
5abd0ee65542996e802b46d7	Are Jonathan Demme and Chris Renaud both American filmmakers?
5a8d841955429941ae14dfe6	Who plays in both The True Adventures of Wolfboy and "The Knick"?
5ae0bb2c5542993d6555ec27	The King of Hollywood starred in what 1932 American pre-Code dram film?
5a73b1855542992d56e7e388	Which actor in the film Equus is also in the film The Informers?
5abb7d8b5542996cc5e4a006	Dan Balan co-wrote the song from what T.I. album?
5a716dc15542994082a3e82b	Who is younger Kirk Humphreys or Tom Coburn?
5a8078d85542995d8a8ddf78	Which of the following rock bands is from Chicago: Kill Hannah or Louis XIV?
5abd049d5542992ac4f381a8	How many film were there in the series of comedy films for which Peter Rogers is best known ?
5a8434445542996488c2e517	Who has released more solo albums, Ozzy Osbourne or Curt Smith?
5addf3d65542990dbb2f7f0e	Are Ballota and Myosotis both evergreens?
5a7577145542996c70cfaf03	Which park is larger, Timanfaya National Park or Sierra Nevada National Park?
5a7747e15542994aec3b7266	Which was formed first, the duo Big & Rich or Lonestar?
5adc020a5542994650320c4c	Are Jeff Ragsdale and Millard Webb both authors?
5ac007cc5542996f0d89cb0b	Who was attempting to regain the British throne until the Raids on Lachaber and Shiramore shut down his operations?
5ae7eb43554299540e5a5695	What Congressional district featured Republican nomiee Willie Vaden in 2004, 2006, and 2008?
5a72a4645542991f9a20c54c	What notable radio personality was born in North Bend, Oregon?
5ae74eeb5542991bbc9761e1	What's the familiar short name of Polyethylene terephthalate, a material used by bottle makers such as Ecopack of Pakistan?
5ae2e73a55429928c4239545	What is the nickname of Stephan Lichtsteiner that refers to the character from the 1994 American comedy-drama film based on the novel by Winston Groom?
5a75e60e55429976ec32bc88	During the Carnival in Rio de Janeiro who is the official singer of the samba school Mangueira?
5a7b2144554299042af8f6f7	What town's geographic feature is the battle James Swan was twice wounded at named for?
5ab8633c55429919ba4e22d6	Q: Who had more solo albums, Marty Raybon or Greg Graffin?
5adfa570554299025d62a31c	How many novels are there in series of novels which were adapted for a 2015 BBC TV  series in which Ruby Bentall plays a character called Verity ?
5ab2b6fb5542992953946848	The arena in which the Adelaide Adrenaline play is also home to the world's first what?
5ab865195542990e739ec8e3	The 2008 Football League Championship play-off Final was won by Hull City after a 38th minute goal from a striker who currently plays for who?
5abd83775542993062266cb7	An English operatic tenor performed "Walking in the Air" for which 1982 animated film?
5a7d22dc5542995ed0d16600	How is Christopher Buckley related to the founder of "National Review" magazine?
5a7456ec55429979e288290f	which film came out first, African Cats or Fun and Fancy Free ?
5a77510b5542994aec3b728b	What was the name of the Danish musician who died in 1931 and who composed String Quartet No. 4 in F major or Quartet for Two Violins, Viola and Cello in F major, Opus 44 ?
5a8f12705542997ba9cb31be	Dream Street is narrated by an English musician, comedian, and actor who first came to public notice with what British comedy showband?
5a7bd25a554299294a54ab13	Which director lived longer, Lowell Sherman or Jonathan Kaplan?
5a8482e55542997175ce1edc	Are Trent Edwards and Lucy Saroyan both football players?
5ae1b01b5542997283cd2237	What film genre involves humor and love, as seen in Mamma Mia: Here We Go Again!?
5a8cc08455429941ae14deea	What country is the singer from, who duets with Dave Hemingway on the song "A Little Time"?
5adf74255542992d7e9f937d	At which level of French football does the football team named after the manager of France national team play?
5add74b75542992200553b24	Brindisi, the city where Louis-Jean-Nicolas Lejoille died, is located in what country?
5ae2e61455429928c423953e	What is the inspirational source behind the name of this studio album by the British rock band Queen released by EMI Records that was included in the The Crown Jewels?
5a79ced45542994bb94570cb	What kind of ideology is Torment's drummer involved with?
5a7a8d2355429941d65f26a1	Zacarías Ferreira is the uncle of a professional basketball player who played college basketball for who?
5ae400ab5542995dadf242be	Were both the One, Inc. v. Olesen and  Erie Railroad Co. v. Tompkins cases ones that included a ruling by the United States Supreme Court?
5a7fb17c5542994857a767bb	Which two teams did the the head coach of The 2007 San Diego State Aztecs play for professionally?
5a7735f55542994aec3b7226	Who won Miss America 2013, which was the 86th Miss America pageant held at the PH Live in Las Vegas?
5a735e9155429901807db00d	What country is home to both Guadarrama National Park and Doñana National Park?
5a7f33115542992e7d278c84	Who is the mother of Mary, Crown Princess of Denmark's husband?
5a7b681b554299042af8f767	In what type of imprisonment where the inmates Arne Berge helped rescue during operation White Buses?
5ae0a2c75542993d6555ebcf	What is the other occupation of this Indian film actress who appeared in "Hate Story 2" (2014) and "Saadi Love Story?"
5ae38b115542990afbd1e183	Who played a more important role in the church George Albert Smith or Wong Jing?
5a81e89d5542995ce29dcc72	Kalle Mäkinen is nicknamed after a Spanish football that captains what two teams?
5ae2125e554299495565d9db	On what street would one find the "Journal Record Building" in Oklahoma?
5a8dce155542994ba4e3dd24	In which branch of the U.S. military did the man who Robert Conrad portrayed in the television series "Baa Baa Black Sheep" serve?
5a75d00a5542992db94736d1	Which state in Southern Africa, whose capital is located in Salisbury, hosted the Currie Cup in which John David McPhun played?
5a8a203c55429970aeb7026d	Which dog is used for herding, the Bosnian Coarse-haired Hound or Dutch Shepherd?
5a85f4ec5542994775f606c6	The technique 'panenka' was first used by a player of what nationality against "Die Katze von Anzing"?
5a7e3c6e5542994959419937	What big-budget epic film was released the same year as the film that focuses on a series of sudden, unexplained violent bird attacks?
5a85d4395542996432c570f5	What city, located in Lincoln County, Montana, United States, is Vegepet based in?
5ab3bd7d55429969a97a819f	Which team featured in both the 2012 and 2011 Cops del Rey Finals ?
5a8aee3d55429950cd6afc01	Which has more species, Clianthus or Callicoma?
5ab925c755429919ba4e23d6	J. Searle Dawley and Ken Annakin were both directors of what?
5a79395455429970f5fffe7d	What was the name of the lead character in the 1960s sitcom "Get Smart", which also featured an American actress born in 1933?
5ab9c7c355429939ce03dc17	What regular performer at the R-26 club in Paris was known for her banana-themed costume?
5ae33cf55542992f92d82268	Estrojam's Decibelle Music and Culture Festival has been headlined by which American singer-songwriter and model?
5ac439005542995c82c4acf9	where was the 2006 Commonwealth Games that Mmoloki Nogeng won a bronze medal at held?
5a8a17685542993b751ca9f3	Which rapper who worked with a star of the film 8 Mile also worked with the artist who played keyboards and wrote songs for Anita Baker??
5abbfb5e554299114383a0d0	Which game showed has reruns on Teletoon in Canada and was shown between midnight and 6:00 on Cartoon Network Too?
5a7e31c055429934daa2fbee	Which band was formed in a country closer to England, Kodaline or Rivermaya ?
5ab2f45d5542991669774151	What is the name of the place in The Chronicles of Narnia where Lucy Pevensie and Mr. Tumnus meet?
5ab510cb5542996a3a96a00f	Were both the Battle of Saipan and the Battle of Manila fought by American forces?
5a758ce05542992db947367c	Who is younger Jenny Bae or Lionel Richie ?
5a8b2a0355429971feec465b	How much longer after Sambou Yatabaré was born did Werder Bremen get founded in the northwest German federal state Free Hanseatic City of Bremen?
5ae15d70554299422ee9966f	Who costarred in 1935 American drama film Les Misérables with the husband of Elsa Lanchester?
5ae830f05542997ec2727758	Elizabeth Wordsworth's father was bishop in what church?
5abbdaef554299642a094b5d	The title track of Carla Bruni discography was used in a  film directed by James Ivory, and was also used in what other film?
5ae09a6b55429924de1b710d	Where was the community schools to which Franklin Community High School was part of headquartered ?
5a8408a9554299123d8c21d3	Which Canadian artist is credited with first coming up with the title of Various Positions?
5a8a575a554299515336136e	Rynella is an unincorporated community named after the daughters of a conservationist who presided of the maker of a brand of hot sauce made from vinegar, salt and what kind of peppers?
5ade126355429939a52fe7ea	What film, based on the book “Boston Strong”, featured the actress Alex McKenna?
5ae07ddb55429945ae95937b	How many years after Madrugada's final concert did Sunday Driver become popular?
5ae7f56e5542993210983fd1	Who is the author of the series in which Rupert Grint plays one of the three main characters?
5ab3f7b05542992ade7c6efd	Here I Am Again is an album by what American country singer who had a career of almost 60 years
5ade09945542997545bbbe2c	Who was the director of the 2007 American action film starring the actress, professionally known as Maggie Q.?
5adfb78f5542995ec70e9081	Who wrote the novel that the movie directed by Stanley Kubrick that was sampled in the album "Where Blood and Fire Bring Rest" was based on?
5adc6ded55429947ff17395d	Which of the two airlines that operate flights into Enrique Malek International Airport is the larger air carrier in Panama?
5a79c2955542994f819ef097	Of the two Sopranos co-stars who starred in a 2009 American thriller film together, which went on to secure the role as Tony Soprano?
5ab2e3a15542992953946893	The author of "The New American Story " served three terms as a US Senator from what state?
5ae7f1e65542994a481bbe4a	When did the war crime against communists that occurred before Ganghwa massacre happened?
5ab504865542991779162d52	What term is the current chairman of Prince William County serving?
5abd38285542993062266c19	Who passed away first Max Ophüls and Shirley Clarke ?
5a7506f455429916b0164240	Connetquot High School  is a public high school in what city in New York?
5a7b215f55429931da12c9e3	Who was born first Cid Corman or Elswyth Thane?
5ab7b0575542992aa3b8c83d	Bally's & Paris station is on the monorail that is of what length?
5ac0060f554299012d1db578	The album on which "Desperado" appeared released on what date?
5aba71b155429955dce3ee2a	Pirates Plunge, at the Grace O'Malley-inspired Pirates Adventure Park in Westport, holds which notable record?
5ac11139554299294b219083	Creed features the boxer who held what WBC title from 2016 to 2017?
5a8763a25542993e715abf1f	What Swedish songwriter worked with Taylor Swift?
5a77626b5542993569682d77	What actress is known for a starring role in Robert Bresson's "Pickpocket" and has also been directed by Just Jaeckin, a former photographer?
5ac35003554299741d48a24b	which nuclear reservation in the United States  did  the U.S. Atomic Energy Commission acquired Meyers Mill  as part of
5ae532f85542990ba0bbb20a	Who was the gunman of the hostage crisis which Chris Reason was awarded the Graham Perkin Australian Journalist of the Year Award for his coverage of?
5ab8372255429919ba4e226b	What band wrote the song "Blue Letter" and was inducted into the Rock and Roll Hall of Fame in 1998?
5ac2509755429951e9e68543	What is the nationality of the man who finished third in the 2016 Pau Grand Prix?
5ae377c45542990afbd1e16b	The last film that Kim Hyun-seok wrote was in 2015, what day was it released?
5ae5ef105542996de7b71a72	What is the seventh book of the Hebrew and Christina bible and also has Quran references to the river drinking experience?
5a821c95554299676cceb219	The subject of McGinniss' 1983 book "Fatal Vision" was convicted of murder in what year?
5a85e24a5542994775f6067f	Are Hoodoo Gurus and Pierre Bouvier of the same nationality?
5aba768c55429901930fa7e0	Which of the songs that outperformed "Drive" was most successful in the United States?
5ab926bc554299131ca42285	Alexis Argüello mentored Román González, who became first boxer to do what?
5a8e2fe95542995085b373d0	What editor of the The Dungeons & Dragons Basic Set is best known for his work at TSR, Inc.?
5a8ae00e5542992d82986fc7	Who founded the Canadian manufacturer of winter clothing which is a major sponsor of Polar Bears International?
5a761e855542994ccc9186e0	Where are Catcha Lake and Hedley Mascot Mine located?
5add813e5542992200553b46	Eddie Jemison had a role in the television series "IZombie", which premiered on what date?
5ab841d15542990e739ec89d	Clifford Odets was seen as a successor to a Nobel Prize winner known as what?
5ac2ada255429967731025f9	Was Rudolf Schwarzkogler closely associated with the Viennese Actionism group, while Howard Zieff was an American television commercial director?
5ac546975542993e66e8229a	What year was the early consumer co-operative, in which a 2012 British biographical feature film tells the story of, formed?
5a9023d355429916514e742f	Whose former city palace did Erna Flegel work at?
5ae22ede554299234fd0441b	Which company used a voice actor who also voiced He-Man?
5a88d7fc5542993b751ca879	Futbolita has interviewed what Spanish Professional footballer who plays as a striker for New York City FC?
5a7f22005542993067513657	The album that contains the song "Get Together" by Madonna was mainly recorded in whose home studio?
5a79102a554299148911f9da	This team which is moving from Oakland, California to Las Vegas Nevada with share its stadium with what college?
5abe50b45542991f6610613f	San Francisco National Cemetery is located at a park that is part of what National Recreation Area?
5ae505d355429908b63264e4	Marco de la O stars in the title role of El Chapo which premiered on which network in April 2017?
5a87e5345542993e715abffb	What was the home city of the author of the famous novel tracing the life of a male roe deer from his birth onward?
5abb207d5542992ccd8e7f1d	Wincenty Gostkowski was a lawyer for the watch manufacturer Patek Philippe & Co. in which city in Switzerland?
5abfcdb55542993fe9a41e7b	when was american stunt performer which Stunt Cycle attempted to cash in with born
5abd36165542993062266bfb	AVN Media Network has as part of their business what convention and trade show that takes place every January in Las Vegas Nevada?
5ab2d9f1554299545a2cfac9	What band in the "Art Wave" scene is based in Glasgow?
5a75da6d5542992db94736fa	The Declaration of Montreal was the founding document of which world event, lasting from July 26-August 5, 2006?
5a7a19765542996a35c170cf	Pashto is the main language among a diaspora that has it's largest community in which country ?
5ab58ee6554299488d4d99d6	What is the birthdate of this American actor, director, and producer, who starred in Not Another B Movie?
5ab29346554299545a2cf997	What CBS-affiliated station serves Pontotoc County, Oklahoma?
5a8468c95542990548d0b2b1	What British publisher published a dystopian novel in 1949 written by an English author?
5ae2136d5542997283cd23b6	Which is the Oil Capital of China, Chaoyang District, Shantou, or Daqing?
5abeb91c5542994516f45400	Which of the following bands is considered "one of the most accomplished and creative Christian bands of the '90s": Poor Old Lu or Shudder to Think?
5a7b542455429927d897bf92	The Lewis and Clark Memorial Column is dedicated to Meriwether Lewis, best known for his role as the leader of which Lewis and Clark Expedition?
5a8a07af55429970aeb70222	Which airport served more people in 2015 Asheville Regional Airport or Orlando International Airport ?
5a80d1ce554299260e20a178	Are Asimov's Science Fiction and The Christian Science Sentinel both magazines?
5a75e61c5542992d0ec06012	What singer who was the seventh place finalist on the 7th season of American Idol first recorded the song Like My Mother Does
5a8ec55f5542995a26add50c	At what height does State Route 160 start?
5ae077805542993d6555eb6e	Are Lance King and Han Seung-yeon both heavy metal vocalists?
5ade17d255429939a52fe80e	Are both the Wire Fox Terrier and West Siberian Laika dog breeds?
5add3a605542990dbb2f7ddb	Were both Terence Fisher and Leopoldo Torre Nilsson British film directors?
5a7c9cc45542990527d554e1	What species has an extinct subspecies that are classified as Trogloxene and are known from fossils and prehistoric art?
5aba9d7955429901930fa85f	Which actor/actress from Overnight Delivery was born in New Orleans?
5a8ce9ed554299585d9e3764	Which American singer and songwriter born in 1983 formed the band Pistol Annies with Ashley Monroe and a third band member?
5abfe1115542997d64295909	Bridgewater Triangle is an area where the phenomenon associated with what type of tradition has been seen?
5ae24b165542996483e64962	Who created the first rule of chemistry?
5a832fdd55429954d2e2ec4f	Who founded O Magazine that contained Elissa Schappell's second book of fiction?
5ac46c83554299204fd21f45	In what regions of the United States is the Eastern Market, Detroit located?
5a81329655429926c1cdad0c	What electronic attack squadron is permanently stationed on two pieces of land near Oak Harbor?
5a81a4335542990a1d231e38	Which voice actor plays the voice of the cartoon character that is most famous for his semi-intelligible speech and his mischievous and temperamental personality?
5ab5ac345542992aa134a37f	Prominent Danish Tibetologist Per Kjeld Sørensen is a professor of Central Asian Studies at Leipzig University that was founded by who?
5ac009bf5542997d642959a7	The University in Pullman, Washington is named after whom?
5a79c1185542994bb9457065	Was Kanako Momota or Mark Hollis born first?
5abdb5b455429965af743dfa	Who was the another star in the television series Ma Boy who worked with the South Korean actress who began her career as a child actress in 2006 and initially gained public attention for "Moon Embracing the Sun" (2012)?
5a8d8e4f5542994ba4e3dca7	The NG postcode area is situated approximately how many miles from Gamston, Rushcliffe?
5a80a654554299485f598679	Which poet is famous for "A Shropshire Lad" and is depicted in the play "The Invention of Love"?
5a7327265542994cef4bc480	Which actor appeared in the films "Just My Luck" and "Into the Woods"?
5a7c762d55429935c91b51c7	Mike Welch attended high school that serves how many students ?
5a89e8035542992e4fca846d	Have tennis players Françoise Dürr and Mate Pavić both won a doubles title?
5abc36cc55429959677d6a50	Were both Life magazine and Strictly Slots magazine published monthly in 1998?
5ae680cc5542996d980e7ba5	Which British racing driver has raced for 7 different teams and won the European Grand Prix in 1999?
5ac18baa5542991316484b33	What channels was the cartoon that Nicholas Boshier developed with Anthony MacFarlane and Jarod Green broadcast on?
5ab45bcd5542991779162c80	Which adpotive brothers were co-emperors of Rome during the Nerva-Antonine dynasty?
5a7b3a2455429927d897bf5c	A 1946 musical comedy starred a British actor who lived in what country throughout his adult life?
5a75eb125542994ccc918659	Which Muslim scholar was born first, Kamāl al-Dīn al-Fārisī or M. A. Muqtedar Khan?
5a7291c35542991f9a20c4f4	What movie was directed by Harold Ramis and stars Bill  Murray?
5ae180d855429901ffe4aecc	In what year was the writer of "The Bet" born?
5a776bc855429966f1a36d3a	What do the Rampur Greyhound and Borzoi have in common?
5ae70369554299572ea54683	George Molnar was born in a constitutional union of the Austrian Empire and the Kingdom of Hungary that existed from 1867 until when?
5a8b4fcc55429949d91db541	Ruth Vollmer begins work designing window displays for which American luxury jewelry and specialty retailer, headquartered in New York City
5ae18b555542997b2ef7d1f7	How far from Buenos Aires is the birthplace of Ezequiel Lazaro?
5adcdc6c5542992c1e3a2437	The Austrian border barriers at facilities like South Tyrol was designed to designed to manage what?
5a89e92c5542993b751ca9af	What was the 54th edition the 2009 UEFA Champions League Final, Europe's premier club football tournament , played?
5a7e19e655429965cec5ea58	Blackamoor, Lancashire lies near the banks of what river?
5a7a3a2a5542996c55b2dd41	The author of Some Other Rainbow was born on what day and year?
5a7119095542994082a3e589	Who is current vice captain of the English Test team, Jamie Atkinson or Ben Stokes?
5a770bb855429937353601b5	Where did the punter for the Dallas Cowboys in the 1980s play college football?
5a738bd0554299623ed4abee	What classical music written by a Russian composer did Sia heavily sample?
5ac12275554299012d1db6a3	Charlie Rowe plays Billy Costa in a film based on what novel?
5adbe75455429944faac23af	What record company does distribution for Joan Marie Larkin and Kenny Laguna?
5a732aaa5542992359bc325a	Which career path did African-American activist Bertha Gilkey pursue in St. Louis, Missouri?
5a7905f555429974737f7947	Is Driss Lachgar's birthplace the largest or the second largest city in Morocco?
5a901b985542995651fb50b0	What is 3/4 of the budget of the agency who  placed ECT machines  in the Class III category coming from?
5a85f98e5542996432c57152	Where did the designer of the Van de Graaff generator teach at?
5a7e02cf5542997cc2c474f4	What distinction did Variety give in 2014 to one of the stars from the film Aztec Warrior?
5a8f54215542992414482a54	What generation is the BMW series, that is optional on the xDrive that begun in 2005, on?
5abad3445542996cc5e49ea0	What team was Horace Grant's twin brother traded to after the 1992–93 Washington Bullets season?
5a8fd9ac5542990a98493570	Which feature film was released earlier, One Magic Christmas or Muppet Treasure Island?
5ae0c9dd5542993d6555ec69	Are Rob Parissi and Robert Pollard both musicians
5ab614e5554299488d4d9a9c	What prominent Soviet director worked frequently with Composer Isaak Dunayevsky?
5a83431d5542993344745ff5	The company that created a keychain RFDI device created to allow electronic payment at McDonald's and 400 other Chicago area restaurants is headquartered in what city and state?
5abe89dd55429976d4830b5d	Who is the Mexican actor that starred in Sex and Breakfast?
5ae0575755429945ae95931f	The 1958 Pro Bowl was played at the California stadium that is the home for which college?
5ab7d12f55429928e1fe391f	Menindee Lakes are located near a town located on the banks of which river ?
5adfd42555429942ec259b52	What song featured on the Beatles' album "Please Please Me" was covered by Tiffany?
5ae7b6055542993210983f00	What is the organized crime syndicate founded and led by Carlos Alberto Rosales Mendoza who is friends with Osiel Cárdenas Guillén?
5ae325bd5542991a06ce9936	Patrol Squadron Four (VP-4) is a U.S. Navy land-based patrol squadron based at a Naval station formerly known as what ?
5abbdf8055429931dba145bb	In the Cherokee Rose episode of "The Walking Dead," the character that continues to search for Sophia Peletier is portrayed by an actor who is also famous for his work in what company's advertisements?
5ae0a48155429945ae9593df	The pseudonymous partner to "Willis the Guard" in the American musical duo of Jerry Buckner and Gary Garcia is noun which refers to which portion of a bet?
5abee69c5542993fe9a41d8b	The 1966 Football League Cup Final was contested with which team that is based in the West Midlands?
5a8dcbc0554299068b959df4	Many right wing WNP were  connected to a clandestine operation ran by a "stay-behind"  operation ran by what organization?
5a7a9ed55542995eb53be87d	What king took away John Erskine, Earl of Mar's office?
5ab3cc395542992ade7c6e9f	Party of Syrian Unity was established in the wake of a public statement that announced what ?
5a81a2e25542990a1d231e32	How many years did the creator of the The Jackie Thomas Show star in a a comedy named after herself?
5a7cc5f9554299452d57ba49	Procter & Gamble Co. was founded by a British-born American candlemaker who died in what year?
5ab69f13554299710c8d1ef3	Dandong and Hotan are located in what country?
5a90ab995542990a98493683	Which genus expands to the Pacific Ocean islands, Osteomeles or Medinilla?
5ade38d8554299728e26c680	What group of languages is the surname Gref, meaning "Grave," taken from?
5ae5cf1b554299546bf82f7a	What is the population of the city which  Deryl Dedmon came from
5ab56f4b554299637185c599	Mike Huckabee took part in the most recent Republican Presidential primaries, which began on what 2016 date?
5a74bc1555429929fddd84dd	Which movie was released first, Fantastic Mr. Fox or Khan Kluay?
5a8f08c2554299458435d531	Giuseppina Tuissi played a role in the execution of a National Fasict Party leader, as well as what female associated with the leader?
5ab9d2e255429955dce3ed90	What was the estimated population of the city that Luis Villalta Aquino was from in 2012?
5ae3f2895542995ad6573cc9	Å is part of the alphbet used in which group of Upper German dialects?
5a9068075542990a9849361a	What is a difference between Sly Stone and Mary Ramsey?
5a7344e95542991f9a20c6ce	What song was number 4 on the charts when a song from FutureSex/LoveSounds was number 1?
5a7e0ed25542991319bc9424	The 249th episode of "The Simpsons" was aired on what date?
5ae17a9b5542990adbacf7a2	Was the band The Shins formed before the band Paramore?
5a8d651955429941ae14dfaf	John Alexander and Trent Alexander-Arnold are professional footballers from which country?
5a8f23555542997ba9cb31e3	Where was the band who released Feeding the Wolves formed?
5a815c2e5542995ce29dcbe8	Where was the NBA Draft held in which Harrison Bryce Jordan Barnes was selected by the Golden State Warriors in the first round of the draft with the seventh overall pick?
5a8ad8ed5542992d82986fa3	What was the 2010 population of the town where Bennett Hill Farm is located?
5adf3f1d5542992d7e9f9310	What profeesion do Giacomo Benvenuti and Claudio Monteverdi share?
5adcd2435542992c1e3a241b	Which eight-time Academy Award nominee was Tennessee Williams's choice to play a leading role in his play "Clothes for a Summer Hotel"?
5a8796345542994846c1cda3	In the epic of Gilgamesh, where did the wise female divinity associated with fermentation live?
5abbb0655542992ccd8e7f72	Li Yitong played Huang Rong is a tv series directed by who?
5adbfb6855429944faac23e4	When was one of the teacher of Nikolai Lugansky died who was a Russian Soviet pianist, composer?
5adfd56655429925eb1afaac	What is the birth name of the disc jockey that notably used Mark Wirtz's song "A Touch of Velvet, A Sting of Brass" on their Radio Caroline show?
5a79cd665542994bb94570bf	Who was born first, Teru or Mike Shinoda?
5ae731ae5542991bbc9761c1	Where do the team that John Grant joined after the 1972 World Cup now play their games ?
5a710a915542994082a3e504	Which of these men, Scott Treleaven and Edmund Mortimer, is credited with working in both films and photography?
5abb2e6855429966062416df	Owney was a stray terrier adopted as the first unofficial postal mascot by a post office that is roughly how many miles north of New York City?
5ab4341c55429942dd415ede	The Shōgitai were an elite corps of which shogunate?
5ab9668c55429970cfb8eaba	What major city is John Bice Memorial Oval located within?
5abb08c65542996cc5e49f61	George Borba was part of the team that competed at what 1970 championship?
5ae4818f5542995ad6573d5b	After joining Saturday Night Live in 2012, Cecily Strong played which character in the sketch "What Up with That"?
5ade283a5542997c77aded80	Who had more stable members of their band, X or The La's?
5a7c25035542997c3ec972e5	Qazi is a Kashmiri singer that won "Fame Gurukul" along with a singer born where?
5ae4075b55429970de88d87a	Who was responsible for the Soviet–Albanian split?
5ac508205542994611c8b32e	The M1919 and the M1 was used by what military?
5ac31129554299741d48a1a2	Woodland is a census-designated place in a town that had this population as of the 2010 census?
5ac2eec55542990b17b154c1	When was the album released that The Red Tour supported?
5adf9b1e5542992d7e9f93b5	In what state is the university where Boria Sax is a lecturer and teacher located?
5ab815865542995dae37ea2d	Which direction do both the M1 and the M6 Motorways travel?
5a72bd0b5542992359bc318f	Who achieved more academically, Andrea Martin or Mark Hoplamazian?
5adc7dbf5542994d58a2f618	What's the common ingredient to a Gimlet and Pink Gin?
5ae0e5655542990adbacf6b8	What country is both Thornton–Cleveleys railway station and Poulton-le-Fylde railway station located?
5ae09ec055429924de1b7116	Which of the steering committee was an American broadcast journalist, best known as anchorman for the "CBS Evening News" for 19 years?
5adcc21f5542990d50227d05	Which organization has been led by the overseer of the Renewable Heat Incentive Scandal since 2003?
5a79eef75542996c55b2dca6	Hotel Splendide is a British film from 2000 that features which James Bond actor?
5a89382655429951533612e8	Who served as the 1st Vice President of Colombia under El Libertador?
5a74ab6055429916b01641b9	Which board game, Attack! or Can't Stop, was published first?
5ac540365542994611c8b470	Loughborough Students' Union serves the students at what public research university that has been a university since 1966, but the institution dates back to 1909?
5a7e0bb65542997cc2c4750a	Myron F. Diduryk's exploits were described in a book by an author holding what military rank?
5a74670855429929fddd840d	Which CNN journalist and two-time Pulitzer winner inspired the Half the Sky Movement?
5a79f27e5542990198eaf014	Who was born first Dame Zara Kate Bate or Harold Edward Holt?
5a7789195542995d831811a2	What is the surname of the recorder of "Jupiter (Swallow the Moon)"
5a7a27b35542996a35c1710b	What was the release year of the song which, according to Peter Viney, appeared on most subsequent live album and compilations?
5a7c6ed3554299683c1c6306	What region has the indigenous language that includes the word Catuaba?
5ae7eefd554299540e5a56b6	Ira Nadel wrote the biography of which historical fiction author?
5a790e69554299148911f9d7	Who was the older brother of the leader who asked Juan Romero de Figueroa to remain at his parish?
5ac11037554299294b21907a	Fred Mace played for which English football club in 1919?
5abd648155429933744ab7ac	Who was the chief executive officer of the second largest US car rental company by sales?
5abacac45542996cc5e49e94	In what part of England is John Folwes' country house located?
5a760dcd5542994ccc9186a1	What component was included on the iPad4 that is now a registered trademark in Jamaica?
5a90af865542990a9849369c	Elle Royal's video "What Can I Say" went viral after she was featured as “Female Artist of the Week” by a video blog founded in what year?
5adc0e0355429944faac2404	What side-scrolling platform game had Christian Whitehead as project lead?
5a7faed65542994857a767b6	What city did the name come from for the Polish truck manufacturer who sold to various countries, including more than the socialist states of Central and Eastern Europe?
5abf12f25542997719eab667	Are McFarland, USA and The Black Hole both sports films?
5a90719b5542995b442420b7	What are the subdivisions of Neringa Municipality called in English?
5a72953b5542994cef4bc357	What Labor member of the House of Representatives in the Australian Parliament was a member of the Australian Labor Party Australian Young Labor?
5abc17c25542993a06baf85b	Which battle took place during the American Civil War, Battle of Gettysburg or Battle of Tarawa?
5a7b5af7554299042af8f752	The company that created the Data Universal Numbering System has a database that contains how many business records?
5ab8919655429934fafe6e13	Who used a Barrack buster to shoot down a British Army Lynx helicopter
5ae074aa5542993d6555eb54	Are Ash Lieb and Elswyth Thane both artists?
5ae4932855429970de88d9b8	Which  American chain of bakery-café fast casual restaurants sponsored Bill Steers Men's 4-Miler
5a7760165542993569682d74	What is the name of the English poet who wrote a poem titled Don Juan and also served as the real-life model of a character in the novel Glenarvon?
5ab392ec55429969a97a817d	Which movie came out first Baseball or Tunisian Victory ?
5adf8dd25542993344016cfe	High School Confidential, an eight part documentary followed twelve high school teenagers from a high school in Overland Park, Kansas that ranked what in the 2009 Newsweek ranking of the top 1,500 high schools in the United States?
5a7b1a4a55429927d897bf3b	What landmark event did Bill Miner achieve at Silverdale, British Columbia, coining the phrase "Hands Up!" in doing so?
5ae57d3a554299546bf82ee6	After Russell D. Moore served at the Southern Baptist Theological Seminary he became the President of The Ethics & Religious Liberty Commission (ERLC) in what year?
5a8bd43c5542997f31a41dd6	Of which painting was this German dancer, actress, and writer who lived during the Weimar period and appeared in the 1918 German silent drama film "The Story of Dida Ibsen" the subject?
5a7f451a55429969796c19ec	What is the second book by the author that won the Booker Prize in 1997?
5a73cbe4554299623ed4ac5f	What series did Tom Mandrake collaborate on that was based on a fictional superhero?
5ade007e5542997545bbbdf4	The Very Best of Ugly Kid Joe: As Ugly as It Gets includes a cover of which Black Sabbath song from their 1970 debut?
5a78d35e55429974737f78c3	Between two bands Audioslave and Bodyjar, which group formed earlier?
5a7d3f895542995f4f402248	Pandora- The World of Avatar includes a ride that allows guest to take flight on what animal?
5ab3e07e55429969a97a81e5	In the 1962 German Grand Prix, a racer came second. What did this racer found?
5adf82945542993344016ca4	What profession did Alan Crosland and Kurt Voss both hold?
5ac4ecea55429919431739fd	What game was a Philadelphia native, who played college basketball at the University of North Carolina, selected for?
5a81346055429926c1cdad13	What organization is known for having a president who was convicted of felony charges that was harbored by his brother, another high ranking member?
5a8b349a55429971feec466b	Are Mobile Regional Airport and Hoonah Airport located in California?
5ae608715542992663a4f244	Which artist has worked with King Crimson and also released a solo album in 2011?
5abeebe25542993fe9a41d9c	Season of Migration to the North  is a counter narrative to a novella by what Polish-British novelist?
5a7e7d4655429934daa2fc2e	What of Nico van der Meel's operatic roles was starring in a libretto based loosely on the eight paintings and engravings "A Rake's Progress"?
5ac07a17554299294b219000	Both José Aponte de la Torre Airport and Boulder City Municipal Airport are classified as what type of airport?
5ab9d6ef5542994dbf01985b	What country of origin does  Dana Ivey and Two Weeks Notice have in common?
5ae1091055429920d523429b	The seventh largest inhabited island in Hawaii has what remote wild beach?
5ae268f35542994d89d5b416	What job do both Alfred Santell and David Fincher have in common?
5a8809d755429938390d3ed6	John Robert Marks III, the former Mayor of Tallahassee, Florida was succeeded by an American politician who ecame the youngest person ever elected to what?
5ae6179b5542992663a4f25b	Which Hong Kong actor born on 19 August 1946 starred in The Sentimental Swordsman
5a72e28f5542992359bc31ba	Which technique did the director at Pzena Investment Management outline?
5adf315c5542995ec70e8f8b	Sudha Kheterpal who is  musician best know as the percussionist in Faithless has played with what singer who is recognized at the highest-selling Australian artist of all time by the Australian Recording industry Association?
5a75eca555429976ec32bca8	Which one of the Long Island Herald newspaper chain serves a village in Nassau County, New York with a population of 6,483?
5a7b3b4f5542992d025e67ac	Who is the older brother of the king that was overthrown in the Henriad?
5ab1e3bb554299340b52541a	the work of The Last Poets and Gil Scott Heron inspired music that fits under what larger sub-genre?
5a716eeb5542994082a3e82e	What actor starred with Virginia Katherine McMath in Star of Midnight?
5adbd19855429944faac236a	Which director has had the greater impact on French culture, Jean Vigo or Sri Lankabhimanya Lester James Peries?
5ab5035b5542996a3a969ff8	Q:The 7.92×57mm Mauser rifle cartridge was used by which country's military in the 20th century?
5a756b175542996c70cfaef7	Which peak stands higher, Muztagh Ata or Manaslu?
5a8a49cd55429930ff3c0d71	Which genus has more species, Cymbidium or Patrinia?
5a79e1275542990198eaefe7	The 19 high-rise commercial buildings covering 22 acres between 48th and 51st Streets in New York City feature which style of architecture?
5ae33a6e5542992f92d8224d	Are Bitter Jester and The Future of Food both documentaries about food?
5ae172c155429920d52343de	Celebrity Fifteen to One has had more than one appearance by an English writer and former Conservative Member of what?
5adfef32554299603e4183ca	What was the name of the soap opera that Thomas Ormson played David Platt and Adam Rickitt plated Nick Tilsley?
5ae0a74e554299603e41842f	Which case was brought to court first Miller v. California or Gates v. Collier ?
5adc6eb65542994650320cf3	Are Norman Z. McLeod and Sam Wanamaker both directors?
5a7ce0ce554299452d57ba92	Which of the four US Presidents who have been assinated was shot on the grounds of the Pan-American Exposition at the Temple of Music in Buffalo, New York?
5a8a032f5542993b751ca9e5	What type of mansion was built for the founder of the company marketed the oil engine under the "Hornsby-Akroyd" name?
5ae6d3345542996d980e7c85	What is the company that currently recognizes the sprinting records set by Leni Junker and Florence Griffith-Joyner?
5ab516485542990594ba9cfc	The historical Nimavar school in the Nimavar Bazaar, or bazar, is located in which country?
5ab6be2f55429954757d335c	Zakk Wylde and Damon Albarn are both what?
5a7c784055429907fabeef98	What was Mike Coffman's title after being replaced as secretary of state by Bernie Buescher?
5a82a55955429966c78a6a70	Who acquired a luxury hotel and casino in Las Vegas?
5a76dc2d55429972597f13eb	What song included on the 59th edition of Now That's What I Call Music was written and recorded by an Australian recording artist?
5a8e4d9855429917b4a5bd8d	Worldview Entertainment is an American independent motion picture company that produced a 2015 mystery thriller film based on a novel by who?
5ae0d7bf5542990adbacf67b	Which Walt Disney film was released earlier, The Rescuers or The Muppets?
5abd4fe05542993062266c4e	That is the nationality of the author who wrote books that featured the character Faline?
5ae65e6a5542996d980e7b1d	In 1943 designer Robert Lutyens joined to board of a company headquartered in what city?
5a791ce955429974737f798e	Brett McClure competed in the pommel horse event at the 2001 Goodwill Games in what Australian province?
5a7a60f15542990783324f35	Sam Quartin starred in which movie, alongside a controversial singer whose stage name combines the names of Marilyn Monroe and Charles Manson?
5addf6135542990dbb2f7f23	Which identifier: transwomen, cis women,or genderqueer, is a combination of masculinity and femininity or neither in gender expression?
5adcc90c5542990d50227d1b	Who was an important leader of the Democratic-Republican Party?
5ab4789e5542990594ba9c29	Q: What 1965-born field director directed the 2002 Indian comedy horror film "Makdee" ("Spider", in English)?
5a839f985542996488c2e47d	Nostie lies a short distance from one of Scotland's popular tourist attractions a small tidal island dominated by a picturesque castle that frequently apperas in what?
5abae4995542996606241666	Did both  Slaughter-House Cases and United States v. Darby Lumber Co. involve civil rights law?
5ae608c15542992663a4f246	What magazine was started in 1925 and features the work of Barry Werth?
5ae1e8575542997f29b3c19a	Which has more species, Festuca or Dactylis?
5ab42d6055429942dd415eb0	Who was the team president of the 2012 Cleveland Browns?
5ab827a555429934fafe6cf5	This 2016 biographical sports comedy-drama film stars Taron Egerton as a skier who finished last in what events?
5ae0413555429942ec259c61	Who created the British television series to which Tofu was a sister series focusing on a range of sex attitudes in the twenty-first century from the viewpoint of everyday people?
5abd8c295542992ac4f382ab	The Minnesota State High School Mathematics League was founded by a professor at a private coeducational liberal arts college founded in what year?
5abf42f75542993fe9a41dee	which plant has the highest specie  Panicum or Populus
5addeb685542992200553bb1	Mastophora dizzydeani is a species of spider named after baseball player Jerome Herman Dean who goes by what nickname?
5a85c41a5542994c784ddb7a	What type of media does Locked On and Tom Clancy have in common?
5a7281075542994cef4bc2e9	In 1736, a fortified complex was built in the heart of Moscow. What is this complex known as?
5abffc0d5542990832d3a1e2	What instrument of war was only used by the President of the United States who was born in Lamar, Missouri?
5ac54c435542993e66e822d1	Where did Cale Gundy's brother play football in college?
5ab2b863554299295394685a	New Hampshire Route 118 runs through a region whose norther boundary begins at which town?
5ae72c1e554299572ea54754	What film is a sequel to a German romantic fantasy film featuring Bruno Ganz and Solveig Dommartin?
5a83a30a5542992ef85e2339	In which division does this team, for which Kyle Skipworth played a catcher, compete?
5aba637a55429939ce03dcbb	Are Brooklyn and Tower 49 both part of New York City?
5a81f10055429903bc27ba06	Sum 41 and Passion Pit have what in common?
5a8315c055429966c78a6b2d	Which player played for Nova Southeastern Sharks, MIlwaukee Brewers and Houston Astros?
5adda8d45542995b365fab59	Which Scottish playwright wrote the poem "Havisham"?
5a7ae38c5542992d025e6721	Who was older when they died, Teinosuke Kinugasa or Don O. Newland
5addd6045542997dc7907049	Between the Riddlers Revenge and the Green Lantern, which stand-up roller coaster stands tallest?
5a8c9e7c554299653c1aa0d1	I Am... Yours was the first residency show by Beyonce held at what hotel in Las Vegas connected to Wynn
5adc57325542996e6852531b	"Quando m'en vo' " is a soprano from an Opera composed by who ?
5a78eb8155429970f5fffdd2	An American pharmacist was inspired to invent cola due to what recipe from  Angelo Mariani?
5abbd34d5542993f40c73bc6	The Innviertel is a traditional Austrian region southeast of a river that is how many km long?
5ac311925542995ef918c0de	Are Horace Ové and A. Edward Sutherland both photographers?
5a7b086a5542992d025e673a	What was the name of the company that produced  the first practical jet aircraft that first flew on 27 August 1939?
5ae74351554299572ea5479f	What friend of a performance artist and professional wrestler has performed in the role of Tony Clifton?
5ab29ec6554299194fa93473	The film series created by the team up of Robert Rodriguez and Ethan Maniquis created it lead character from a character in what other films series?
5ac164da55429964131be1bf	Linhai and Gongqingcheng are both what kinds of cities that are located in China?
5a855ca15542992a431d1b12	The Chinese actress also known as Crystal Liu stars in Night Peacock with which three other actresses?
5a7283365542991f9a20c4b2	Allison Gross is a character in a story which applies what writing technique that introduces characters in threes?
5a8e83545542990e94052b28	Where was the founder of the Trussed Concrete Steel Company raised?
5ab84c6955429916710eb021	What genre of composers were both Claudio Monteverdi and Georges Bizet?
5a7a3dbb5542996a35c17157	My First Mister co-stars an actor who was best known for his role as what character on the TV series Roseanne?
5adf9ee75542992d7e9f93c0	How many households does the network that Di-Gata Defenders plays on in South Africa reach?
5a74c3f455429979e2882a0a	What product by FLEXcon represents data by geometric patterns?
5ae7fb1155429952e35ea9eb	In what event was Harold Davis a former record holder, but now is held by Usain Bolt?
5ab7d6ec5542995dae37e9b4	When was the company that owns Bonifacio High Street founded?
5a77415b55429966f1a36cd2	What actor from Northern Ireland born in 1983 starred in Whole Lotta Sole?
5ab3eb1955429969a97a81f6	The comedy play written by Shakespeare titled Twelfth Night is also know by what name?
5a7bb7f2554299042af8f7b6	What Cantonese slang term can mean both "ghost man" and to refer to Westerners?
5ae8189655429952e35eaa11	What type of music features Geetam, created by a devotee of Lord Krishna?
5a7a6ec05542990783324f49	What type of media do Peter Filkins and The New Criterion have in common?
5ac2758b55429963665199c3	The organization that Nicolae Titulescu served two terms as president was founded on what date?
5a7b8f5e554299294a54a9f6	What was the population during the 2000 census of the town in Sagadahoc County, Maine that had a population of 3,411 during the 2010 census?
5ae5c7fd554299546bf82f5b	Notable works of Bailee Madison includes a 2011 American Romantic comedy film that was directed by Dennis Dugan, and written by Allan Loeb and who?
5abb6ece5542992ccd8e7f40	Which was published founded most recently, InStyle or Godey's Lady's Book?
5a83dd2c554299334474609e	Name five actors that worked with a German cinematographer?
5ab721325542992aa3b8c7a2	Kurt Fuller from Stockton, CA appeared in which American Detective Comedy Drama television series created by Steve Franks?
5a730a6b5542992359bc3210	Who is older Craig Nicholls or Norman Blake ?
5ae4c96355429913cc204506	How many members does the lower house of the state legislature in which Samuel Leavitt served have?
5a83d42d5542992ef85e2375	In which county was the English rock band formed that released the box set of four studio albums "Genesis 1983–1998"?
5ae72b745542991e8301cb7f	Montgomery Ward Building is in the shopping and dining mall that was conceived in what year?
5ac434cb5542997ea680ca2f	What river runs along the neighborhood where Ashley Estes Kavanaugh's wedding was held?
5abcf14f55429959677d6b5b	La Machine a ecirire was written by what French writer, designer, playright, artist, and filmmaker, who is known for his novel, "Les Enfants Terribles"?
5ab85b1755429916710eb041	Which mathematician worked with algebraic geometry instead of probability theory, Askold Khovanskii or Andrey Kolmogorov?
5a8314bd55429966c78a6b2a	After Patrick Mercer's suspension in April 2014, who won the seat for Newark?
5a7331de5542994cef4bc4a8	If the Charhki  Dadri crash was less dangerous than the Tenerife airport disaster, which occured firat?
5ae600325542992663a4f237	What type of diary did one of the founders of the John Bishop Memorial Hospital in Srinagar write?
5ae1fb7a554299234fd04383	What is the home town of a woman who guest-starred on Thug Mentality 1999?
5a8aed1555429970aeb70334	What vehicle, made by UROVESA, is most like the four-wheel drive military light truck produced by AM General?
5ade982f554299728e26c753	Where was the rapper in 13 Dead Men from?
5ac2ffb755429921a00ab0cb	The Tanjong Pagar Centre replaced which tower finished in 1986 as the tallest building in Singapore?
5a869e845542991e7718166f	Who left the South Korean music group"2PM" before the release of the group's DVD called "Take Off"?
5ab5e2645542992aa134a3c5	Thomas Anthony Jankiewicz was best known for penning a film staring an actress who played Fiona Bowa on what NBC sitcom?
5adf94e05542995534e8c7f7	What is the name of the range of characteristics pertaining to, and differentiating between, masculinity and femininity which Mary Karooro Okurut was appointed to in 2012 as Minister of?
5ae780a55542997b22f6a79f	What was the fort renamed in which the English abandoned to move to a fort located atop State Street Hill?
5a738fb4554299623ed4abf9	Which of these is further south in China, the Pulandian District or Kaiyuan, Liaoning?
5a7ab1b055429927d897bef4	Which singer is younger, Terri Nunn or Sonya Scarlet?
5a74547755429979e2882900	the head football coach at the University of Houston from 2007 to 2011, is the current team coach of which football team ?
5adf434c5542993a75d26462	When will the exhibition basketball game which will hold at the Staples Center in Los Angeles, California be played
5abfcd7a5542993fe9a41e7a	Do Xinghua, Jiangsu and Jingdezhen both border the same town to the north?
5a7f38e255429930675136b6	The Ronkonkama railroad station and the town of Islip, New York are near?
5a7f7b3b5542992097ad2f81	Which restaurant chain's headquarters is further north, Pizza Inn or Papa Gino's?
5a70f0a75542994082a3e403	Which dialect spoken in the province of Scania calls Spettekaka, "spiddekaga"?
5ae056c755429945ae959319	James Garner had a role in the 2004 romantic drama directed by whom?
5abea6a05542993f32c2a18d	John Stark Regional High School serves the community in which New Hampshire county?
5a762a645542992d0ec0603d	Where was the builder of the Hyundai Stellar located?
5a904f6355429916514e746e	What is the Latin phrase that describes Pope Julius II's efforts to remove Pope Alexander VI's name from the records?
5a88bb4a554299206df2b353	Which formed first, Fireflight or Dirty Three?
5adc0d3355429944faac2400	When was one of the science fiction survival horror video game released for who's title Frictional Games AB was famous for?
5ab94d9a554299743d22eae3	Deyemi Okanlawon was in a music viideo by a Nigerian rapper who began his career with what group?
5a8b057255429971feec4611	David Lightfoot worked on what film loosely based on the murders of tourists by Ivan Milat in the 1990's?
5a7630105542992d0ec0605a	What album was released by 1948-born French composer in 1998?
5a86f2fb554299211dda2b64	The Look of Love" is a popular song which appeared in the 1967 spoof James Bond film "Casino Royale", a film based on the novel of the same name by which author?
5a754fc35542996c70cfaedc	Who was the last king of the Shahiya?
5a8c9164554299653c1aa0c1	A Hand Is on the Gate marked the Broadway directorial debut of what American actor who resisted playing stereotypically black roles?
5a7148685542994082a3e761	Paul Ziert recruited what two time gold medalist in gymnastics?
5ab7bfe955429928e1fe38c2	Erik Marcisak was named one of Top Ten "Comedy Best Bets" by a brand with special focus on what ?
5a81a4135542990a1d231e37	What was the first year a scientific journal published by an organization located in the Bronx was published?
5a87572d5542994846c1cd6b	WLMW is licensed to a city in which county?
5abe94fd55429965af743f37	Were both Sinclair Research and the Wave Mate Bullet founded in the 1970s?
5ac2920555429921a00aafc9	Gül Mosque and Hippodrome of Constantinople are both located where?
5a8d4fbf5542994ba4e3dc68	In which county is this site located where Operation Buster–Jangle was conducted?
5ab7867c5542992aa3b8c822	Who animated the TV anime adaptation of Dies irae?
5ab8a7f65542991b5579efca	The city in which the Disney Resort & Spa, Aulani is located in, is colloquially known as what?
5ae5b255554299546bf82f2c	In which state was both Rex Gene Foods and Foodtown located in?
5a8bc0485542995d1e6f143d	What continents are the Moneuptychia found in?
5aba92da55429901930fa840	When did Gemma Ortega's Holocaust novel translation first receive best selling book of the year in Spain?
5ae5be02554299546bf82f3e	Who is the Chief Executive Officer of the corporation that owns Space Dev?
5a7349125542994cef4bc505	Baadshah is an Indian action comedy film that was inspired by what Hong Kong action movie starring Jackie Chan and Richard Norton?
5a8777395542996e4f3087f3	Ai-Ling Lee is a Singaporean sound editor who worked on a  biographical survival drama film directed by who?
5add596f5542990dbb2f7e4d	Grown-Ups starred the actor who was best known for which role on  "'Allo 'Allo!"?
5abda2b755429933744ab80f	Hermann Wilhelm Göring was a veteran fighter pilot in a war that ended in what year?
5ae5c72a554299546bf82f57	Who is the father of the king that defeated the The forces of Olaf and Constantine
5ab480715542991751b4d798	In which year was this historic diner in Albany, New York built, which also was a filming location for major portions of Ironweed?
5ac47763554299204fd21f5b	In whose government did the original owner of Heythrop Park come to prominence?
5a8c4ebf554299585d9e365d	Who was one of the first religious sceptics’ best disciple?
5a8bc1b85542997f31a41db8	Which one between Milium and Eucommia lives more widely spread across the world?
5a84c4b05542991dd0999deb	Are both Forman Christian College and Purbanchal University public schools?
5a88a4e65542997e5c09a671	The boxer that defeated Oliver Lavigilante in the 2012 Summer Olympics is of what nationality?
5a8725a15542996432c57230	What other method of extending an ice hockey game exists other than the one used in the 1932 Allan Cup?
5ac3d2a6554299204fd21e8c	Who directed the animated series which featured an American comedy writer as the voice of Lucy?
5a8f186055429918e830d186	What is one of the most successful retro-clones that is no longer supported by Wizards of the Coast?
5a8c5be0554299653c1aa04b	The player also known as  "O Fenômeno" is responsible for popularized a soccer move first reported to be used by what player?
5a81624d5542995ce29dcbf1	The constituency which is represented by the 2015 elected Minister for Universities and Science is represented in what wing of the UK parliament?
5abe8aad55429976d4830b60	Which American Director doubled as a choreographer also, Stanley Kubrick or Kenny Ortega?
5a7de63c5542995f4f4022f5	In what year was the Commander of the second human spaceflight mission in the United States Apollo space program born?
5ac375495542995ef918c1a3	Ekaterina Alexeyevna Davydova skated with which 2006 Olympic champion, two-time World champion, three-time Grand Prix Final champion, and three-time European champion?
5a75436155429974ef308cbc	The Pluralist school is said to have included what creator of the theory of atomism?
5adde16a5542997dc7907084	Which bay in the Irish Sea is located Wales's first offshore wind farm?
5abcf70b55429959677d6b7e	Wrinkles is a song that was recorded by what American country and Christian country band that was founded in 1982?
5ac4b24b5542996feb3fe933	Which former "Home and Away" actor stars in the film "Office Uprising"?
5add1e565542990d50227dea	Who was the writer of the graphic novel upon which the 2003 American superhero film, directed by Bryan Singer, is based?
5a756dd65542996c70cfaef9	Which documentary was produced first, The Saimaa Gesture or Eclipse of Reason?
5ab1e36d554299449642c7f9	Are Northwestern University and Middlebury College both private schools?
5ab61cf5554299637185c668	Are both Smoking Bishop and Caipirinha beverages?
5ac2a75755429967731025dc	What movie did John Gavin Malkovich play in with Matt Damon and Edward Norton?
5a7c66d555429935c91b518f	Who was born first Václav Havel or Penelope Fitzgerald?
5ae6443355429908198fa563	Which king of Northumbria, who possibly became king while a still a child, attempted to have Eardwulf of Northumbria assassinated?
5ae4f2595542990ba0bbb1a8	When was the American singer, songwriter, actress and LGBT rights activist born who won Grammy and Emmy award?
5adf37785542992d7e9f92d3	An NFL Color Rush uniform and a Third Jersey are both considered what type of uniform in the NFL?
5adf86b45542993344016cc1	Who was the fourth son of the lord of the Seventeen Provinces of the Netherlands in 1555?
5a7f296f55429934daa2fd10	Live Wire Radio will possibly be considered as a replacement for a variety show created in what year?
5ab1c693554299722f9b4c66	Which team based in South Wales participated in a final game of 1980 Welsh Cup Final?
5ab67f0055429953192ad2d8	Stoke Extinguisher is what type of musical recording that contains more tracks than a single, but is usually unqualified as an album or LP?
5ae6808f5542995703ce8b6b	Which is the Birthplace of Sir Isaac Newton and has a neighboring village called Belvor?
5adfc77b554299603e4183ab	Is Edison Sault Power Canal somehow linked with or used with the Cayuga–Seneca Canal?
5ac01e77554299012d1db5ac	By what type of music was this English composer who collaborated with Ella Mary Leather on "Twelve Traditional Carols from Herefordshire" influenced strongly?
5a7f341655429930675136a0	Alison Castle is the editor of what publication with a connection to the Beatles?
5ae27e19554299495565da8b	Who stars in the title role of a Netflix show co-created by Robert Carlock?
5a81d59a55429903bc27b9d6	Tsavo Man-Eaters were found at what Kenyan reserve?
5a7414d855429929fddd83db	What English professional football club, won the 1994 European Cup? Arsenal
5a8066d15542992097ad2fe8	What Nobel Laureate teaches at  Chapman University?
5ab430fa5542991751b4d6dd	What kind of company is this group whose headquarters are in AIA Central?
5ab700ca5542991d32223736	Which other film did one of the supporting cast in "Sleepless in Seattle" appear?
5ab3c18b55429969a97a81b0	When did Senator Ted Kennedy helped dedicate a new room at the location to his maternal grandfather, John F. Fitzgerald.
5a8318dd55429940e5e1a95e	Who made the If/Then musical which has a theatrical score by a man who won the Tony Award and 2008 Outer Critics Circle Award?
5ab9dd4c554299232ef4a22f	Who was part of more music bands, Alison Mosshart or Ann Wilson?
5a79abef5542994bb9457035	The Church at Hoxne was dedicated to Edmund the Martyr who was the king of where?
5a82678a5542995ce29dccfa	Where was the device that is similar to Princess max released?
5ae5ff635542996de7b71ace	Chuck Berry House was where the 1957 hit single that reached what ranking on the R&B singles chart was composed?
5a838fcd5542992ef85e2305	Finna Get Loose is a song by Puff Daddy and what American rapper who is also a record and film producer?
5adbf69c55429947ff173871	Tolex and General Tire manufacture very different products, but both make accessories for what type of transportation vehicle?
5a7b89a3554299294a54a9e3	A Big Daddy is a fictional character in a series that has sold more than how many copies?
5a87191155429960ec39b73d	What private university in Virginia did Jamal Benjamin Brooks play college football at?
5a74760b55429974ef308c03	Which composer was born first out of Gaspare Spontini and Wolfgang Amadeus Mozart?
5a8a502b5542996c9b8d5ea6	Who wrote the lyrics to the theme song that was used by the Western film series Range Busters?
5a820f2c55429926c1cdae17	Do Matthew Good Band and Sleep Room play the same type of music?
5a9073405542995b442420bb	What multinational telecommunications company did Robert Orr work for?
5ac245015542992f1f2b3829	Who was a Christian Evangelist and US prisoner of war survivor that was the basis for a film directed by Angelina Jolie?
5ae3a8985542992f92d82329	Politician Lyman Sherwood was born in what New York county?
5a7363465542991f29ee2dd5	Which athlete was an American tennis player: Henri Kontinen or Melanie Oudin?
5a7796e05542992a6e59df0f	What country is the theme park served by the Huis Ten Bosch train service themed on?
5abccda855429965836004a4	What time did a Fox News show formally hosted by the author of "The Swamp: Washington's Murky Pool of Corruption and Cronyism and How Trump Can Drain It" air?
5a881d2355429938390d3eeb	If You Ever Get Lonely was covered by what Lyric Street Records-affiliated band?
5ac17b485542994ab5c67d65	What coastal resort is about 11 miles south-east of St Wilfrid's Church?
5ae71d87554299572ea546fa	Prince Michael of Prussia was a member of the house that arose in what town in the 11th century?
5a7a4ca955429941d65f25a3	Where did the genre of the Chapter Dos: On the Verge album originate?
5a8a09565542992d82986e66	What regional capital town is close to the all female  Notre Dame High School in Fiapre?
5a77edf955429967ab1052e8	Dick Miller acted in which movie alongside actor Arnold Schwarzenegger?
5adc8b5a5542994d58a2f648	Which debut album contained a 1999 mega-hit song created by Maurizio Lobina and Jeffrey Jey?
5a83587f5542990548d0b1de	When was the college which Albert Simons taught at founded?
5a81ea115542995ce29dcc78	The compilation EP "COM LAG " by Radiohead collects many B-side singles from their album released in the UK by what record company?
5ab61140554299110f2199d7	Who is known for composing  American Beauty: Original Motion Picture Score and many other film scores?
5ab3460055429976abd1bc80	What singer-songwriter from Derry appeared on Paul van Dyk's 2012 album, Evolution?
5a758c925542992db947367b	Francisco Mela performed with which American Jazz bassist and singer born in 1984 ?
5ae713af554299572ea546bb	Where did Mark Pavelich win Gold in 1980?
5a8fb5905542997ba9cb32f6	The Party Machine with Nia Peeples was executive produced by the talk show host whose show originally ran during what time period?
5a8ce15d554299653c1aa12f	did Robert Wise have more award nominations than Zoltan Korda?
5a8e276b5542995a26add468	Which band formed first, Swervedriver or Incubus?
5a89e2ba5542992e4fca8441	Hugh Milburn Stone stared ina tv series created by what writer?
5ae4183f5542996836b02c40	What was the goal as a photographer of the man whose "Message from the Interior" was published by Eakins Press?
5a7248665542990c210a40b1	What is the colloquial name of the professional football team in which striker Frederico Chaves Guedos played?
5ac3b39e554299204fd21e09	Do Dillingham Airport and Rafael Hernández Airport both handle civilian (passenger) service?
5a8fae205542997ba9cb32ec	What type of television show did Dylan Everett star in, in 2015?
5a77c09555429967ab105262	What is the species of animal which the town of Antelope, Kansas was named after?
5ade630e55429975fa854eb7	The genus containing lions also contains several poorly known what?
5ab506a05542990594ba9cd6	Which has more species, Sonerila or Scaevola?
5a8b429f5542995d1e6f132c	Stella Maxwell has been a model for a famous fashion shown since when?
5ab871725542990e739ec8f8	Which band has the guitarist Gorden Mack, Red House Painters or Daughtry?
5a7e4af3554299495941998c	The founder of the Ali Akbar College of Music was known for his virtuosity in what musical instrument?
5ab2c7ef554299545a2cfa73	When did the predecessor of The Eyes of Nye first air?
5a8ba9d255429971feec4759	Camp Courtney was named after the Major killed in action at the battle codenamed what?
5ae136375542997b2ef7d12f	what was the birth date of the poker player that wrote "Super/System"?
5ab235ed5542993be8fa98c8	What is the nationality of the composer of the Opera "Iphigénie en Aulide" ?
5a8cddd1554299441c6b9f3a	In what 2 countries did both X-Large and A Bathing Ape have stores?
5abdd8d95542991f6610606a	How many episodes did the season of The Simpsons which featured the voice of Lisa Kudrow contain?
5ae3789b5542992e3233c412	Riom Trial was headed by the French general who reached what distinction?
5ae4cf975542990ba0bbb151	What line featured characters from a DC Comic creator by Bob Kane and Bill Finger?
5ab8cd3d5542991b5579f009	How did the name of Peter Gifford's rock band (1980-1987) come to be chosen?
5a81537355429926c1cdad20	What conference champions were putted against each other in the first NBA Finals in which the Orlando Magic's played?
5a7cef6955429909bec768ad	Which municipality of Gunnison County, Colorado is now called "the last great Colorado ski town" and is located near the Lucky Jack mine?
5ae0f5fc554299422ee9957c	Who did Neleus of Scepsis study under in addition to Theophrastus in the Peripatetic school?
5abc081e5542993f40c73c54	Are Wake Forest University and Pennsylvania State University both located in the US?
5a7fe7f85542994857a7683e	Genealogy is an Armenian supergroup that competed in a 2015 singing contest in what city?
5ae389fc5542992f92d8230f	Which episode of season nine of The Simpsons was the last speaking role for Lionel Hutz?
5ac4f8705542995c82c4ad8d	In which Austrian concentration camp was German musician Wilhelm Heckmann (1897-1995) imprisoned?
5a74655b55429974ef308bf0	Which film industry would have films in which Ilya Khrzhanovsky would be the director?
5ab57673554299637185c5a3	What public service broadcaster with over 20,950 employees, aired the variety show Welsh Rarebit?
5a8765ad5542996e4f3087cf	Who is affiliated with more countries as a director, Robert Florey and R. G. Springsteen?
5ae5cf625542996de7b71a22	What sports team included both of the brothers Case McCoy and Colt McCoy during different years?
5ae515bb55429913cc204584	When did the British philosopher whose works inspired Kate Horsley's interest in Zen die?
5ae2eb7f55429928c423955b	What three time Tony nominee composed "Ghost Quartet"?
5a8838885542994846c1ce39	Which 18th-century canal was longer, the Sandy and Beaver Canal in Ohio or New Jersey's Morris Canal?
5a7b241b554299042af8f705	Who died second, Averroes or Ibn Taymiyyah?
5a8cc7af554299653c1aa11e	who was part of the heavy metal band Ratt, Stephen Pearcy or Alexander O'Neal?
5a86681c5542991e77181644	What was the profession of elder brother who born on January 24, 1984?
5abce3015542993a06baf995	Students from approximately how many nations attend the University from which Shawn Arévalo McCollough received his Masters of Education ?
5a7bf84b5542996dd594b875	What Danish drama thriller which takes place in both Denmark and Africa was produced by Sisse Graum Jørgensen?
5ab70c41554299110f219a9d	What is the name of the physician who studied the cause of the 1854 Broad Street cholera outbreak in London, England?
5adbcd475542996e68525240	In what year did the manager of the singer-songwriter best known for "American Pie" die?
5a7fd6fc5542995d8a8ddf31	Who had more career changes, Charles A. Agemian or Arshile Gorky?
5a902d5155429933b8a2048d	Where is a television transmitter located in Topeka, KS?
5a7758895542994aec3b729c	Which American rock band, Sugar Ray or Against the Current gained mainstream fame in the 1990's?
5ae81032554299540e5a572a	Which satellite suburb of Melbourne is partially included in the Electoral district of Bass?
5a8e42d15542995a26add4a6	Zhangye and Nan'an, Fujian are both located where?
5abbc3a955429931dba144f9	Where is the first major improved highway located?
5ae206c45542994d89d5b311	Through which Tv series, one of the stars of Whats up korean film Kim Ji-won gained attention?
5a80b9e85542992bc0c4a7ed	What is another name, in Swedish, for a seductive forest creature found in Scandinavian folklore?
5a8a1dbc55429970aeb7025a	Lex Antonia nullified the dictatorial laws set up by which Roman general?
5ab9c3e1554299753720f852	The pavilion that the Biergarten Restaurant is a part of is in between which other pavilions at Epcot's World Showcase?
5a84f5865542991dd0999e30	What Irish county are the band that had a concert tour called the In Blue Tour?
5abcf299554299700f9d7936	Are Tim Rice and Leslie Marmon Silko both lyricists?
5ae4581e55429970de88d92f	Which city is under Jining, Kaiyuan, Liaoning or Yanzhou District?
5a7785af55429949eeb29ec2	Who is older, James Kerwin or Paul Verhoeven?
5ae3639b5542991a06ce99b2	Edward Marszewski is the editor-in-chief of Lumpen, who is the editor-in-chief of Saveur?
5ae779a555429952e35ea931	Orson Welles made Filming the Trial, a making-of film of the production of The Trial, which was originally filmed where?
5abe822155429976d4830b48	Who directed the film where Susanne Pollatschek voiced Olivia Flaversham?
5ae385df5542992f92d82305	Who was a pianist, Maro Ajemian or Richard C. Sarafian?
5a77720255429967ab10517f	In what year did both Orson Scott Card's novel "Ender's Game" and Keri Hulme's "The Bone People" come out?
5a80de9b55429938b6142226	The Astor Bridge carries State Road 40 over a river that his how long?
5ae15ae25542990adbacf767	How many records did Shane Lynch sell as a member of Boyzone?
5a8e8f6f5542995085b37451	Which has a higher population, Qinzhou or Jingjiang?
5ae5caff554299546bf82f69	The Russian route M9 forms a part of what European route that has a length of about 5320 km?
5abde0655542991f6610608b	When was the movie released that starred an American male actor born on February 28, 1923 and was written by Christopher Knopf?
5a7c221f554299683c1c62d2	New Hampshire Route 124 runs between two regions, one of which is found in Cheshire County, New Hampshire, United States with the population of about 2000 and is named what?
5a8782a25542993e715abf95	Which occurred first, Phillips v. Martin Marietta Corp. or Roth v. United States?
5ab259b25542993be8fa98de	What word or phrase is found in both the history of Belgium and cockfighting?
5abc805a554299658360045b	Which magazine eventually had more monthly publications, Vogue or Y'all?
5a721e0e55429971e9dc928d	which university was founded first Duke University or Tufts University?
5ac05310554299012d1db5e7	What is the name of the murder victim that worked in a restaurant, in which Mark Fuhrman was the detective?
5add57e55542992ae4cec516	The scunthorpe telegraph and the Grimsby Telegraph used to service Scunthorpe which is in what country?
5a778c215542995d831811ba	When was the folk dance style Johannes Brahms' Liebeslieder Waltzes were written for most popular?
5ade28b15542997c77aded83	Is the Virgilia found in Africa? And is Koeleria found all over?
5a87106555429960ec39b71f	Susanna Thompson appeared in the courtroom drama film Ghosts of Mississippi, directed by who?
5a72f3a85542992359bc31e5	The large subunit and small subunit that use two types of RNA are major components that make up what?
5a7b88a85542995eb53be954	What year did Francesca Caccini's father die?
5a7cad635542996dd594b97f	Who is older, Tarryl Lynn Clark or Michele Marie Bachmann?
5a832e715542990548d0b1bf	What annual gathering that inlcudes David Starfire takes place at Black Rock City?
5ae81060554299540e5a572c	Mutton Lane Cemetery is located in a town 13 mi north of where?
5a825f2155429954d2e2eb1b	Which former New York senator did Marc Elias help run for office?
5ab6e07b55429954757d33a0	Which Equerry to a British monarch was married to a Marchioness Camden?
5aba89d555429901930fa816	One of the members of Dru Hill is nicknamed after which cartoon character?
5a85d4ad5542997175ce2050	Jim Sharman and Ava DuVernay both share what title concerning their actions leading actors in film or stage?
5ac2660d55429951e9e685a1	which American actress, singer, and songwriter too the tour of  I Stand tour
5a831af855429954d2e2ec1e	Are the 1908 Ex parte Young and 1948 McCollum v. Board of Education United States Supreme Court cases related to each other in any way?
5abbc4d255429931dba144fe	Which genus of plant grows originally in Mexico and Guatemala, Phylica or Weldenia?
5a778ce55542995d831811c0	Where is Greensky Bluegrass band's home and location of where they created their first album?
5a8a13f45542992d82986e9e	Are both Stacey McClean and Biff Byford American singer?
5a86296a55429960ec39b631	What was the job of the character Jack Nicholson played in a 1992 French-American biographical crime film directed by Danny DeVito?
5a7f275d55429934daa2fd01	Are both Jonathan Marray and Wayne Black British?
5ae13b085542997b2ef7d146	The Combs–Hehl Bridge is a twin span single pier cantilever bridge carrying an intersate loop that encloses and area of over how many acres?
5a8081975542992097ad2fef	Who directed more films, Leslie Goodwins or Kenneth Webb?
5ae2e06d55429928c4239521	Both Vitas Gerulaitis and Heather Watson play what sport?
5ab2383155429970612095c1	Are Denzel Washington and David Hewlett both actors?
5ac29da5554299218029dac3	Which band My Darkest Days or Human Drama had only one constant member?
5ab48af35542996a3a969f92	Which small nocturnal fox found in the Sahara of North Africa does the French animated series Fennec have a character?
5a902e755542995651fb50de	Shadi Attieh is often referred to as the Lebanese version of a footballer who plays for what Major League Soccer team?
5ae002ec55429925eb1afbdc	Who wrote the play performed by 1948 TV actor Nicholas Amer, were he played Ferdinand?
5a74c2bd5542996c70cfadda	Was Pennsylvania State University or University of California, San Francisco founded first?
5ab7a86d5542995dae37e986	Which Skagen Painter favored naturalism along with Theodor Esbern Philipsen and Kristian Zahrtmann?
5ae3c71f5542991a06ce9a22	Predelta National Park is located in which area of Argentina comprising of the provinces Misiones, Entre Ríos and Corrientes?
5adf32ee5542995534e8c767	What is the name of the national level academy for performing arts that Bhupen Hazarika won his award in 2008?
5ae573b25542990ba0bbb2b4	Which of the actors starred in "Sollathaan Ninaikkiren" was born in 7 November 1954?
5ac3c08a5542995ef918c217	who features in the series  which McClure hosts
5ab9ddef5542994dbf019875	Are Eve Beglarian and Zach Bogosian both of Armenian descent?
5ab862b35542990e739ec8db	Wild About Harry stars an actor born September 28, 1992 who appeared in what in 2006?
5adfe37c554299025d62a377	Kasper Peter Schmeichel is the son of a professional footballer who was voted what in 1992 and 1993?
5ac195455542991316484b40	In what year did the man who shot the Chris Stockley, of The Dingoes, die?
5adf49935542993a75d26491	Are Power Grid and Vanished Planet both cooperative board games?
5a7244955542990c210a408a	What was the name changed to after Allison J71 was modified to a thrust of 7400 lbf?
5a7b8cc7554299294a54a9ea	Mr. Wilson's Cabinet of Wonder: Pronged Ants, Horned Humans, Mice on Toast, and Other Marvels of Jurassic Technology is a book about a museum that is located in which city ?
5ae7316e554299572ea5477e	Band-e-Amir Dragons is named after the lakes in which Afghan national park?
5a8e0cb85542995085b373b2	Which film was released first, The Celluloid Closet or Station to Station?
5ae2bba35542992decbdcd89	Which Beatles movie did the John's Children's  studio album Orgasm dub audience screams from?
5a82301155429926c1cdae4a	How much was Ammon Bundy's son ordered to pay in grazing fees?
5a877fa45542993e715abf84	What actor born in 1951 starred in Aaj Ka Robin Hood?
5a8662da5542991e7718162f	Who plays the guitar, Denis Bélanger or Max Carl?
5ae1b943554299492dc91b7f	Are Macheng and Lianjiang, Guangdong both cities ?
5adec62e5542992fa25da841	What is the name of the studio album that the Miley Cyrus song, Who Owns My Heart is on?
5abfc9bf5542993fe9a41e60	Which hip hop act that collaborated in the Red Hot AIDS Benefit Series was also a trio that was formed in New York?
5ab26b60554299449642c898	The brewing company known for making Genny Light, a beer with only 100 calories per 12 ounce portion, and located along the Genesee River, was formerly known by what brewery name?
5adcd6705542992c1e3a2426	Are Der Rosenkavalier and I Capuleti e i Montecchi both comic operas?
5a79c9395542994bb94570a2	Which two occupations does Ronnie Dunn and Annie Lennox have in common?
5a750d315542996c70cfae84	Whose death dramatized in a stage play helped end the death penalty in Australia?
5ab7452b5542992aa3b8c806	Brahmarshi Vishwamitra is a 1991 film produced & directed by a man that served as Chief Minister of Andhra Pradesh for how many years?
5ab6993f554299110f219a2b	What is name of the mountains near this autonomous community, in which Spanish politician Felipe Alcaraz was born?
5ae1367055429901ffe4adf3	John Rhys-Davies played General Pushkin in the Bond Film that starred whom as James Bond?
5ab7ba4155429928e1fe38b2	Who is Cletis Tout? was a comedy film that starred which "Home Improvement" cast member?
5aba5ea955429939ce03dca5	The Belton Estate is a novel by an English novelist of the Victorian era, whose best known works are a series of novels that are collectively known as what?
5ab67cf455429954757d3302	Pro Evolution Soccer 2016 includes which Brazilian footballer on the cover?
5abae3b05542996606241661	What is the nick name of this former American professional football player who played as a linebacker for the Seattle Seahawks in the National Football League (NFL) and appeared on the American detective television "Lawless?"
5a8303c255429954d2e2ec01	The Plymouth fury produced from 1955 to 1989  was replaced by what for police and fleet applications?
5a8b7d925542995d1e6f13bd	"Horrible Bosses" is written by a writer in which career?
5ab6fcf55542991d32223718	Which movie produced by Esta Malka Charkham was the first to star a woman as the lead role?
5a8313a755429954d2e2ec06	Mischa Anne Barton's first major film role was the protagonist of a movie written by who?
5ade747555429939a52fe8c5	What is the character of fictional character Claire Fraser in a British-American television drama series developed by Ronald D. Moore ?
5ab6f9335542991d322236fc	Are Ana Kasparian and Katherine Sarafian both Armenian-
5a792ad055429907847277d1	What 4-D film attraction at Walt Disney World is based off a 2004 computer-animated Christmas movie?
5a8089535542992bc0c4a762	Maria Curcio taught a classical pianist who is of what South American lineage?
5a903b7255429933b8a204ae	What Canadian filmmaker created a film about Bettie Page in 2005?
5ae022ab554299025d62a428	Which genus is native to arid or semi-desert areas, Alopecurus or Echeveria?
5a8c7ced5542995e66a4761c	Josh Trank and Mike Valerio both work in what industry?
5a75140b5542996c70cfae87	What Russian ballet choreographer restaged a play based on a Spanish novel by Miguel de Cervantes Saavedra?
5a905cea55429933b8a204f4	The author of "We Were Soldiers Once… And Young" received what military decoration for valor?
5ae363e85542994393b9e6a5	Thomas Parker Sanborn was a model for the protagonist in the only novel by a poet originally from what country?
5a83de04554299334474609f	The second studio album by The D.O.C was named as a reference to Charles Manson's idea of a Beatles' song which was a product of McCartney's attempt to create what kind of sound?
5a8d7f2b554299068b959d0c	When William Gladstone successfully relaunched his political career in Scotland in advance of the 1880 General Election, which party did he lead?
5ae4f2c45542990ba0bbb1a9	Who was the director of 2004 American teen comedy adventure film in which Michelle Christine Trachtenberg appeared?
5a81e097554299676cceb129	What languages is the journal that Michel Feher semi-regularly blogs for published in?
5a776a805542993735360269	What Disney movie was the wrestler with the real name of John William Minton in?
5a8835dc5542994846c1ce2b	Who is a winner of the 2013 6 Hours of Silverstone a co-commentator for?
5ab83f9f5542990e739ec891	"Waputik" is the Stoney Indian word for a large hoofed mammal endemic to what continet?
5abd69ce5542993062266c7f	What was Rosario Dawson of Josie and the Pussycats film debut
5ab6087a554299110f2199be	Do both Korematsu v. United States and Chaplinsky v. New Hampshire cases regard the rights of U. S. citizens?
5a78e9a2554299148911f995	Minor league baseball games that were played between the rivalling teams of the Sooners and the Cowboys were played at the stadium formerly known as what?
5ab6988a554299710c8d1edc	Which building, the Metropolitan Life Insurance Company Tower or the 432 Park Avenue building, has two addresses?
5adcb6875542994ed6169bcb	Which species of trees is larger Dryopteris or Gymnocladus?
5a8bb90f5542996e8ac88a02	What Canadian actor starred in a film released on June 14th,2011?
5ac02b325542992a796decb9	How tall was one of Drew Barry's brothers?
5abbd2575542993f40c73bbd	Petroglyphs on Ingaro isalnd indicate it has been innhabited since an era that lasted until what year?
5a88db445542993b751ca88a	Which Italian classical composer, conductor, and teacher born in 1750 composed this four-movement serenade in B-flat major for five instruments (2 oboes, 2 horns and 1 bassoon)?
5ac51c2855429924173fb5b5	The Genesis Flood is a book by John C. Whitcomb and what founder of the Creation Research Society and the Institute for Creation Research?
5abd420f55429933744ab75c	Which happened first? The scarp was first imaged by Voyager 2 or The play All's Well That Ends Well was written by William Shakespeare
5a84e21d5542997b5ce3ff7c	The actress and singer Heather Morris is best known for her role in which series, becoming a regular character in the second season?
5a8e8af55542990e94052b3f	Which university is a private research university, University of California, Berkeley or Brown University?
5a8a647b55429930ff3c0dc1	The Type 90 tank built by Mitsubishi Heavy Industries is to be superseded by what generation of main battle tank of the Japanese Ground Self Defense Force?
5ae51b495542993aec5ec146	On December 4, 1872, the ship Mary Celeste, captained by Benjamin Briggs, was found unmanned and drifting in the Altantic Ocean near what location?
5a7f54665542992097ad2f1a	The city that hosted the Olympics where Taiwan competed as Chinese Taipei is situated at the confluence of what two rivers?
5a75d9b4554299109176e5a7	What type of crab can be grown in a fishery and is known for its sweet and tender flesh?
5a74551555429974ef308bd9	At least how many countries does the company that bought Oil Can Henry's operate in?
5ae324e85542991a06ce9934	Who directed the film about the living funeral for Morrie Schwartz ?
5ac3f18d554299204fd21ed3	The song "Metal" by Gary Numan was the B-side of a single that reached what ranking inthe UK charts?
5ae0c1be5542993d6555ec42	The 2008 American romantic drama film directed by David Fincher won what directing award?
5a8013e45542995d8a8ddf41	Cowie Castle at Stonehaven, and Allardice Castle near Inverbervie, are part of a coastal chain of castles in Scotland overlooking which sea?
5addda1b5542992200553b55	Wilm Hosenfeld assisted the pianist and composer of what nationality survive during 1944?
5ae35b6b5542990afbd1e116	Knockout song was from which album of Lil Wayne on Cash Money Records ?
5ae7739c5542997b22f6a775	An Austrian-British psychoanalyst born in 1882 and innovative in object relations theory was also rigorous about what other type of therapy?
5a726ba35542997f827839c0	Which racecar driver who performed in the 1971 Canadian Grand Prix was born in 1937?
5ac2d9f65542996773102631	Which film featured Rosalind Cash prior to the release of "Sister, Sister"?
5ae1305b55429901ffe4add6	The King George V Bridge crosses the River Trent near a small village 4 mi west of where?
5a907bf05542995651fb5164	How many miles does the train, which passes through the Amtrak Jacksonville station and shares the track with the Silver Meteor, run?
5aba7c7155429955dce3ee58	Produce 101, which produced I.O.I, cost the company Mnet how much to produce?
5abfab8d5542997ec76fd42d	The Troubles in Newtownabbey recounts incidents during and the effects of the Troubles in Newtownabbey in the County Antrim of which country?
5ae05c9f55429945ae959348	What is the capitol of the district that also includes the village of Shienga?
5abf30185542990832d3a13f	Lou Cutell appeared on the third episode of the ninth season of an CBS sitcom that was what number episode overall?
5ae64ba755429929b0807b25	What team that is a member of the America East Conference played in the championship game in 2009?
5ade4e415542992fa25da73f	At what stadium did Mychal George Thompson play home games with the San Antonio Spurs?
5a73073d55429901807daf69	Which Football Club is based in the capital of Lesotho?
5ac1b3a75542994ab5c67dd2	In what year was the company founded whose Manhattan branch was the site for the recording of the live album, Park Avenue South, by Dave Brubeck and his quartet?
5a8fa32255429918e830d299	What was the most famous post of the man who commanded American and French troops against German positions during the Battle of Saint-Mihiel?
5ac562985542993e66e823ca	Otterington railway station was on a 393 mi major railway that linked Edinburgh to what city?
5ac2927b5542996366519a17	Are Danie Visser and Oliver Marach both Grand Slam tennis tournament winners at doubles?
5a729fe55542991f9a20c53b	What man is credited eith inventing both the Leyden jar and the Tribometer?
5a72abb95542992359bc3162	Which film was not a 3D computer-animation Cars 3 or Smith!?
5a7cd28c554299452d57ba80	What Swiss football forward currently plays for the Swiss football club founded in 1905?
5a72120e55429971e9dc923f	What is the name of the light rail station on the MAX Blue line 7 mi west of Portland, Oregon?
5ade66e1554299728e26c713	What years did Jose Gonzalo Rodriguez Gacha and other leaders of fthe Medallin Cartel operate in Boliva, Colombia, Central America, Peru, the United States, Canada, and Europe?
5ae47ae05542995ad6573d4f	The hip hop group Strange Fruit Project relates its name to what song by a famous female jazz musician and singer known for her vocal delivery and improvisational skills?
5a8ad6805542992d82986f93	Leonard Whiting played the tragic hero of Romeo and Juliet in the film version by which director?
5a8f1adc554299458435d577	John DiMaggio voices the character Shnitzel on Cartoon Network series created by who?
5a8e60ca5542995a26add4d9	In which movie the Stephanie Kay Panabaker was alongside with her elder sister Danielle Nicole Panabaker?
5a78b386554299148911f949	What book did the president and CEO of Tracinda Corporation buy?
5a807181554299485f5985ec	Bob Edwards was the host of what show, that later was hosted by Renee Montagne?
5ac10c5e554299294b219074	What state is home to the Lake Wobegon Trails and the recording location for the live radio show "A Prairie Home Companion"?
5a88cc8f55429938390d3fc5	Ralf D. Bode is best known for his work on a film starring who as Loretta?
5abc3d215542993a06baf8a5	Loch Shiel is part of the river that drains into the sea near the castle that sits west of what town?
5ab8ee805542991b5579f051	The German who is credited with inventing the V-2 rocket and Saturn V was also a supervisor of what NASA program?
5adc020e55429947ff1738b4	The Death Camp of Tolerance is an episode from an animated television series that was created by which two people?
5ab9aab555429970cfb8eb65	What is the name of the largest publicly owned company in Minnesota that is situated in Minnesota's most populous county?
5abb1fd95542996cc5e49fb6	Mogens Palle brought to Denmark a World Lightweight Champion from where?
5a8a547d55429970aeb70293	Which magazine was published first, Woman's Day or The Lady?
5a7217f255429971e9dc9260	Which Member of Parliament for Macclesfield was married to Jane Ann Winterton?
5a89dbec554299669944a5d6	Theme Park Inc is a video game that created what sequel in North America in 1999?
5a89e6615542992e4fca8462	In what year was the county in which Kentucky's 20th-largest city is located founded?
5ae361dc5542992f92d822aa	The Facts Behind the Helsinki Roccamatios was published by the creator of the award-winning fantasy adventure novel that was published in what year?
5a8e63d65542995085b37421	Are Francis Ford Coppola and Jack Hill both American?
5a88451655429938390d3f12	The title Grigory Drozd lost in May 2016 was won by a boxer who made his acting debut in what film?
5a7a05485542990198eaf04c	Special K is a slang word for a medication whose main effects last how long?
5ae25d2b554299495565da46	Who has more singles titles, Brian Gottfried or Peter Fleming?
5ab8f53355429916710eb0d1	What actor had his final performance in the film based on a dytopian novel by David Eggers called The Circle?
5a9042825542990a984935d6	What is the rule that makes a major difference between the National League and the American League that allows another player to bat for the pitcher?
5a7c96765542990527d554d8	Which occupations did Ralph Smart and Trey Parker have in common?
5ae75c6e5542991bbc9761f8	Annapolis Junction is located in what county named after  the wife of Cecilius Calvert, 2nd Baron Baltimore?
5adf8dea5542995534e8c7e4	Somebody’s Daughter’s star Max Gail was most widely known for his role in what other television series?
5ae1681b554299422ee9967c	What production company is owned by the director of "She Hate Me"?
5ade286e5542997c77aded81	Which band has been around longer Catfish and the Bottlemen or The Lumineers?
5ab938db5542996be2020454	Ross Pople worked with which English composer known for his opera "The Midsummer Marriage"?
5a8cacce554299585d9e3718	The American rock band from Ukiah, California in which Davey Havok and Adam Carson participate has made how many live albums?
5a7353795542991f29ee2d82	Which was published first Timothy McSweeney's Quarterly Concern or Scrye?
5a7730f255429972597f148c	Michael Braz completed a libretto for what Georgia college, founded in 1906?
5a7d07a455429907fabef0ae	József Viola's association was most prominent with which professional Italian football club in Turin, Piedmont?
5ab5eed65542997d4ad1f25c	Which is in the family Rutaceae, the Diplolaena or the Arenaria?
5a8ceddb554299441c6b9f85	What profession does Nora Roberts and Elizabeth Hardwick have in common?
5ac4920d5542996feb3fe8d3	When was the designer of the Disneyland attraction with variants in California, France, Hong Kong, Tokyo, and the Tomorrowland Speedway born?
5ae40d405542996836b02c28	At what intersection was the former home of the wooden roller coaster now located at Six Flags Great America in Gurnee, Illinois located?
5ac04a265542997d642959f1	In which Navy was the single-engine BAE Systems Hawk operated?
5a9084e75542990a98493667	Les Ottolenghi was previously the Chief Information Officer at what casino in Paradise, Nevada?
5adff4a555429925eb1afb91	Which airport is closer to the Atlantic ocean: Wilmington International Airport, or Texarkana Regional Airport?
5adeb78a554299728e26c77a	In what state is the manufacturer of Bisquick headquartered?
5ae20c245542997283cd2367	Hina is derived from a dye prepared in what areas?
5ab482815542990594ba9c3d	Flowers in the Attick starred which "Mad Men" actress?
5ab2b95c5542991669774072	Women's soccer star Caprice Dydasco plays for Newcastle Jets FC based in what nation?
5ab41677554299753aec5a38	Where was the air-cooled version of a weapon system used on the HMAS "Narani" found?
5abae1e65542996cc5e49ed2	JSOC was created on the recommendation of a colonel who served in the Malayan Emergency and what other war?
5ab4482b55429942dd415f09	Which filmmaker is considered a pioneer, Herschell Gordon Lewis or Leah Meyerhoff?
5ae6537c5542991bbc9760c1	Who produced the 2004 major release sequel of Shrek 2?
5adc3a7055429947ff173913	What is the nationality of the poet who wrote Une Tempete and first performed it in Tunisia?
5a7a5cc35542996c55b2dd7c	What position did Christian Albrecht Bluhme during the second military conflict as a result of the Schleswig-Holstein Question?
5ac47d7355429919431739b3	What Dutch painter specialized in domestic interior scenes of middle class life and has a painting of a young woman dressed in a yellow shawl in the Louvre, Paris?
5a8b041955429971feec4604	Which profession do David Breashears and Richard Bass have in common?
5ae56a0d5542990ba0bbb29c	When is the 2010 population of a town in Waldo County which was covered by "Maine School Administrative District 3"?
5ab6b59f5542995eadef0065	Lost Someone was written by James Brown and an American R&B/soul singer who began his career in 1952 as a member of what gospel group?
5a80ef1555429938b614225e	The German geographer and geopolitician Otto Maull was part of a team led by Haushofer whose close associate was a prominent politician in Nazi Germany born in 1894 who served under Hitler in 1933 as what capacity?
5a8660ba55429960ec39b684	Do both Kettering University and University of New Mexico offer post-secondary degrees?
5a7a94f155429941d65f26ca	What is the altitude of the town in England that has Leadgate between it and Garrigill?
5a78a862554299148911f8fe	What is another name for the butterfly of the Hesperiidae family that is found in the third largest country in Africa?
5a72a51355429901807daf21	Who is the chairman of the company that operates Suncoast Hotel and Casino?
5ac417405542995c82c4acbb	Who starred in The Bronze and also showed up on the CBS sitcom "The Big Bang Theory"?
5ae7a9765542994a481bbdbc	What is the long name of the Government of Ireland Act 1920 that relates to Islam in Northern Ireland?
5ae496735542995dadf2435d	The 2008–09 Texas Tech Red Raiders played in which athletic conference headquartered in Irving, Texas?
5ab56b3a554299637185c585	Matt McKenzie had a role on the television show that focused on the lives of teenage friends from what Wisconsin town?
5ab72c7d55429928e1fe3830	What was fort orange's initial name?
5a8adbf55542992d82986fab	Hans Florian Zimmer composed The original music score for  Pacific Heights, since the 19080's how many films has he composed music for?
5a8a48ee55429930ff3c0d66	Kadeem Jack is a player in a league that started with how many teams?
5a74be0b5542996c70cfadc8	Which Comcast-owned film studio produced the movie Radio Patrol?
5abac35055429901930fa8ae	Which character did this Australian-American actress who appeared in the movie "Felony" play in the Australian soap opera "Home and Away?"
5a8b19f45542996c9b8d5f9e	Stewart Nozette is currenlty serving time in a correctional facility operated by which government agency?
5a7f5d165542992097ad2f3c	Whose works are more likely to be seen in an art gallery, Hovsep Pushman or Armen Chakmakian?
5ac55ea55542993e66e82377	Pacific Mozart Ensemble performed which German composer's Der Lindberghflug in 2002?
5abd0097554299700f9d7956	What is the scentific name of the butterfly that is widespread in the seventh-largest country in the world?
5ae655845542991bbc9760c3	An American physicist coined the term "soft energy path" in 1976.  Today he is chairman and chief scientist of what?
5ade84d7554299728e26c72b	Do D-A-D and Gândul Mâței play the same style of rock music?
5a8c2adc554299240d9c20a9	Wade Watts is the uncle of a politican who played college footbal for which team ?
5ae2661d554299495565da60	Phil Ruffin, an American businessman born in 1935, owned a greyhound racing track called the Wichita Greyhound Park in which state?
5ac250aa5542992f1f2b384d	What English competitive sailor has Mike Bushell included top tips from in his features?
5a74cfed5542993748c896ea	Which musician or band is from further north, Matthew Good or Modern Baseball?
5a89fc665542993b751ca9de	Which them park is host to both the Back to the Future Rid and The Simpsons Ride?
5ae2ce505542996483e64a72	In which year was this public research university in which Brock Marion played college football founded?
5ab98d70554299753720f82f	What kind of action does Mark's Pizzeria and Patxi's Chicago Pizza have in common?
5ab56f7a554299637185c59a	Not Richard, But Dick was an album by the band formed in what city?
5a83a4bc554299123d8c217f	Bobby Arora is the trading director of a retail chain that was formed in what year?
5a84f6c55542997175ce1f36	Geoffrey Serle wrote a biography about which Australian military commander who planned the Allied attack at the Battle of Amiens in 1918?
5ac26ac15542992f1f2b38bc	Who is the film dedicated to that Paramount Classics and MTV Films co-purchased the rights to?
5a7615fb5542992db9473727	Was the famous opera comique that was based on a Prosper Merimee novella a comedy or a tragedy?
5ade3bf75542997c77adedb8	who has written more than 100 books, Yaşar Kemal or Avram Noam Chomsky?
5ae32eca5542994393b9e640	Who founded a brand of tyres that promotes the Great and British Motorsport Festival?
5ab514c05542991779162d72	The school in which the Wilmslow Show is held is designated as what?
5a8a3a355542996c9b8d5e5e	Which light rail system would one use to visit the museum that explores the impact of modern conflicts on people and society?
5ab5ab5d5542992aa134a37d	What American regional sports cable and satellite television network does American television sports personality Charlie Moore host two shows on?
5ab2999a554299194fa9342f	Huell Howser provided the voice of Backson in Disney's what numbered animated film?
5a7c6b86554299683c1c62ff	Who is older, Hampton Del Ruth or Ted Kotcheff?
5ab6e865554299710c8d1fad	Between Danny Elfman and Fran Healy who has worked in more diverse fields?
5adf9f6c5542992d7e9f93c2	Over what time period was the motion picture studio which produced Marvel One-Shots known as "Marvel Films"?
5a7dd6cd5542995f4f4022cd	Venus is a play by an American playwrite who what what prize?
5a8f141e55429918e830d181	What was the setting for Raphael Coleman's best known film?
5a8b4d5e5542995d1e6f135c	What Congressional District did John Shimkus represent before the 20th Congressional District of Illinois?
5a778a165542995d831811a9	Who gained recognition earlier, Tim Roth or Polly Draper
5ac458f8554299204fd21f2a	What is the relationship of Yeshahework Yilma's mother to the man who was Ethiopia's emperor from 1930 to 1974?
5ae4a2d05542995ad6573de1	Bridger, Gallatin County, Montana comprises the ski area that serves which college?
5a8c42d7554299240d9c20f5	How long does the lower level degree program, offered at Helene Fuld College of Nursing, typically last?
5ac2bcf55542990b17b1546e	In 2009 the OCA announced major changes to it event lists, and in what city did this multi-sport event take place?
5a7224ab55429971e9dc92dd	Who was the lead singer of Eighth Wonder and who was born on March, 4th in 1968?
5ab26a4b55429970612095fc	Tile Kolup pretended to be a member of what House?
5a80be9655429938b61421b5	In addition to Jennifer Tilly, Brian Backer, Sally Kellerman, Nedra Volz, Clara Peller, Wendie Jo Sperber and the actor born on June 22 1958 in Wilmette, Illinois, who else starred in Moving Violations?
5adfc97255429906c02daa41	In which tier of the English football league system does the team which competed against Notts County in the 1894 FA Cup Final currently compete?
5ab6b13b554299710c8d1f3f	The Roissy Airport connects to Paris and cities in what countries?
5abea05f5542991f661061b6	South Dade High School is located between what two national parks?
5ae679ec5542996d980e7b75	What is the population of the city in Colombia where Carlos Vieco Ortiz was born?
5a7de14a5542991319bc93fc	What rule-class city of 26,595 contains the neighborhood Plainview?
5adf4da15542995534e8c780	Are Philip Cortez and Julian Castro democratic or republican?
5a71419f5542994082a3e70d	Riema Juhani Karppinen won the silver medal at what event held outside of Munich, Germany?
5a8a19c45542992e4fca8501	Are either The Pogues or Pillar an electronic dance music group?
5adde73f5542992200553b94	What do both Spider-Man and Spider-Man in film have in comman
5a80f793554299260e20a1e1	What British company was involved in recording the audiobook for the book known as The Golden Compass in North America?
5a8a803b55429930ff3c0e04	Jean Hudson Boyd is known for her controversial sentencing of Ethan Couch. What was his sentence?
5a80274e5542992e7d278dfb	Follow the Yellow Brick Road Tour is taking place to commemorate the album that was recorded where?
5a72c9e85542991f9a20c595	Gabriela Mistral and Alan Sillitoe were both in what profession?
5ab499a55542996a3a969f9f	Were Shadows Over Camelot and Battle Sheep released by the same publisher?
5a80838d5542992bc0c4a745	Which game can have more players, The Magic Labyrinth or Shogun?
5ab8750255429934fafe6dd1	What is the southern border of the neighborhood that the Bruce Silverstein Gallery is located in?
5abac89d55429901930fa8b5	How many Golden Globe Awards did this English retired actress whose career has spanned over six decades and who appeared in the two-act drama Moby Dick—Rehearsed by Orson Welles?
5a73090455429901807daf6e	Vocelli Pizza and Noble Roman's serve which kind of food?
5ab5d27a554299494045f073	What is the Landsman Kill near New York State Route 308?
5adc396155429944faac2479	Are both Stanley Elkin and Anne Lamott non-fiction writers?
5a89e2785542992e4fca843d	Are Andrew Stevens and Charles Burnett both American?
5a7f7c285542994857a76746	California joined the Union due to the passage of a package of how many separate bills?
5a8f0796554299458435d528	what air force based named in honor of Carl Benjamin "Ben" Eielson is located 26 miles southeast of Fairbanks, Alaska?
5a8ce55f554299441c6b9f62	The band who released the debut album "Tinted Windows" had their first performance in what city?
5a8e3e9b5542995085b37402	In which county of New York was Circumstantial Productions founded?
5a80e5f5554299260e20a1ae	How many of the 12 million immigrants to the United States through Ellis Island were Italian immigrants?
5ae064605542993d6555eb44	The Music Hall Guild of Great Britain and America includes a patron in which actress who had a role on EastEnders?
5a81737155429903bc27b96f	"Do Lafzon Ki Kahani" is a remake of a Korean movie directed by which director ?
5ae3d67f5542992f92d8238f	The man who currently serves as the wide receivers coach for the Dallas Cowboys used to coach at what college?
5abd8ee05542993062266cc8	What village in Nassau County, New York with a name meaning "a pleasant place" is represented by Kathleen Rice in the United States House of Representatives?
5a89d3e15542992e4fca83d4	Which musical group has released more albums, The Telescopes or Candlelight Red?
5ab2ed62554299166977413a	Who designed the 1954 Plymouth Explorer produced by the Chrysler Corporation?
5a85e5345542991dd0999ebb	Which mechanical device which engages and disengages power transmission  uses brake fluid?
5a86f13c554299211dda2b5e	Nekeshia Shiondrail Henderson is an American former professional basketball guard who played college basketball for The Texas Longhorns women's basketball team, representing what school?
5ac562115542993e66e823bf	The moon represents my heart is a mandarin song made famous by Teresa Teng, what other language does she sing in?
5ab3589455429976abd1bc93	What is a common feature of both the Iron Rattler's inversion and a barrel roll?
5a7eacd855429930675135c3	What is the nationality of the actor who was a leading man of Michèle Mercier and born on November 3, 1921?
5a74a8fa55429929fddd8497	After his curacy at the village that is a suburb of Scunthorpe, who was Industrial Chaplain to the Bishop of Lincoln?
5ac05fb55542997d64295a0b	which  American conglomerate company is  a subsidiary of Trump Entertainment Resorts
5ae4606c5542996836b02c91	Where was the company, of which David DeVoe is Chief Financial Officer, ranked in the world, in 2014, in terms of revenue, against similar types of company ?
5a73f2035542993a88ae2ea8	What song was created by the group consisting of Jeffrey Jey, Maurizio Lobina and Gabry Ponte and released on 15 January 1999?
5ae666d35542991bbc9760cc	What year was the major Roman road built that connects to the port that is now in the "comune" of Bacoli?
5a7c54eb554299683c1c62e8	The American short horror The sub stars which American actress, make-up artist and producer born in 1964?
5abbd58d554299660624172f	Are Cardinal Health and Kansas City Southern located in the same state?
5ac160bb5542994d76dccdfb	What corporation does the company that publishes the monthly magazine that focuses almost exclusively on the Western United States and featured photograph by Julius Shulman of a home designed by Rodney Walker belong to?
5a734dad5542994cef4bc522	In which city are Anadoluhisarı and Church of St. Mary of Blachernae both located?
5ab94fa25542996be2020474	What is represented on the cover art of the studio album that includes the song "Speed of Sound"?
5a7b2ec755429927d897bf53	Kentucky Truck Assembly and Louisville Assembly Plant are two auto factories in the city of Louisville operated by which car maker?
5ae604ec5542996de7b71af9	Which team did Joe Buck's father broadcast for?
5adc1af75542994650320c75	In which year was this single by Cher, written by  Brian Higgins and included in the album The Very Best of Cher, released?
5ab298fb554299449642c922	Who was known for playing a fictionalized version of the wild politician who was the face of communist scare tact's in the early 1950's?
5a812d0555429938b61422e1	Which breed of dog came first, the Norrbottenspets or the Blue Lacy?
5adf35935542993344016c36	Which wrestler, who died in 2009, featured on the wrestling show Starrcade?
5a7f669a5542994857a76729	What character did the actor born on January 19, 1944 play in "As the World Turns?"
5a7ea14655429930675135ab	What giant silverware company was started as a religious Utopian group and was for many years run by Pierrepont Noyes?
5a7db1a15542995ed0d16660	Who was born first out of Arnel Pineda and Trace Cyrus?
5ac41ca75542991943173919	How large of the area is the nature reserve south of Seacroft Esplanade?
5a8cbda955429941ae14dee5	Richard Burton became involved in a mayoral campaign for a politician that previously served as the Mayor of Baltimore during what time period?
5a8463945542992ef85e23d9	The Dying Swan is a famous solo associated with Anna Pavlova. Whose music is it based on?
5a7fa55555429969796c1b0e	The star of "The Inkwell" also starred in what 1993 movie as O-Dog?
5a8f91c755429918e830d26c	What Estonian composer whose music is partly inspired by Gregorian chant set the Latin text of the Magnificat canticle in 1989?
5ab67d2055429954757d3304	Which is a type of gun dog, the Labrador Retriever or the Tibetan Terrier?
5a73583455429901807dafcf	In which professional wrestling promotion did Randy Savage perform, after he left the World Wrestling Federation?
5ae0ba1155429924de1b7156	Leonard Logsdail had a cameo role in the biographical film directed by whom?
5a8c87aa554299653c1aa0ac	Are Super High Me and All in This Tea both documentaries?
5a74fd6d5542993748c8977d	What day of the week does the Korean cooking-variety program featuring the owner of "Dear. bread" air?
5a7f00b455429930675135f1	Which Hells Angel member stabbed and beat an attendant of the 1969 counterculture-era rock concert in the United States?
5ae0800055429924de1b70db	In which Sottish Region is the castle in which] Sir Roger de Kirkpatrick was born ?
5a7e782655429934daa2fc26	How many acres did this plantation consist of, in which the Honourable The Irish Society was set up to colonise County Londonberry?
5a721b9055429971e9dc9277	What airline holding company located in Solna Municipality, Sweden owns a technical aircraft maintenance company located in Arlanda, Sweden?
5ac2c7ff554299657fa2904f	Lighthouse Beach is a small section of the Fire Island National Seashore that is adjacent to a state park in Long Island that is how big?
5a72b3335542994cef4bc3dc	What party campaigned for the Irish Home Rule Movement?
5a86038455429960ec39b600	The winner of the the London Riders' Championship in 1953 scored how many points in the 1952 Individual Speedway World Championship?
5ab7fa4f5542993667794080	Which of the following was founded in 2003: University of Arizona or Presbyterian University College?
5ae0a09a5542993d6555ebc9	Which opera had more contributions to its making from friends of the composer of the opera, Eugene Onegin or The Devil and Kate?
5ae509f655429908b63264ef	What did the NBA player who visited Tlacote el Bajo win during his rookie season?
5a7739f25542994aec3b7234	What musician is ranked 9th in the Top 100 Greatest Metal Guitarists and started a band in 1990 in Los Angeles, California?
5adcdea85542992c1e3a2441	What film adaptation do both Jerome Bernard and Ira Lewis have in common?
5a83335f5542996488c2e3ec	Which American novelist was notable primarily for publishing science fiction, Allen Drury or Philip K. Dick?
5a7a4f405542994f819ef1c0	Who was the director of the film featuring the character "Supah Ninjas"?
5a7182b65542994082a3e85b	How many European Jews died in the catastrophe of which Eva Hayman is a survivor?
5ae1a8c05542997f29b3c0ec	Where is the location of Liberty Square park in Disneyland California?
5ade063d5542997dc7907129	What was the occupation of the man who founded the Huffman Historic District which is a part of the Historic Inner East neighborhood in Dayton, Ohio, Unoited States?
5a81d51a55429903bc27b9d2	Brinckerhoff, New Yorkhad a role in a CBS sitcom created by whom?
5abed44b5542990832d3a0db	Panna a netvor is a re-telling of a classic tale by what novelist?
5a86294e5542994775f60715	What group released a song called "Stinkfist" on September 17, 1996?
5a72a2935542991f9a20c546	Is Velvetpark or Shape magazine written more for a lesbian and queer-identified female readership?
5ade653f55429975fa854ebb	What concert tour headlined by Coal Chamber in 1999 was named after the popular hit song by the Puerto Rican singer Ricky Martin, spanish for "the crazy life"?
5a7a3cea5542994f819ef182	Where was one of the runners born who almost broke Craig Virgin's Illinois Boys Cross Country record?
5ab56f3e5542992aa134a317	Which genus of flowering plant is found in an environment further south, Crocosmia or Cimicifuga?
5ab9bc6155429970cfb8eb90	Are both the flowering plants Desfontainia and Alisma  in the family Potaliaceae?
5a90ad595542990a9849368b	How many people go through the airport where Darwin Airline's headquarters are located?
5adcd5005542994d58a2f6f0	Who voices the character that stars in Baseball Bugs?
5a78d16455429974737f78bb	Between two scientists Ernst Messerschmid and Philippe Perrin, who is older?
5a77f2af5542995d83181333	Who was born first, Grigory Margulis or Leonid Levin?
5a840e8a5542992ef85e239e	Between two bands, Mastodon and Hole, which one has more members?
5adea62e55429975fa854f3b	Are the Prince of Wales and Flaming beverage both non-alcoholic drinks?
5a7759dd5542994aec3b729f	What Major League Soccer team owned by Anthony Precourt is coached by a retired American soccer player ?
5ab81cff5542990e739ec827	Which novelist was educated in London, C. S. Forester or Helen Zahavi?
5a7c5a87554299683c1c62eb	What community in Imperial County, California is partly named after a species of tree that is native to North America, Europe, and western Asia?
5abb61c0554299642a094a86	Are both Trace Cyrus and Jizzy Pearl vocalists?
5ae499d755429970de88d9ca	Carroll County, for 12 of the 13 counties, were named for which wealthy Maryland planter?
5a79fac85542996c55b2dcc1	The Curaçao Centre for Correction and Detention changed its name to Sentro di Detenshon i Korekshon Kòrsou at this event which saw the dissolution of a Caribbean country on what date?
5ab9c292554299131ca423f5	To which place was this Irish convict portrayed by Oscar Redding in "Van Diemen's Land" transported for theft?
5ab5e024554299494045f097	Were Joss Whedon and Norman Mailer both Americans?
5ade2bce5542997c77aded96	Who is the director of Hollywood film "7th Heaven" (1927), Jerry Belson or  Frank Borzage?
5ae20c465542997283cd236a	What type of film is Jordan Roberts 2017 film release?
5a8a12ae5542992d82986e92	Though one castle is on an Isle and the other on a ridge, what to they share in common regarding their locations?
5a7350d55542994cef4bc535	Which movie used more styles of animation and filming, James and the Giant Peach or Tangled ?
5ac4f2235542996feb3fe995	The elder sister of Darleen Carr is best known for her role as which Von Trapp daughter in "The Sound of Music?"
5ae13f3c5542997b2ef7d168	Arthur Noss was a gunner for the commader during which two European theatre battles in WWII?
5ab8f4ee5542991b5579f091	Which genus has more species, Lantana or Silybum?
5ac02c6b554299294b218f38	Hey Ya is a song performed on The Ed Sullivan Show on CBS by which hip hop artist in 2003?
5a89e57f5542992e4fca845d	The people for whom pap is a staple food speak a language that is a major branch of what language family?
5a83c2e25542996488c2e4bc	The 2014 Baylor Bears football games were played at the stadium whose name was changed during what month?
5ab850b255429916710eb036	What items are used to play both Lapta and Rounders?
5a753ff455429916b01642bc	Who died more recently, Lincoln Steffens, or Monique Wittig?
5a75675d5542992d0ec05f87	What movie directed by Tim Fywell, included the actress who also appeared in "Euro Trip" and "Inspector Gadget"?
5a7f48e15542992e7d278ce6	Brad Elterman is a professional photographer who addressed the rock 'n' roll lifestyle of a band that became noted for what?
5a7292385542994cef4bc342	Who wrote lyrics for both "Little Shop of Horrors" and the song "Be Our Guest?"
5aba75e655429955dce3ee3c	In which city have Gary Ayres and Neil Craig both been head coach of the Crows?
5ac2b8085542990b17b1546b	Which team did Art Briles lead to a victory at the Orlando Citrus Bowl on December 29, 2015?
5ae603ba5542996de7b71af4	Having written singles for several country acts, including Randy Travis, Blake Shelton, and Keith Whitley, what singer song writer achieved his 3rd No 1 single by writing "Always and Forever"?
5a8b7cb95542995d1e6f13bb	Which group of outlaws from the 1890s shares a name with a Yugoslav rock band?
5a88e75c5542993b751ca8c7	Which of the following buildings was designed by SHoP Architects: 247 Cherry or General Motors Building?
5a83305d55429966c78a6b4a	In which U.S. state are MedStar Georgetown University Hospital and Providence Hospital?
5a78c235554299078472775d	A celebrity magazine that has featured Snoop Dogg and footballers such as Riyad Mahrez and the creator's team-mate Juan Mata was launched by which former Manchester United player?
5a7ba83f5542995eb53be981	Who was born more recently, Billy Corgan or Jeff Martin?
5a7b9fac554299294a54aa2f	Of Mehran University of Engineering and Technology or University of Debrecen which is in Pakistan?
5adfd30c55429906c02daa53	What movie studio produced The Benchwarmers, which starred Rob Schneider and Napoleon Dynamites lead actor, Jon Heder?
5ab729335542993667793f5a	What kind of musician does Robert Plant discography and John Bonham have in common?
5a857cf35542994c784ddb1d	What is the name of the city located near the historical region known as Margianḗ in Greek?
5abba91e554299642a094b10	What languages did the son of Sacagawea speak?
5a7f90a15542995d8a8ddea5	What Future Publishing founder co-hosted the annual TED Conference with June Cohen?
5a83bfc8554299123d8c21a1	What is the worth of the logo that appears alongside the "Just Do It" slogan?
5a80e47d55429938b6142238	Are K. Subash and Jason Bateman from the same country?
5a7dec305542995ed0d16679	Which American filmmaker has directed more films, Jon Paul Puno or Ken Kwapis?
5ae61dce5542992663a4f262	What role did Julianne Moore play in the 2002 Oscar winning movie?
5a8a429955429930ff3c0d34	The first of the Simon Bloom books was optioned by a company founded in what year?
5addd82c5542990dbb2f7eb9	Do Ray Wilson and Leo have the same nationality ?
5ae527085542993aec5ec165	Who starred in a 2015 zombie film with Northern Irish actor?
5adbe1b355429944faac23a0	Who wrote shorter stories, Raymond Carver or Lydia Davis?
5a750de95542993748c897ac	What Jurassic Park star was also in the Rainbow Warrior?
5abff65c5542994516f45551	Who produced the 2015 film starring Jesse Eisenberg, Gabriel Byrne, Isabelle Huppert, David Strathairn, and Amy Ryan?
5ae552bb55429908b63265d9	An American football quarterback for the Chicago Bears was a star of a game released when?
5ab3010455429976abd1bc15	Brent Hodge and Harley Knoles are both know for being a what?
5a84fd085542994c784ddaba	Devil's Food is a singles compilation by an American rock and roll band that has also been known to play country shows under what?
5a7f660555429969796c1a2e	The 2015 American drama film, Being Charlie, stars which Canadian actor that appeared in "Adoration" and "Saw VI"?
5ab47e0a5542990594ba9c32	Who is the current governor of the state where former wrestler Stephen Cepello painted the Governor's Mansion?
5ae554ce55429960a22e02b7	"I Will Not Say Goodbye" is a song written in part by a music artist who first gained national attention as a winner of what talent competition?
5abba664554299642a094b02	Who directed the movie for which Jason O'Bryan was nominated for a grammy for best soundtrack?
5a88ac3d554299206df2b328	What country of origin does Eric Lucassen and Party for Freedom have in common?
5a7323ad5542994cef4bc476	Which musician is older, Chantal Claret or Max Green?
5abd2eb255429933744ab750	Is the university that Mary Jane Phillips-Matz attended in New York a public or private school?
5adddf5d5542997dc7907078	Which sports station was the host of The Late Show, prior to Damien Fahey, an anchor for?
5abc553a554299700f9d7871	Kyle Ezell is a professor at what School of Architecture building at Ohio State?
5a77d31c55429967ab1052c0	When was the pianist who recorded Live at Shelly's Manne-Hole born?
5adc398755429947ff173912	Which genus is native to more continents, Nothoscordum or Callirhoe?
5ab6dbc15542995eadef00cd	Securinega and Zamioculcas are both examples of what?
5a7b59115542995eb53be923	What team does the oldest son play for, from the family whose middle son plays for the Chicago Bulls and the mother and father and third son all played basketball.
5adc99ba5542994ed6169ba9	What genre was the film that Chun Woo-hee acted in 2016?
5a863ff0554299211dda2ac6	Are both Bird Talk and Decibel monthly magazines about birds?
5ade99235542997c77adee7f	Where is the headquarter of the American multinational chemical corporation who's part is Dow AgroSciences?
5a8843a455429938390d3f0c	Are York Minster and Brentwood Cathedral in the same country?
5a89dfcc55429946c8d6e9f0	Are Cryptanthus and Gagea, both a genus?
5ab5c6e55542997d4ad1f1db	Warren Gamaliel Harding had an affair with which American secretary born on November 9, 1896?
5ae7313c5542991e8301cbbc	No. 3 Elementary Flying Training School RAAF operated at an Airport during World War 2 that is closest to Which city center in Australia?
5ac31ad4554299741d48a1ee	Are Ainslee's Magazine and The Australian Women's Weekly both monthly magazines?
5ae0f2bf5542997b2ef7d09e	Which attack resulted with the formal surrender of German forces, the Battle of Guam or the Spring 1945 offensive in Italy?
5abab36455429955dce3eed1	How is the Dutch footballer, Ryan Babel, connected to the song, Wij Zijn Ajax?
5adf2d375542993344016c0d	Who wrote the film, other than The Good Shepherd, in which Leonard Logsdail appeared as a tailor ?
5ae4c35c55429913cc2044fb	What year was the film starring Hugh Jackman, Jake Gyllenhaal, and an actress appearing in "The Cooler" and "The Jane Austen Book Club" released?
5a7280925542991f9a20c4a1	Pokémon: Arceus and the Jewel of Life and Totally Spies! The Movie both released in what year?
5ab6aa4c55429953192ad359	In the NASA mission where Moon trees were taken into space, what was the nickname of the Command Module?
5a8bc1565542996e8ac88a0c	What election was Senator Harry Reid at in Nevada?
5a815f445542995ce29dcbec	Aside from the all-NBA third team member in 1995 who was also a three-time NBA All-Star and the NBA Sixth Man of the Year twice, which other two players were selected for the 1997 NBA All-Star Game from the Seattle SuperSonics?
5a8842435542994846c1ce6d	What was the 2010 population of the city established around St. Mary's Mission?
5a893fc855429951533612f0	Are the Chien Français Blanc et Orange and Cretan Hound both used for hunting in packs?
5ab9df1f554299232ef4a239	Jasmin Geljo is known for his role in a 2005 post-apocalyptic horror film written and directed by who?
5a7914e155429974737f7973	What is the birthday of the oldest among Vicente García and Ximena Sariñana?
5add23e45542992ae4cec4a1	Who was the author of the book "The Coming Global Superstorm" and was also the host of the radio program "Coast to Coast AM?"
5a7df6e65542995f4f402353	Which American musician and songwriter was born earlier, Adam Duritz or Cherie Currie?
5a803d695542996402f6a494	What is the main difference between the game Plateau and the game Colt Express?
5a74594a55429974ef308be1	Who beat the Missouri Tigers in what is alternatively known as the Border Showdown?
5a807f6a5542992bc0c4a737	The HMS Seraph is most famous for a WWII operation intended to cover the allied invasion of Sicily in what year?
5a820f2f554299676cceb1ff	Although Michael Fincke's record was broken by Scott Kelly, commander of the International Space Station (ISS) on Expeditions 26, 45, and 46, what was his record for the most time in space?
5ae5e852554299546bf82fb8	Goldilocks and the Three Bares was a film that was totally separate from the fairy tale from what century?
5ab9b2c7554299743d22ebaf	Are both Lygodium or Maxillaria a genus of orchids?
5a862b0b554299211dda2a98	The current home ground of the Salford Red Devils was built for what season?
5a79db655542994bb94570f4	When was the younger brother of Ervin Randle born?
5a8796f75542996e4f308865	The Red Butte Creek oil spill occurre din a pipeline that was owned by what successor company to Standard Oil?
5ac264195542992f1f2b38a5	Which song that John Kirby scored  is often the final piece of music played during an evening of revelry?
5ac27afa5542990b17b153b5	What is the nickname of the singer with which Castor McCord played with in the 1920s?
5ae129115542990adbacf722	A Pair of Brown Eyes and Wild Mountain Thyme is based from what artists song?
5a7736bc554299373536021b	What composer with an Italian libretto was born 4 March 1678?
5ae306115542992decbdcdc4	What is the brand who makes canned meats that had its own cook off in Austin until 2007?
5ab1ea0a554299340b52542a	What is the full name of the company co founded by Jay Van Andel?
5ab50e0a5542990594ba9cf0	The lead of the CBS series "I Had Three Wives" played what role in "Godspell"?
5ab2ce27554299545a2cfa98	The project that Jeder Rappen zählt is inspired by began in what year?
5ae1443855429920d5234362	Alexander Petrovich Nikolayev received the title Hero of the Soviet Union and the Order of Lenin for his actions during the   the final major offensive of the European theatre of what war?
5ae201465542997f29b3c1f7	Which of the case was held in a higher ranking court, South Dakota v. Dole or Rogers v. Okin?
5a8ceb7a554299441c6b9f7b	John Seasock was a professional monster truck driver that last drove a truck sponsored by a company headquartered in what city?
5add15d15542994ed6169c70	Socialist conferences were held with what countries that opposed the Central Powers in the First World War?
5a8aeadc55429950cd6afbe0	What date in 2010 was a South Korean film starring  Kim Hyang-gi released?
5a8cd6de55429941ae14df07	Charlotte Hatherley initially came to prominence in a band formed in what year?
5a77bc9955429967ab105256	What Air Base became an airport that is home to the 101st Air Refueling wing of the Maine Air National Guard?
5adfff0755429925eb1afbce	What is 25 miles south of Groom Lake?
5ab2771e554299340b5254d8	Said Fazal Akbar was appointed Governor by the President of Afghanistan that served until what day?
5a727a635542994cef4bc2c9	What type of ovulation does the animal formerly known as the pygmy chimpanzee have?
5abce87e5542993a06baf9a5	What role in the military did the discoverer of the elliptical galaxy NGC 3610 have before reaching Britain ?
5a7da98e5542990b8f503a17	What crossroads is the town located 10 km north of the Charcoal Tank Nature Reserve located?
5ae0a5825542993d6555ebdf	Are George Stevens and Luc Besson American cinematographers?
5a7cff5755429907fabef09d	What was the title of the man who Sir Thomas Hungerford made his fortune working as a steward to?
5abd0803554299700f9d7979	Caprice No. 5 was composed by what Italian violinist, guitarist, and composer, who was the most celebrated violin virtuoso of his time?
5a88e7a55542993b751ca8ca	Where was the 2015 MSA Formula Championship, a multi-event, Formula 4 open-wheel single seater motor racing championship held?
5a773ae055429972597f14b0	What actress with the last name Saravanan starred in the 2004 Tamil film Arul?
5ae625935542995703ce8b2a	Who founded gaming company which owns and operates the Red Rock Resort?
5ab828f25542992aa3b8c8a3	What 2014 Ottawa Fury goalkeeper coach missed a shot deflected off Ronnie Whelan in the 1987 Football League Cup Final?
5abe832a55429965af743f29	Two of the pharmacy schools are Midway College School of Pharmacy and which first for-profit college or university to receive the Southern Association of Colleges and Schools?
5a778b1e55429949eeb29ee3	What band is a tribute to a band originally known as the Grizzly River Boys?
5a7c4a6455429907fabeef53	Before moving to Boston to play at the New England Patriots, in which city did Dean Caliguire play his college and NFL football?
5a7e035d5542997cc2c474f6	Which auhor is younger, Nevil Shute or Grace Metalious?
5ade8ad95542992fa25da7b8	Was Talking Heads and Man or Astro-man? formed further north?
5a793d335542994bb9456fca	Amil Grove appeared in what  British tabloid published by News UK?
5ae1599155429901ffe4ae7b	Willi Forst and Brian Robbins are both what?
5ab2beba554299166977408f	Who is the father of the Prince in which William Joseph Weaver is most famous for painting a full length portrait of?
5ac3c0495542995ef918c215	SLS station was designed to allow access to the area of Las Vegas that includes a hotel and casino in what other town?
5a8e2147554299068b959e67	Murray Seafield St George Head most recognised for which song from the concept album and subsequent musical "Chess" by Tim Rice, Benny Andersson and Björn Ulvaeus?
5ab5a7f45542997d4ad1f1a5	What organization does Sandra Pizzarello and Doctorate have in common?
5ac2f6b8554299677310265f	Henry W. Bloch School of Management is named after the founder of an American tax preparation company that is based where?
5a7509175542993748c897a3	What group of Elektra Records recording artists are known to be an indie pop band?
5abcce3355429965836004a5	When was the novella written whose film adaptation was played during the Christmas season of "Afternoon movie" and contained the character of Ebenezer Scrooge?
5add114a5542994734353826	Which is the younger brother in the composer duo that composed Aati Kya Khandala?
5a73595055429901807dafd6	When was the producer of the film Betrayal born?
5ab5062f55429942dd415fd1	What was the budget of the film in which Kodi Smit-McPhee voiced Norman Babcock?
5adcd9fe5542990d50227d46	To what group of plants do both Dieffenbachia and Carlina belong?
5a83c9e45542992ef85e2361	What type of film was the Benn F. Reyes's Dr. Strangelove?
5a8dbc8b554299441c6ba077	Spring Waltz starred the American actor who is known for what 2007 film?
5ab7209a554299110f219aba	Name any class of vertebrates within the class of Mammalia that has atleast 2 types of sensors?
5ab809bb5542990e739ec7f9	Name a movie that David Thewlis has performed in after the premiere of Fargo?
5ae765185542995703ce8c0f	YouPorn was surpassed, in 2013, by competitor sites xHamster, Pornhub, LiveJasmin, and this website that is registered to the Polish company WGCZ Holding?
5adfdef9554299025d62a36b	Where was the first governor after the The Missouri Compromise from?
5ab98e2b5542996be202054e	The person that William Flannery was an architect for entered the publishing business in what year?
5a8b058055429971feec4612	Holland Park is located next to the shopping center owned by which corporation?
5a8f64605542992414482aaa	Are Tim Rice and Kathy Acker both from America?
5a824e0b554299676cceb254	Where is the origin of Tie Domi who was a player for the Maple Leafs?
5a8b051255429971feec460e	Henderson Executive Airport got its name in 1996 when it was purchased by Clark County to be used as a reliever airport for an airport named after what politican?
5ac235e355429951e9e684a2	What collaboration with DJ Muggs did Gary Grice participate do in 2005?
5ab32fc355429969a97a80fa	Was Vanderbilt University or Emory University founded first?
5a8e8d665542995085b3744e	What was the birth name of the start of Hwarang: The Poet Warrior Youth?
5ac4f7e955429924173fb523	The English chef known for his back-to-basics philosphy has a sister named what?
5aba5c625542994dbf0198f2	Who founded Methodism along with the man who was also part of the revival movement in England and the Great Awakening in the United States?
5a7a2dac5542990198eaf0b6	Who is younger, Keisuke Kuwata or Moya Brennan?
5ae26af3554299492dc91c1c	Which building is taller Bertelsmann Building or 432 Park Avenue?
5a7f5e0455429969796c1a12	Spill.com gave their final review for a movie directed by who?
5ab73de755429928e1fe383b	Which item spanned farther distances regarding sales, Interact Home Computer or Sord M5?
5a84afdc5542991dd0999d81	What golf course, located in Fulton County, Georgia, saw Keegan Bradley win a championship?
5a7dc2185542990b8f503a7b	Which county is Jollyville, Texas located in that had a population of 1,024,266 as of the 2010 census?
5ab48f245542990594ba9c66	Did both the Beaulieu Mine and Colomac Mine fall into bankruptcy?
5a8f43795542997ba9cb3204	Who is older Danny Green or James Worthy?
5a875b755542996e4f308796	The song "Medicine" by The 1975 appears in a film directed by what Danish filmmaker?
5ab31fea554299194fa9356a	When was the second album by Jason Daunt's band released?
5a7503945542996c70cfae76	Which Lithuanian-Canadian anthropologist, primatologist, conservationist, ethologist, and author was chosen by  Louis Leakey, along with Jane Goodall, Dian Fossey to study hominids in their natural environments?
5ae60484554299546bf8301a	Which player for the Chicago American Gears held the record which George Harry Yardley III broke
5ae80f73554299540e5a5722	The title of this Swedish-French crime television series in English refers to a natural phenomenon where the sun remains visible for what?
5ab5df4c5542997d4ad1f218	When was Ben McNiece played his debut  in the Anzac Day clash  against Collingwood at the Melbourne Cricket Ground?
5ae165aa5542997b2ef7d1d1	What is the genre of music shared by vocalists Barney Greenway and Jens Kidman?
5a8b027e55429950cd6afc45	The song "Only a Pawn in Their Game" was based on a crime whose perpetrator was convicted in this year.
5a7fd95d5542992e7d278dc5	Wagner Moura received what nomination for playing the lead role of "The King of Cocaine"?
5a7a3bed5542996c55b2dd45	Which California band, whose debut album Adrenaline appeared in 1995, has been referred to as "the Radiohead of metal"?
5a83938c5542993344746049	What is the date of the reissue of one of Rhihanna's album that features three newly recorded songs and a DVD showing exclusive behind-the-scenes footage of Rihanna's worldwide tour that was the second overall and first world concert tour by Rihanna?
5a7354e35542994cef4bc55b	What is the name of second extended play by the artists of the mini-abum Code#01?
5a72644b5542997f8278399a	What professional footballer who plays for Championship side Cardiff City was part of the 2009 Houphouët-Boigny stampede?
5a7c5de155429935c91b5179	Which American pro basketball player who won gold at the 2008 Summer Olympics was signed by the Utah Jazz during the 2005-05 offseason?
5a73672b5542991f29ee2de7	Who played for the 1983–84 New York Knicks season and also had a younger brother who played in the NBA during his career
5ac4e07e5542996feb3fe95c	The Bragg–Gray cavity theory was developed by Louis Harold Gray, William Lawrence Bragg, and a man that was knighrted in what year?
5a8aad0d5542992d82986f55	What is the genre of the 1991 film that featured the song "Breakin' the Rules" ?
5ac4db1d554299076e296e1a	who is a British physicist  and also a  British government's chief scientific adviser
5a80b35c5542992bc0c4a7b8	Sinimole Paulose's favorite events are the 800 metres and another event that has been a contest at the Summer Olympics begining in what year?
5ab2118055429970612095b8	Which actress worked closely withCharpes Lane?
5adfba9555429942ec259b1e	The central figure used in the corporate branding of Singapore Airlines has been an element of it's marketing since what year?
5a7b895c5542997c3ec97206	The head writer for which show also wrote a Simpsons' episode narrated by James Earl Jones?
5a72334755429971e9dc934c	"Heartbreak Hurricane" was recorded by which country artist, that also goes by the name Ricky Skaggs?
5ab720685542993667793f44	What type of believer does Mir Jafar Baghirov and Joseph Stalin have in common?
5ab9339f554299131ca422bb	The 2009 Fort Hood mass shooting was committed by who?
5ae2c509554299492dc91c68	What reward did the founder of Chick-Fil-A receive?
5a8341c255429954d2e2ec6e	Thehickey  team that won the 1997 Calder Cup playoffs is based in what city?
5a7f44a65542992e7d278cd7	What genre is What's It Gonna Be due to its 4x4 rhythm?
5a887293554299206df2b273	From what island has Chryseobacterium frigidum isolated?
5a74bdce55429929fddd84e1	Who died last Vladimir Arnold or Georg Cantor?
5abd81ff5542993062266cb3	What do the Church of St. Mary of the Spring and Hagia Irene have in common?
5a7b4d765542995eb53be8fe	For how many years did a player, who woke up on March 28, 1996 without vision in his right eye, play for the Minnesota Twins?
5ade662155429975fa854ebd	What were the nicknames for the companion of Nuna?
5ae629215542995703ce8b34	What South Australian capital held UFC Fight Night 65 in May of 2015?
5a89e0ec5542992e4fca8427	What philosophical system did the author of a novel about Howard Roark develop?
5a90945755429933b8a2056c	John Constantine Williams, Sr was cofounder of a Florida city located in what county?
5a8335d95542993344745ff1	Who appeared in the Olympics first, Piet Norval or Emilio Sánchez?
5ac1a6a85542994ab5c67db6	Where are the offices of the weather service that serves the Kansas city which was named after an agreement between European Americans and the Osage Nation?
5a8b46925542995d1e6f133c	When was the singer of Miss Emily's Picture born?
5ae444b55542996836b02c63	When was the brewery founded which has The Stag Inn Hastings as a tied house ?
5a8ba45b554299240d9c2051	Creation Entertainment is located in a city with what estimated 2014 population?
5ac3adc35542995ef918c1e2	Which is in the pop genre, Capital Cities or Tweaker?
5add74b95542992ae4cec56f	Does Lucozade pre-date Hires Root Beer?
5ab6b6fd5542995eadef006b	Which band has more members Music for Dead Birds or The Wolfhounds?
5ae3e1e95542994393b9e78b	"I Wed Three Wives" is an episode of a television series that ran on what network?
5abc87a8554299114383a13e	Which Indian film playback singer as well a devotional singer contributed to the film "Baabul" (2006) and Sukshinder Shinda's album "Collaborations 3?"
5a7ba4765542995eb53be976	Who played a lead role in Dhool and has been awarded an Honorary Doctorate by the People's University of Milan?
5a7b1a82554299042af8f6cf	What is the fourth most populous urban area in the Republic of Ireland and has the housing estate Corrib Park?
5ae37e6e5542992f92d822e0	Which countries forces fought in The Battle of Hürtgen Forest which was covered in the shooter video game Darkest Hour: Europe '44-'45?
5ae7ae9a5542993210983ef2	What song by Soft Cell was sampled in a Rihanna song that had three video versions?
5ac082535542992a796ded2f	Which plant has more species, Bolax or Jovibarba?
5add6f975542992200553b18	In what year did the brother-in-law of Ezzo, Count Palatine of Lotharingia, die?
5a88d6df554299206df2b377	What animated movie, starring Danny Devito, featured music written and produced by Kool Kojak?
5ab2909a5542993be8fa994f	Hairy Jeremy was a television show created in a style that, when it uses plasticine, is called what?
5ae083b75542993d6555eb85	Who was an actor actor in the film The Ladder of Lies and was born October 23, 1893?
5ae6dd745542996d980e7ca0	What novella was the basis of the movie that featured the song "Wien, du Stadt meiner Träume" by Rudolf Sieczyński?
5a8dacf2554299068b959d91	Which year did the band, who released "Hooligan's Holiday," retire?
5adcfdc555429947343537f4	What federal agency was founded in 1935 and maintains a list of wanted persons?
5a7a616355429941d65f25f7	The team that would become the Little Giants was located in the county seat of which Ohio county?
5a7ce7b755429909bec76872	The 1990–91 UNLV Runnin' Rebels basketball team coached by Jerry Tarkanian lost in the semifinals of the 1991 NCAA tournament to which team?
5a8dd9d25542995a26add420	Which film was released first, Those Calloways or The Happiest Millionaire?
5ac4f12d55429924173fb4f6	Pravda and Stiffelio are both operas?
5a8ad59355429950cd6afba4	Which battle, that resulted in the death of Selyf Sarffgadau and Cadwal Crysban, did the Synod of Chester contribute to starting?
5ae1b53b5542997283cd2255	What Indian government tag was given to the handicraft known for making simple loose clothing worn over the shoulders?
5ae526c455429908b6326529	Where is the headquarters for the service broadcaster the show Tenko is on?
5a7e32905542991319bc943b	Jennifer Jones captained the gold medalists for Canada at the Sochi Winter Olympics in which event?
5ae8202255429952e35eaa3a	What Japanese fashion label was founded by the creator of Dover Street Market?
5a81df7d55429926c1cdadaa	The 2014–15 UEFA Champions League knockout phase lead to the final of the 23rd season since it was renamed from what?
5ac372195542995ef918c194	Which major regional shopping centre in the western suburb of Indooroopilly in the City of Brisbane, Queensland, Australia  is served by TransLink bus routes?
5a7133fa5542994082a3e660	What is the relation between current manager of Chinese club Tianjin Quanjian and Paolo Cannavaro?
5ae61ac355429929b0807ac6	H Pistorius & Co is part of the reason for the wealth of the family that includes which South African sprinter?
5a78c69e55429974737f787c	Who was born first, Ronnie Radke or Dave Brockie?
5a8b86645542997f31a41d62	When was the actor in the CW show developed by Greg Berlanti who also appears in "Gods and Generals" born?
5a807b44554299485f59860a	Who conceived the rapid transit system that Klemzig Interchange is a part of?
5ae3ffba5542995dadf242b2	Valais is known for the resort municipality in which district in Switzerland?
5ae0111e55429906c02daabc	Kyle York is the Chief Strategy Officer of a company that was aqured by what corporation in 2016?
5a777fd655429949eeb29e93	What person, known also as Jane Ryan, has a four lane highway in the Philippines name after her?
5ae70f4c5542991bbc9761b2	Trilochanapala, last king of the Kabul Shahi dynasty, ruled in the site of which modern country?
5addc7e35542997545bbbdbe	Which areas of the United States were still able to deny sames sex marriages after the case in which Edith "Edie" Windsor was the main plaintiff?
5ae73ddb554299572ea5478d	Hoy Es Manana is by what Mexican Actress and singer, who is the current First Lady of Chiapas State, Mexico?
5a7c22bb554299683c1c62d3	Was California State University, Dominguez Hills founded before or after Pacific Lutheran University?
5a74e9c255429974ef308c93	The book translated as "School of Religions" was suggested to be written by whom?
5a8dde01554299653c1aa159	In the "Star Trek" franchise, DeForest Kelley portrayed a character aboard which starship?
5abce1af554299114383a178	What type of group beat Sheryl Crow's "All I Wanna Do" on the "Billboard" Hot 100?
5a8257fa55429940e5e1a866	The most famous song of the last monarch of Hawaii was what?
5a72830e5542994cef4bc2f9	Where is the company that distributed XXXTentacion's single "Revenge" based?
5a8de5d55542995085b3734d	Are Even and Incubus known for their skill in classical music?
5ade895955429975fa854ef5	In what year did the conference in which the 2005 Air Force Falcons participated begin operations?
5a7ecae055429934daa2fc6a	Are Nathalie Sarraute and Anchee Min both writers?
5adfa12c554299025d62a301	Has Entrepreneur had a longer lifespan than Optimize?
5ae5bcbd55429960a22e0324	When is the football club which Stan Spinks played for founded
5a899f4955429946c8d6e971	Who directed a 2009 comedy released by BBC Films?
5ae14def55429901ffe4ae4a	Do both Lee Tamahori and Robert Redford work as a director?
5adf21bc5542993344016bf4	Lost in Time includes the theme song for a French/Japanese anime series that was created by who?
5a77e9c055429949eeb29fa6	Which British-Mauritian model starred alongside Raj Babbar and Mahesh Manjrekar in a 2011 Indian romantic comedy film?
5ac19eb35542994ab5c67da3	What does the organization associated with Carl Wieland believe about anything other than the young earth view?
5a7f89c75542994857a76775	The terminology of algebraic geometry changed drastically with the introduction of the general methods, initiated by a mathematician of what nationality?
5ab6a3a3554299710c8d1f0d	Grounded Vindaloop is an episode from an animated television series that had this many episodes in its eighteenth season?
5ac3295d5542995ef918c14d	What role in the TV show "Death in Paradise" was played by the man who performed with Alexander Armstrong in the podcast "Timeghost"?
5add6b595542992200553b0c	Where was the artist behind "Shit" born and raised?
5ae212c9554299495565d9de	Which rebellion did Sir John Wedderburn and Charles Edward Stuart fight for that ended with defeat at the Battle of Culloden?
5adcf20f5542994ed6169c2c	Who directed the Hindi remake of the Korean film that starred Uhm Jung-hwa, Kim Sang-kyung, and Song Young-Chang?
5ae2ff2055429928c4239598	What was the first comic book written by the writer who had a series developed into a 2010 film with Bruce Willis and Morgan Freeman?
5ac55e835542993e66e82375	Thomas Fitch defended John Henry Holliday when he was accused of killing men during the gunfight at the o.k. corral, when was that?
5a7b9f1f554299294a54aa2a	Which director was born more recently, Tony Kaye or Marc Webb?
5ab596d95542992aa134a371	WHere are both Sanming and Jiutai District located?
5adf32165542993344016c15	Who is considered the more well known author, Roger Angell or Harry Stephen Keeler?
5ae20427554299234fd04397	Sachem Central School District encompasses the CDPs that include the hamlet in which New York county?
5a7fa48c5542994857a7679a	In addition to Syosset Central, Half Hollow Hills Central, and the school district that has Henry L. Grishman as its superintendent, what other school district is near Hauppauge Union Free School District?
5ab677e2554299110f219a13	What city does Saint Paul School of Theology and United Methodist Church of the Resurrection have in common?
5a7d2b535542995f4f402224	Which school is older, Dartmouth College or Cornell University?
5ae720e9554299572ea54715	What was Sophia Dallas' husbands name who served under the 11th president of the United States?
5a8393665542990548d0b1ea	Are Nikolaschka and White Russian made of beer?
5a84c01e5542991dd0999dd6	In which period the first King of Norway's son who was the king of Norway?
5abca6375542993a06baf946	According to the 2010 census, what was the population of the city in which Andover USD 385 is located?
5ae7f41c5542997ec2727701	What is the alleged rank of the mafioso who ran the Chicago Outfit with John DiFronzo, Joseph Andriacchi, Angelo LaPietra and ames Marcello?
5ac4fbe255429924173fb53b	Name one of the Judges of Spring Baking Championship television series who was born on December 17, 1974 ?
5a7744e45542993569682d37	Who was born first, Juan Rulfo or John le Carré?
5ae455d45542996836b02c7b	Nicholas Pinnock stars as Jason Backland in a series direccted by who ?
5a8f13d55542997ba9cb31c9	Philip Savage served as Direcor of Player Personnel for the Baltimore Ravens under what general manager who was inducted into both the College and Pro Football Halls of Fame?
5ab809195542991d3222380f	Which genus has 5 known species, Leonotis or Psychopsis?
5a8ee7c95542990e94052bb1	What song originally released by an American rock band active in the late 1960's and early 1970's did The Reels do a cover of in 1986?
5abea7c25542990832d3a068	The State Theatre is part of a performing arts centre located in what Australian suburb?
5a7172105542994082a3e837	What film did Tom Wu appear in that also starred Jason Statham and Ray Liotta?
5ac3c264554299204fd21e37	The Gap band was from what neighbor hood that was known as the black wall street?
5a7542425542996c70cfaecc	Who was born first, Karen Joy Fowler or Bruce Chatwin?
5a8e4e7855429917b4a5bd92	Are both Papa John's Pizza and Papa Gino's specialized in Pizza?
5ade89d855429975fa854ef7	In 2008, who were the two actors stared along with a South Korean actor, singer, and model who won best actor in five prestigious award ceremonies.
5a7636fb55429976ec32bd79	Who was the wife of the president when William Bainbridge started his career?
5adc0d2955429947ff1738e6	Are Roger Waters and Tom Johnston both musicians?
5a81d1f0554299676cceb0ee	Which part of Handel's Messiah covers the birth of a child who, according to the gospels of Luke and Matthew, was born in Bethlehem?
5adfa22655429942ec259ac4	How many total staff (including part-time, flexible, and fixed contract staff) does the broadcaster, who released HyperNormalisation, employ?
5abaa32655429955dce3eeaa	James Conlon directed the oldest outdoor Music Festival that is located and what state?
5ac4f04e5542995c82c4ad81	In which of the largest surviving medieval old towns in Europe is the Vilnius Cathedral located?
5ab2d65e554299545a2cfabe	The standard that defines Svalbard and Jan Mayen is similar to what standard that originated in the United Nations Statistics Division?
5ab6c1da554299710c8d1f4c	What province is the city where Matts (Matti) Wiktor Hoikka was a blacksmith and politician?
5a76c98855429972597f13d0	Near what ocean does the highway carried by the Long-Allen bridge terminate near?
5ae537895542990ba0bbb234	Where does the city situated where Kellyville Ridge is located?
5abc00ff5542993f40c73c41	Which contest did the singer of the song Mama's Song win ?
5adcf48e5542992c1e3a24d4	What Polish pioneer in watchmaking was an associate of Wincenty Gostkowski?
5ae2d59755429928c42394ec	Who has a wider scope of profession, Hrag Vartanian or Hovsep Pushman?
5a8ac87d55429970aeb7031d	What brother of Stanley Alan Van Gundy is a color commentator for ESPN?
5adf123f5542995ec70e8f63	Who are the executive producer of the Adult Swim skit show that Odd Future had?
5a8d8abf5542994ba4e3dca1	what producer of The Real Housewives of Orange County also hosts "Watch What Happens Live with Andy Cohen"?
5ae4988655429970de88d9c1	Which is a post-punk band, Boy Hits Car or The The?
5aba9db7554299232ef4a361	From 2003 to 2008 Tom Holland was responsible for what  ?
5a83c9445542992ef85e2360	Viscount Yamaji Motoharu was a general in the early Imperial Japanese Army which belonged to which Empire?
5ae56a3f5542992663a4f1f4	What is the former name of the animal whose habitat the Réserve Naturelle Lomako Yokokala was established to protect?
5adf5e285542992d7e9f9323	When was the judge born who made notable contributions to the trial of the man who tortured, raped, and murdered eight student nurses from South Chicago Community Hospital on the night of July 13-14, 1966?
5a839cb9554299123d8c2169	Who has released more studio albums, 10 Years or Edward Sharpe and the Magnetic Zeros?
5ae04a2755429924de1b7091	Are Columbia University and University of Colorado both private universities?
5a859a0c5542992a431d1b69	Do both Icehouse pieces and El Grande come from the same game?
5ade02d05542997545bbbe0d	Shirley Breeden won her first Senate term in a narrow upset over the politician who was a member of what branch of the armed forces?
5abd001d5542993a06baf9f2	The Westchester Knicks are a basketball team in a minor league basketball organization that was known as what from 2001 to 2005?
5ae5a3bb55429960a22e0314	Srivariki Premalekha is a movie based on "Premalekha" which is what type of book that is a long, written work of narrative fiction?
5a86ec9f55429960ec39b6d7	Does Erodium or Cymbidium include more species?
5a8ee3a755429917b4a5be02	College Humor is a 1933 American pre-Code musical comedy film that starred what American singer and actor who has a trademark warm bass-baritone voice?
5a74397055429974ef308bbe	which coach did the longest tenured active coach n both the NBA and all US major sports leagues replaced in 1996?
5a82360055429903bc27ba46	This American is best known for his work on such Disney animated films as "Beauty and the Beast" and a 1996 American animated musical drama film whose plot centers on who?
5ab94bc2554299743d22eacf	Bytham Castle is a castle in the civil parish of how many houses?
5ac131575542994d76dccdb6	Who was the recipient of a prize also given to a player for Chinese club Tianjin Quanjian?
5a75a76b5542992db9473697	Which animal-themed Disney classic film appeared first: That Darn Cat! or Perri?
5adc2ae5554299438c868d64	Are Yucca and Rodgersia both perennials?
5ab52bd1554299637185c4ee	Are TEC-1 and Dubna 48K are based on the same processor?
5abd2af955429933744ab74b	What movie did actress Irene Jacob complete before the American action crime thriller film directed by Stuart Bird?
5a7bcd68554299294a54aaf0	Who was born first, Mark Steven Johnson or Robert Thornby?
5a8cefc155429941ae14df55	What is the english translation of the name of style of novel of which The Company is an example?
5a76334c5542994ccc918710	Where is the author of Killing Pablo: The Hunt for the World's Greatest Outlaw (2001) born?
5a8c5d3f554299585d9e3675	Which band formed first Cha Cha Cohen or Swervedriver?
5ae02b6c55429924de1b7044	Which magazine launched first, Real Simple or Life?
5a88982155429938390d3f81	What year did the shopping centre on the street numbered B411 open in the space of in the retail space of the former William Whiteley Limited department store?
5ade3b925542992fa25da70a	What was the middle name of the pilot who was portrayed by Levon Helm in the film The Right Stuff ?
5ac23f98554299636651994b	The Companions were the first of what type of cavalry?
5a7cfb2755429907fabef084	What year did the director of The Quiet American die?
5ae471fa55429970de88d965	Where did this dish emerge in the late 1950s that is a long-standing tradition in New Jersey?
5abec66b5542997ec76fd360	What do Josef Veltjens and Hermann Goering have in common?
5a8e5a635542990e94052ae4	How many albums have been sold by the singer who released the 2002 single "Sk8er Boi"?
5a80db5055429938b6142218	Whos version of Dawn of the Dead did R.D. Reid act in, the original by Zack Snyder or the remake by George A. Romero?
5ac308135542990b17b154f4	Christopher I of Denmark succeeded his brother, who was king during what period?
5add3aaa5542992ae4cec500	What was the name of the country ran by the president who maintained the mercenary unit, White Legion?
5a7622d75542994ccc9186f1	Who was born earlier, Garry Marshall or Leni Riefenstahl?
5a8f03855542997ba9cb3186	The Collection at RiverPark is anchored by Target and an American supermarket chain that features foods without what type of fat?
5a74be7a55429929fddd84e4	What is served shaken with ice and should not be mistaken with the name Margarita?
5abd580855429924427fcfb8	Both Dusty Drake and Joe Diffie sing which genre of music?
5a88940055429938390d3f7b	What is the city in which Bauerfield International Ariport is based out of?
5a7bacf35542997c3ec9724b	Who was born first, Jorge Amado or James Leo Herlihy?
5ab93781554299131ca422c7	Which star in the Maltese Bippy died in 1987?
5a87100655429960ec39b71e	Which British Indian novelist and essayist did Anthony Burgess address in a lengthy letter?
5a80abd15542996402f6a5e0	Jing Tian was known for her role in a movie directed by who?
5a7ca55b55429907fabeefe0	How big is the campus of the University that Ben Bahan is a professor at ?
5a8cc602554299653c1aa11a	Do Cathy Berberian and Dickran Tevrizian share the same profession ?
5ab941c2554299743d22ea88	What is the pen name of author Carolyn Janice Cherry, who wrote the Fortress Series?
5add47bf5542992200553a7f	Are Robin Wilson and Adrienne Bailon of the same nationality?
5abd13b655429924427fceea	Which singer, who released his debut solo album in 2012, served as producer for the EP Live at the Third Man by White Denim in 2011?
5abffa095542990832d3a1de	What is the middle name of the actor who hosted the24th People's Choice Awards with  Reba McEntire ?
5a7c02c45542996dd594b880	In which theater did Heidi Brunner, a Swiss opera singer, play the role as Annio?
5a74512b55429974ef308bd5	Who published the film magazine that Peter Biskind was executive editor of from 1986 to 1996?
5ae7c2dc5542994a481bbdd3	Father Jean-Pierre Aulneau de le Touche was killed before he could go on an expedition to Mandan, which is located in which state?
5ae22895554299495565da0c	The Battle of the Catalaunian Plains involved the king of the nomadic tribes of which peoples?
5aba67c255429955dce3ee10	Both The Badgeman and +44 were bands concieved in which country?
5ae1fd8a5542994d89d5b2ee	Do the University of Florida and University of Texas System combine to have both a 2000 acre campus and over 216,000 students?
5a8a6b625542996c9b8d5ed9	In which town was the amusement park that is operated by Britannia Jinky Jersey Ltd located where the first  Tomorrow's Parties Festival was held?.
5a90b2175542990a984936ae	Which tennis player is South African, Mariaan de Swardt or Kateryna Bondarenko?
5ae14cf05542990adbacf742	What is the nationality of the illustrator of Chaos Marauders?
5add23d05542994734353871	What is the primary duty of the Austrian Pinscher and the Maremma Sheepdog?
5a7f1ad155429934daa2fce2	Australian National Airways was founded by the person who made the first what in 1928?
5a7fb90655429969796c1b34	What is the real name of the free jazz drummer on the album "Center of the World"?
5ab531e55542990594ba9d24	What island in the center of Pearl Harbor is connected to the O'ahu by a floating bridge?
5a886b7555429938390d3f4d	When did the party inspired by Cacareco begin in Canada?
5abee4ff5542993fe9a41d7d	Jim Atchison was the President of the theme park that had headquarters in what city?
5adbfffb5542994650320c39	The McKinley Tariff was framed by the representative who was later assassinated in what month?
5a7b63eb55429931da12ca7e	What city does Paul Clyne and David Soares have in common?
5ab3abe9554299753aec597e	Where did the free agent quarterback acquired for the 2015 Buffalo Bills season play college football at?
5a87144155429960ec39b72b	What topic does GeekDad cover that pertains to a line of plastic construction toys that are manufactured by a privately held company based in Billund, Denmark?
5ae497595542995ad6573db7	What are both Stauntonia and Pimelea?
5a72a47d55429901807daf1f	Arundel Castle was damaged during a war between which two groups?
5ac05e035542992a796decf7	Michael Standing was long term friends with which professional midfielder from West Brom?
5ac1725c5542994d76dcce2c	What was the alternate slang name for the World War I era grenade that the egg grenade was less awkward than to handle?
5adec4695542992fa25da83a	The Collective for Living Cinema of Lower Manhattan featured work from what filmmaker also known as Denis Kaufman?
5a8a32d65542992d82986ef4	During the period known as the Second Red Scare Alexander Trachtenberg was convicted under which Act?
5a846c005542990548d0b2b3	What phone series serves as the successor to phones officially unveiled at the "Samsung Unpacked 2015" event?
5a7dbb295542990b8f503a4b	Which Russian professional ice hockey player, known as the Magic Man, was the final recipient of the NHL Plus-Minus Award?
5abb8a9b5542996cc5e4a016	Who lived longer- Bernard-Marie Koltès or Philip José Farmer?
5a7df1095542990b8f503afe	Who was born first out of  Thomas Carr and Joyce Wieland?
5ae5086d55429908b63264eb	What date was the movie originally supposed to be released that was delayed due to the unlawful distribution of private photographs of Edison Chen with various women?
5ae48aff5542996836b02cce	When was George Harrison's second single from his album, that was made with rising conflicts with Warner Bros., released in the United States?
5a7ca95b55429935c91b5287	Who lived longer, American author Owen Wister or Canadian author Lucy Maud Montgomery?
5a8b465855429949d91db522	Who produced the film that was Jennifer Kent's directorial debut?
5ae7a2e255429952e35ea99e	"You Are" is a song from which Pearl Jam album dealing with the September 2001 terrorist attacks?
5ab250b9554299722f9b4cd9	The scientists who discovered Tedatioxetine were from what international pharmaceutical company?
5add3fe05542992c1e3a2580	What 1997 song was on the Garth Brooks album that debuted at #1 on the "Billboard" 200?
5a8bd2965542997f31a41dd1	Were both magazines Diva and Cleo founded in the same country?
5a87b6215542996e4f3088d6	Are Yoo-hoo and Faygo both carbonated drinks?
5a81b2505542995ce29dcc32	Kaye Stevens was an American singer and actress whose big break came at what hotel on the Las Vegas Strip that operated from April 1955 to May 2015?
5a7cce4b554299683c1c6388	Which American band was formed the earliest, CKY or Violent Femmes?
5ac2cb09554299657fa29066	What team did Travis Cortez Mays play on which currently compete in the Big 12 Conference.?
5ab3acc5554299233954ff7e	Helen Margaret Lederer appeared on a BBC television sitcom created by Jennifer Saunders, that is based on what 1990 sketch?
5a7c465a5542990527d5547f	The Churchills is a TV exploration of Winston Churchill and his ancestor the Duke of Marlborough, presented by which English historian and broadcaster?
5ac3a0b25542993915413838	Which of Mabel Keyes Babcock's distant relatives wrote "Of Plymouth Plantation" and served as Governor of the Plymouth Colony?
5ac3ba0455429939154138f2	Saturn AL-31 is an engine that powers the aircraft produced in what country?
5ab1d6545542997061209588	At what age did Cieli di Toscana's singer become blind?
5abc23c45542993a06baf896	Which region of Austria means 'Estate of the Salt Chamber' and covers the village of Obertraun, a popular destination for skiing and snowboarding in the winter?
5a7b3fc155429931da12ca3a	Wexner Graduate Fellowships are given to students who show an ability of an individual to "lead" or guide who?
5adc8cb45542994d58a2f651	What is the nationality of the most praised player in the 2002–03 Olympique de Marseille season?
5a82930655429966c78a6a5e	Which season did the UCF Knights represent at an American metropolitan public research university in Orlando, Florida?
5ae09ea05542993d6555ebc1	The Bachelor was based on what novel written by an Austrian author?
5a85ecf25542991dd0999ec6	Who plays opposite the double Olivier Award-winning English actress in the 2000 TV film following the relationship between "Carry On" film actors Sid James and Barbara Windsor?
5ab572ff5542992aa134a31b	Who directed the film which starred Steve Cochran and the actor who played Sheriff Roy Coffee in "Bonanza"?
5a8e16a5554299068b959e58	Rowland Salley's best-known tune is "Killing the Blues", which has been most recently covered by which American singer-songwriter active mainly in the outlaw country music and Southern rock genres?
5a71380c5542994082a3e68b	What iron-hulled steamship designed by Theodore Timby was The Orleans County Monitor Newspaper named after?
5ae794215542997ec27276a8	What was the given name of the singer who is most closely associated with The Dakotas ?
5adc3d7455429944faac248a	When did the event that led Marissa Kurtimah to flee her country of birth begin?
5a75e3845542994ccc91864e	What award did Flossie Bailey receive that was named after the first female self-made millionaire in America?
5a794119554299029c4b5f3c	Who was born first, Nellee Hooper or Baz Luhrmann?
5abe250f5542991f661060ef	Who stared as the "father of the atomic bomb" in a 1980 television miniseries?
5a84cb255542991dd0999dfa	Which singer of the Bee Gees sung a middle part of a song in which the majority was sung by Barry Gibb?
5a881cbb55429938390d3ee7	St. John of the Cross Episcopal Church has a rectory that was in a style that was a product of what earlier style?
5a80b9df5542992bc0c4a7ec	What was the nickname of Judy Lewis's father?
5a8c62f5554299585d9e367b	By what other names was the king known whose reign was the first included in the Year Books?
5a74a62b55429916b01641a0	Which astronaut, Jean-François Clervoy or Ulrich Walter, was born first?
5ab463da5542990594ba9c0d	What comic book does Hershel Greene and Carl Grimes appear in as characters?
5ae7b40e5542994a481bbdbd	Summer Holiday starred what actor who won  a BAFTA in 1954>
5a8601f855429960ec39b5fd	Which St. Louis Rams season was the final full season played by the 2008 winner of the Heisman Trophy?
5ae8167b55429952e35eaa06	What 1876 battle featured the Other Magpie?
5adddce05542992200553b70	Graham Linehan was the creator of the Ash Atalla-produced sitcom for what UK channel?
5a8e494e5542995a26add4c8	Thomas Maclellan of Bombie was Provost of what town, as well as constructing MacLellan's Castle in the center of that town?
5a8d9de2554299068b959d62	What profession does Leonty Magnitsky and Leonid Khachiyan have in common?
5a7e6f295542991319bc94b1	Who gave the mother of Alberic II of Spoleto the title "patricia" of Rome?
5ae3992d5542994393b9e722	Chandamama and Kajal Aggarwal are both associated with which Indian film industries?
5ac406c155429919431738fc	What are both Caleb Shomo and Brian Welch?
5ab1e97f554299340b525427	What is the length of an episode for the show that Jose María del Río is a narrorator in?
5a8b05c855429949d91db46a	What country does Salmonby and Somersby, Lincolnshire have in common?
5ae3263455429928c4239634	On November 2, 2010, John Spratt lost to an AMerican politician who served in the South Carolina General Assembly from 2007 until when?
5ac249f55542992f1f2b3831	What nationality was the inventor of the Alexander Technique for retraining the mind and body to avoid muscular tension?
5a9058e655429916514e747e	David Burns is best known working for a radio service that covered what former English county?
5ac371aa5542995ef918c191	Socialist Thought and Practice was a magazine that was regarded as an important veicle for a form of management based on what?
5ac0f7df554299012d1db667	The "Happy Fun Ball" was the subject of a series of parody advertisements on a show created by who?
5ade1ddf55429939a52fe827	The Findlater Castle built on a 50 ft -high cliff overlooking the Moray Firth was redesigned in the 14th century based on the model of what Scottish castle?
5ab9d7e4554299232ef4a21f	What was need in order to diverge from the chinese ritual uniting spouses by pre-arrangement between families?
5ab9180b5542991b5579f0f3	The Running Man Brothers is a South Korean pop duo. Kim Jong-kook is one member and he is from what country?
5ab85f555542992aa3b8c8ca	"Hold On" is a song that features the vocals of a British singer whose debut album won what prize in 2017?
5a77727555429972597f1540	Which actress appeared in Studio 60 on the Sunset Strip in 2007 and American Horror Story in 2014?
5ab674ee5542995eadeefff2	Hivange is a village in a country that has how many official languages ?
5a838a3d554299123d8c215d	How long is the road the A12 is a part of?
5a8be7735542997f31a41df2	What conference does the team that drafted Derrick Hamilton in 2004 belong to?
5a7b55375542995eb53be91f	Who did the player nicknamed "The Human Highlight Film" play for after he left the Atlanta Hawks?
5a8297c055429954d2e2eb71	Who does the previous Vice President of Production at the animation studio that is owned and operated by Viacom, currently work for?
5a8af11a55429950cd6afc21	The Hoch Conservatory had the teacher on-staff who was the first to publicly perform any work by which composer?
5a74879255429974ef308c1d	Which park is larger of the two, Doñana National Park or Timanfaya National Park?
5a84d2ea5542992a431d1aa8	What career titles do Ed Wood and Fernand Rivers share?
5ab913205542991b5579f0e0	The Sanders-Brown Center on Aging was funded by a grant from a businessman known for what restaurant chain?
5adc85b855429944faac24e9	Who is an Australian philosopher that inspired Living High and Letting Die?
5abe79c755429976d4830b2a	Mesih Pasha's uncle became emperor in what year?
5a8f541e5542992414482a53	Who was the singer of the song that held the record for most weeks spent at number one by a female country artist until it was surpassed by the the one named second best song of 2012 by "Rolling Stone Magazine"?
5a71148b5542994082a3e567	What was the population of the city where Penobscot Marine Museum is located?
5ae33f9a5542990afbd1e0f1	What did Phuture begin that spread to the United Kingdom and Europe
5abbe40555429931dba145cd	Which rock band has released more albums, Shihad or Morningwood?
5a8756f25542994775f607dc	What pistol cartridge was the original cartridge for the service pistol produced by a German arms manufacturer between 1896 and 1937?
5ae1c2d8554299234fd042ee	When did  former Yugoslav which  Patricia Hy-Boulais eventually lost to in  1992 US Open became US citizen
5adc83c65542994d58a2f623	How many students attend the Swiss University Philip Kraft has lectured at?
5ae72ca35542991e8301cb92	Kacha, Sevastopol is a settlement that is part of a sovereign state bordered on the northwest by which country?
5a8af92c55429950cd6afc33	Author David Chanoff has collaborated with a U.S. Navy admiral who served as the ambassador to the United Kingdom under which President?
5abfa2255542993fe9a41e18	Were Will Durant and Margaret Mitchell both philosophical writers?
5abafb6d5542992ccd8e7e92	White love was what number of single created by a record label est in 2008 by Kim Shi Dao?
5a8340fd55429954d2e2ec6b	Were Darby O'Gill and the Little People and Dangal only produced by Walt Disney Pictures?
5a7b493855429931da12ca58	The Good Dinosaur features the voice of what Canadian-born New Zealand actress?
5adfd01f55429925eb1afa9f	What is the owner of Straight Blast Gym Ireland's birthday?
5ae5fd395542996de7b71ab3	What is the size of the archaeological site which is in the hamlet of the Guilderland in Albany County, New York?
5ae17f1e5542990adbacf7a6	In what region of Argentina is the city of Gualeguaychu located?
5ae222ec5542996483e648ff	What production company was co-created by the lead singer of the band Poison?
5ab5d2fe554299488d4d9a3e	What type of band is the group who released a 2007 compilation CD?
5a864d9e5542994775f6073d	Were Ulrich Walter and Léopold Eyharts both from Germany?
5abd920e55429924427fd05d	Were both Peter Duffell and Fred Niblo actors?
5ae07c6255429924de1b70d6	What is the top speed of the faster roller coaster, between The Riddler's Revenge and Green Lantern ?
5abbe188554299642a094ba0	1995's "Highest paid model" according to Forbes played a what in the film "Fair Game"?
5adf3a0d5542992d7e9f92e8	Mesilla Park, New Mexico is located on the south side of the seat of what county?
5a7d1bf65542995ed0d165f0	What year was the midfielder who shot the winning goal in the 2009 DFB-Pokal Final born?
5ab7268b5542992aa3b8c7b1	Heath Ledger Australian actor was in the movie Brokeback Mountain directed by who?
5ae4ebeb55429908b63264bb	Are Jiujiang, Guangdong and Ruzhou located in the same Chinese district?
5a714bb35542994082a3e78f	Which composer was born later, Gaetano Donizetti or William Walton?
5a836a2d554299334474600f	What ended the career of the German composer of Bunte Blatter?
5ae1d1995542997283cd226c	Additi Gupta is known for negative roles in the drama series that broadcasts on what country's Star Plus network?
5ab965f25542996be20204c3	Teacher's Pet was both a movie and what?
5a80f499554299260e20a1d9	Khushi Ek Roag is broadcast by a company based out of where?
5adcf3e35542994ed6169c3a	Dean Mills Reservoir is on the slopes of the hill located in what town?
5adf92f15542995534e8c7f3	Though Nursultan Nazarbayev was elected through the democratic system of “rule of the majority”, citizens though what of his election?
5a74e6e855429974ef308c8e	What portable media player was distributed through HP?
5adbd60855429944faac2377	Which author wrote a play in 2006 and a book on homosexual sex in 1977?
5a7c99705542990527d554de	Which town is named after the developers of Monmouth Heights at Manalapan?
5ae3fcfc5542995dadf2428c	When was the  American singer-songwriter born who recorded “Spirit In The Sky”?
5ab9618f554299743d22eb28	Dayton's Devils had a cameo from the "MASH" star who played what role on the show?
5adf53dc5542995534e8c791	Who has more productions under their belt Ridley Scott or Elmer Clifton?
5adfecf0554299603e4183c3	What was the name of the treaty that made Hungary a landlocked state which contained the Kolozsvar Ghetto?
5a8662b955429960ec39b687	Which university is this American philosopher, theologian, and Christian apologist, who supports theistic science, professor at?
5a8f8e4d55429918e830d260	What is the setting for the animated sitcom which Michael Polcino's brother Dominc works on?
5a8d08ee55429941ae14df70	University of Wisconsin–Madison and University of Notre Dame are both what?
5ae72e5d5542991e8301cba8	What position did the winner of the MVP in Pool C of the 2017 WBC play?
5ae2979a554299495565dade	Are Tweedia and Crossandra in separate families?
5ae764a85542997b22f6a720	In what New York town did Glenn Martin Hughes attend high school?
5a8510a25542994c784ddaf0	What profession does Stephen Jay Gould and Ann Beattie have in common?
5a7600275542994ccc91867a	What wrestling team is Mathew Thomas Rehwoldt a part of?
5ae0ee2c5542993d6555eca3	Travis McGee was a precursor to what contemporary mystery protagonist in a series that has been on multiple best seller lists?
5adccaca5542994d58a2f6d5	Which of these is a genus of flowering plants, Anemopaegma or Semele?
5a88a35c554299206df2b316	Who is the head of state of the territory where the Ibrahim-al-Ibrahim Mosque is located??
5a8367c1554299334474600e	Which team did Lars Lunde play for when defeated for the 1987 European Cup Final?
5ae1f17e554299234fd04349	Which is located in Cornwall, Southwell Minster or Truro Cathedral?
5a8889405542997e5c09a5f9	What actor iin the 1999 remake of "The Mummy" appears in Drool?
5a71224f5542994082a3e5c1	When was the actor born who starred in Nambia: The Struggle for Liberation and played Roger Murtaugh in the "Lethal Weapon" film series?
5ab7e3c45542995dae37e9db	Marine Air Control Group 48 is stationed at Naval Station Great Lakes which located where?
5a8c8f24554299653c1aa0ba	The 34th Pursuit Squadron of the United States Air Force was among the 60,000-80,000 prisoners of war who were involved the Bataan Death March during what war?
5ae73eca5542991e8301cc37	What other notable role did the star actor from Jeremy perform?
5ab285d1554299449642c8dd	Monroe Regional Airport and Deadhorse Airport are both in this country?
5ac11a8d5542992a796dedee	Which is a French documentary, The Seine Meets Paris and Great Old Amusement Parks?
5a81b4cc5542995ce29dcc3c	Hotride is the fifteenth single released by what music group from Braintree, Essex, that was formed in 1990?
5ae142c455429920d5234355	What colloquial umbrella do Rutgers and the many Ivy league schools fall under?
5a8651185542994775f60752	Are Fabián Bielinsky and Nelson Pereira dos Santos both directors?
5ae80d25554299540e5a5709	Susan B. Landau's credits include a comedy sports film that was the last to be released during the life of who?
5abbd12b55429931dba14577	The Cromwell station is located in which Maryland county?
5ac1218c55429964131be15c	Kevin Rowland and Lauri Ylönen both share what occupation?
5adf1c3f5542993a75d263ec	In which six Western European territories have Celtic languages or cultural traits survived?
5ade03da5542997dc7907120	when was the coach of the 1981 Oklahoma Sooners football team born ?
5ae55e6855429960a22e02d0	When was the coach of "2008 Texas Tech Red Raiders football team" born?
5a7b177b55429927d897bf35	What current state is the location of unrecognized and autonomous territory in the United States created in 1784 that was led by David Campbell?
5ab67f4c55429953192ad2d9	What sport does 200-foot game and Jonathan Toews have in common?
5a8db9b3554299068b959dde	What animal does Mahratta Greyhound and Tibetan Spaniel have in common?
5a88f0d455429946c8d6e8dc	In what county is the General Motors Technical Center located?
5ae336495542990afbd1e0e1	Which German aeronautical engineer concieved the Dornier Aerodyne?
5adc2f53554299438c868d6d	Were Triumph of the Will and The End of America both made in the same year?
5ac24cea55429951e9e6853a	Which Oxford University graduate did Midge Mackenzie interview in "Women Talking"?
5ab600fb554299488d4d9a82	Under Which Stanmore born prime minister was John Gorton a serving minister?
5a8c6d4e5542996e8ac88aa6	Which director was from a country closer to Canada, J. Searle Dawley or Lionel Ngakane?
5ac005a15542997719eab6fc	Are both Alabama Slammer and Yorsh non alcoholic drinks?
5abdc74755429965af743e36	The University of the Pacific Tigers are led by which American retired professional basketball player and the current head men's basketball coach at the University of the Pacific?
5a8e06785542995085b37383	The name of the Japanese rock band T-Bolan was inspired by the name of an English rock band formed in what year?
5a8bf0835542995d1e6f146b	What variety of mockingbird is the mascot of the University of Tennessee at Chattanooga?
5a8f25ed5542997ba9cb31f0	What bird of prey can be found around Brackendale?
5a8e024f5542995085b37375	The composer of the album "Nightbook" received his training at what school?
5a8b14125542992d82986fd5	During what months of the 2003 invasion of the Iraq were the media outlets accused of having a pro war basis?
5aba6d0f55429955dce3ee19	Which is the busiest airport in the United Kingdom outside of London?
5ab71b5c5542991d3222377e	What is a luxury goods company long Northern Boulevard in the Miracle Mile?
5a8e0dbd554299068b959e3e	What type of media does Hot Pixel and PlayStation Portable have in common?
5ae356045542990afbd1e10d	What city has a football team and had a player from Pago Pago, American Samoa play for it?
5ae075455542993d6555eb59	Are 111 Murray Street and 220 Central Park South both located in Manhattan?
5a90503755429916514e7470	What title did the Queen of the United Kingdom of Great Britain and Ireland give to Jeremiah Meyer?
5a75377c55429929fddd8514	Which Australian professional women's basketball team has an American playing in it?
5a7eec6f55429934daa2fc7c	The Hindmarsh Stadium is sponsored by a brewery that sold how many liters of beer in 2013 ?
5a77863555429949eeb29ec6	Who was born first Iain Pears or Richard Llewellyn ?
5ab6e8e6554299710c8d1faf	Who was a supporting cast member of King Rat and was knighted in February 2001?
5a7d47da5542990b8f503975	In which country did Ahmed Khader Al-Muwallad win a gold medal?
5abced075542993a06baf9ac	What time did the show, in which Gordon Burns was the host, usually air on Monday?
5a71646e5542994082a3e80e	What is the proper name for the steroid used by the retired British track sprinter who is one of the fastest European sprinters in the history of athletics?
5abd9b5255429924427fd06a	What is the current model of the iconic mascot co-created by Harold Bell?
5ac017f4554299012d1db5a2	Between Amazing Stories and Aquarium Fish International, which magazine is devoted more to hobbies related to physical activities?
5ae791cf55429952e35ea978	The English company behind the British Rail Class D1/3 locomotive, Ruston & Hornsby is now a part of what German company?
5ae612f3554299546bf83065	Which musician who first became famous in the late 1960s and early 1970s is Inner Secrets  the ninth studio album by
5a84eecd5542994c784dda8e	What type of group does Pablo Carballo and Argentine Air Force have in common?
5a7eb22655429930675135cb	Which current CBS NBA analyst played for the PORTLAND TRAILBLazers along with former UNLV teammate Stacey Augmon?
5a7f6f4b5542994857a76740	Flowers in the Attic starred what actress known for playing Sally Draper on Mad Men?
5aba5e2555429955dce3edf1	Where does Yannick Ferreira Carrasco play home games?
5ae4eb9255429908b63264ba	What were the nations after 1722 that composed a culture that was extensively studied by William N. Fenton?
5ab8ffc655429934fafe6e30	Postal 2 has scenes that are used in a song that was released in what year?
5ac05c245542992a796dece5	Glad to Be Unhappy is a song composed by what American?
5a8c03415542995e66a4752a	Which grandson of Emperor Nicholas 1 was the father of Princh John Konstantinovich of Russia?
5adf715b5542992d7e9f9354	The Minister for Defence Industry is currently the member of the Australian House of Representatives from what city?
5a73520c5542994cef4bc53f	What is the name the Columbian film loosely based on a story about a dying child's dreams and hope first published in 1845 by Hans Christian Andersen?
5addb0335542995b365fab5e	In what country did Petrus van Hooijdonk compete in for the 1998 FIFA World Cup?
5a8b6eba55429950cd6afcfc	Sean Frazier served as deputy athletic director at the University of Wisconsin–Madison under an athletic director that stepped down after what season?
5a89e3995542992e4fca844d	H-63 is a highway that runs near the county seat of what Michigan county?
5a7ce444554299683c1c63c1	Who played the crime boss considered the father of modern organized crime in the 1997 drama Hoodlum?
5a8af56855429950cd6afc2f	What kind of film was the film who featured Auli'i Cravalho?
5a882ffb5542994846c1ce0d	On what river is the city where Stade 24 Novembre is located situated on?
5ac3b4e0554299741d48a2ec	Are The Datsuns and The Black Crowes both rock bands?
5ac0223f5542992a796dec9f	What series did William Hopke play in for the Detroit Tigers which were founded in 1901?
5ab4f8c95542990594ba9cbb	The Trappist Abbey of Achel produces and sells what as an "Authentic Trappist Product"?
5a776cfa5542993735360274	Where did the tribe Mato-tope chief over reside?
5ae824295542997ec272772f	Dan Scalco is best known as a contributing author for a magazine owned by who?
5a7561495542992db947364e	What Hindi thriller directed by Deepak SHivdasani features choreography by Phulwa Khamkar?
5ab8764155429919ba4e22fe	What profession was both John Updike and Bret Easton Ellis ?
5a8b6ee255429950cd6afcfd	Whiich genus has more species, Dracula or Pistacia?
5a8031d05542996402f6a47c	China Bio-Immnunity has developed a vaccine for which viral disease that causes brain inflammation?
5a7bf3da5542996dd594b869	Laurie Davidson is an English actor known for playing a fictionalized version of a young William Shakespeare on a show that was canceled on what date?
5ab78e2e55429928e1fe387d	Who wrote more fictional works, Jim Thompson or Theodore H. White?
5a8f5bb45542992414482a77	What is the population of the province Herald Provincial Park is in?
5ae0f3b955429920d523424e	Are The Writer and Jewish Currents both magazines ?
5a716c415542994082a3e827	Which airline partners with Gogo Inflight Internet and opened in 1984?
5ae0945d55429906c02daadd	Wich children's novelist whow was first published in 1939 gained an internaional following writting about an orphaned girl named Anne Shirley?
5ae0335655429925eb1afc28	Who is the mother of Mary Robinson in Shakespeare's "The Winter's Tale"
5a819e2755429903bc27b988	Nguyễn Văn Trỗi tried to assassinate a future ambassador from which US state ?
5a74f7405542996c70cfae59	Which agreement resulted from multi-party talks held in St Andrews in Fife, Scotland and was opposed by the Concerned Republicans?
5ae096d755429906c02daadf	What is the net worth of the founder of Intel Corporation as of 2016?
5ade1eda55429975fa854e71	Are Alice Munro and Lillian Hellman both writers?
5a80c01855429938b61421b8	Who was the head coach of the Georgia Tech football team that finished the regular season with the same record as the 1981 team?
5a87184a5542991e771816c5	Who produced the sequel to the anthology horror comedy film from 2012, which contained 26 different shorts?
5a77d12755429967ab1052b8	Who was born first, Jaap Speyer or Bruce Conner?
5a80b9ae5542992bc0c4a7eb	What Canadian actress was on the cover of Saturday Night Magazine?
5a77d3f555429967ab1052c5	Who starred in Smurfs: The Lost Village and was also in The Office?
5ae121315542997b2ef7d0ee	Daburiyya is 8km east of a city where where percentage of its citizens are Christian?
5abfde655542997719eab6f2	Does the band God Lives Underwater or the band The Dear Hunter come from a larger state?
5adc82fc554299438c868dce	How many Major League Baseball teams usually attend the meeting where the John H. Johnson President's Award is awarded?
5ade1f1c55429939a52fe82d	Len Wiseman directed "Live Free or Die Hard" which is the 4 installment in the Die Hard film franchise base on what character?
5a77a7565542995d83181249	Between the two film makers Fabián Bielinsky and Murdock MacQuarrie, who was born earlier?
5a8c743e5542996e8ac88ab3	What mixed martial arts promotion that was purchased by the Ultimate Fighting Championship in 2001 used to feature Nate Diaz as a competitor?
5ab2af1655429929539467eb	The Peak Galleria is located near the summit of a mountain that has an elevation of how many meters?
5a7e08b55542997cc2c474fe	What current NHL team owner played for the team that won the Stanley cup in 1992?
5a80799b5542992bc0c4a72e	What kind of unit was led by the German general who wanted to rush north up the Channel coast to capture Boulogne, Calais and Dunkirk during the Battle of Boulogne?
5a8789115542994846c1cd9a	Imran Khan has worked in what type of films refering to the Pashto Language film industry?
5a7c572655429935c91b5166	Who lived longer, Tony Richardson or Giorgio Ferroni?
5a9051615542995651fb5136	Shenley Hall is a house at a parish how far from central London?
5a7e60a855429949594199ae	Christopher Nixon Cox is the son of an American politician who is currently the chairman of what?
5abbf64055429965836003bc	What county is Keene High School located in?
5ab8284d5542990e739ec83f	Hostel: Part III is the first film in the series to be neither written nor directed by a director born in which year ?
5a808cbd5542996402f6a54b	What is the profession of Ansel Elgort's character in "Baby Driver?"
5a7a01b15542996c55b2dcd1	Who lived longer, Alejandro Jodorowsky or Philip Saville?
5ae4d7fc5542990ba0bbb16f	Are both Stephen R. Donaldson and Michael Moorcock science fiction writers?
5a79caad5542994f819ef09f	Which professional baseball player was born in 1984 and played as a rookie for the Los Angeles Dogers in 2007?
5ae153915542990adbacf752	In between Burton C. Bell and Billy Idol who is known professionally as Billy Idol?
5a87f3cb5542994846c1ce03	What is the name of the conditions that the radiologist who served as chief of radiology at the U.S. Army's flagship medical center from 1909 to 2011?
5abd455c55429924427fcf5a	What does Age of Chance and Vector share in common?
5a739ef955429978a71e904b	What festival is held every June in Bartlesville, Oklahoma?
5abd889f55429924427fd046	What number installment of the Ghost School and Ghost School Horror was the film Voice?
5ac536485542996feb3fea2e	Edmundas Malūkas was the former mayor of the lake resort how far west of the capital of Lithuania?
5adff45c55429925eb1afb8c	When was the actor born who starred in Sugarfoot?
5a79e3555542994bb945712f	Who was born first, Sarah Jacobson or Arthur Hiller?
5ae4bbf05542995ad6573e32	Which criminal case filed in Santa Clara County Superior Court did judge Aaron Persky rendered the verdict in
5a8682755542996432c571cf	What is the official English name of the country in which Ain Timguenai is located?
5a82f35f5542995ce29dcd14	Which radio station did Nic Nolan Programme Director for?
5ae6453e55429908198fa56c	Which MTV show was hosted by a member of the Likwit Crew?
5a78a7025542990784727710	Who is older, Anne Noe or Jean-Marie Pfaff?
5ae37ec25542990afbd1e178	what is the football club that formed in 1876 and has Dael Jonathan Fry as a player?
5ae55a4e5542990ba0bbb285	"JK Wedding Entrance Dance" is a viral video that uses a song by a rapper whose first album was certified what?
5ab69e4f554299710c8d1eee	Katie sagona is known as what kind of actor because she was a child acting on stage or in motion pictures or television?
5add39ca5542992ae4cec4fb	Which maker of Robatumumab is American?
5adcfe7f5542992c1e3a24f1	La Yesca Dam was inaugurated by which Mexican politiician and President of the country from 2006-2012?
5a72b2dc5542992359bc3173	What is the name of the actor who wrote the memoir Without you: A memoir of love, loss, and the Musical Rent and also stared as Mark Cohen in the Broadway production of "Rent"?
5ae122465542997b2ef7d0f4	The uncle of Paul Capellani died at a military operation during a battle was fought between who?
5abfce075542994516f454f7	Inglis Barracks bombing was the first IRA attack in England since a bombing thats purpose was to kill what leader?
5a8abb115542992d82986f66	Between Wilkes-Barre/Scranton International Airport and Long Island MacArthur Airport, which airport is owned by a higher government?
5ac49a1c5542996feb3fe905	Who was the head coach for the team whose fourth round draft pick in 1974 played college football at Alabama A&M?
5ae1fced5542997283cd230e	Which writer won the Nobel Prize, William H. Gass or Naguib Mahfouz?
5a7b1c6b55429931da12c9ca	Johnny Edwards and Ian Anderson are singers, who had joined the greater number of bands?
5a807e6f5542995d8a8ddf80	Who were the guns stolen from the HMS ship "Marlin" originally produced for?
5a712fca5542994082a3e641	Renáta Tomanová and Larisa Neiland are former professional athletes for what sport?
5a771d6155429966f1a36c6d	What lieutenant general stayed in the Elliott-Donaldson House?
5ae2ad6b5542996483e64a3d	David Thewlis had a performance in the film Macbeth as which father of Malcolm and Donalbain?
5a8f137355429918e830d180	Where did King James reign during Samuel Parker's time as a Bishop of Oxford?
5ae4f6c755429960a22e022a	What is the 2010 population of the village at which Smith Haven Mall was located?
5a8dd47c5542995a26add3fa	Love and Poison is the official biography of an English alternative rock band formed in what city?
5ab3d764554299233954ffc7	Who made a spoof of the Radiohead's fourth studio album?
5ab30f9a554299233954fef2	What Harry Potter actor strred in My Boy Jack?
5a8af0a355429950cd6afc1c	Armand Castelmary played Horatio in the 1868 version of the opera set to a play by whom?
5a85018d5542997b5ce3ff98	Which host of Straight to the Heart is an American actress and producer?
5adc6c4c5542994650320ce0	Which plant has more species, Hydrangea or Abrus?
5a73b8d655429908901be31f	Which university is further North,  University of New Hampshire or Stony Brook University?
5ab30ebf554299753aec592c	What film was Rebecca Gibney in that also had Kate Winslet in it?
5ab41b8c5542996a3a969f40	What two ideals are the foundation of Neo-libertarianism?
5ab52cb2554299637185c4f1	In what city did Nancy Winstel coach women's collegiate basketball?
5ae52ba755429908b6326538	Which professional stock racing driver has won the Xfinity Series twice, and beat Kevin Harvick in the 2016 Bojangles' Southern 500?
5a88be405542997e5c09a6ab	Who choreographed one who is said to be the last muse for the choreographer and starred in the Nutcracker?
5ae13bf1554299422ee99634	What American pianist and composer was a guest muscian on the Manhattan Blues Project album by Steve Hunter?
5ae785685542994a481bbd47	Reima Karppinen won a silver medal in the double sculls at the Rowing Championships held in what German city?
5abd247e5542996e802b472f	Are Robert Philibosian and David Ignatius both politicians?
5a81ff1a554299676cceb1c2	Oscar is what type of animal with black fur that may be a mixed or specific breed?
5a890b895542995153361278	The first person to reach both poles named a glacier after which person?
5ae31d5a5542990afbd1e0b1	What famous composer was born in the town that hosts a festival of music and drama has featured Lilian Sukis?
5add4fd15542992200553a98	In the Glee episode "Bad Reputation," Sue Sylvester dances to this song, by a four-time Grammy winner and star of musical film "Grease."
5a8f6fbf5542992414482acd	What was the nationality of the person Mountbatten Institute was named after?
5a8841a35542994846c1ce69	What format does a 1170 kHz AM station that Jim Angel presented the news for have?
5a8b3c5b55429971feec4684	Are Milk Lake, Taiwan and Larnaca Salt Lake both located in Asia?
5a730abe5542994cef4bc42f	What "sport" involving animals dates all the way back to the Tang Dynasty and continued to the beginning of the 19th century?
5a7c76275542990527d554b4	Which film was released first out of The Hunchback of Notre Dame and Miracle of the White Stallions?
5a8df72055429917b4a5bcf2	Which date occurred first the end of Riley Hawk's amateur career or end of production of Skateboard Magazine ?
5ac471305542991943173998	What is the primary role of the position played by Viktor Raychev for Lokomotiv Sofia?
5a79dae35542994f819ef0d3	In what part of Scotland is Bass Rock located?
5a85e57a5542994c784ddbb1	What 1986 drama directed by Lee Doo-yong starred Lee Mi-sook?
5a84c89a5542992a431d1a9c	What is another name for a forest which has the hamlet of Oakenclough on the edge of it?
5adbf3fa554299438c868ce0	The Cleveland Thyagaraja Festival is a type of festival that honors a type of music in what language?
5a8cacac554299585d9e3716	The head coach for the defensive backs coach, Peter Giunta, led what professional football team to two Super Bowl victories against the New England Patriots?
5ab672165542995eadeeffe0	Which genus has more species, Azorina or Azadirachta?
5a7fa0d55542995d8a8dded3	What professional do both Marc Bolan and Ian MacKaye share?
5a7cb8bc554299452d57b9be	What is the capacity of the stadium that is the home ground of the Lahore Eagles?
5ae4957155429970de88d9bc	Who has the highest scope of profession in Peter Yates or Jang Joon-hwan
5a7d052255429909bec768fd	Which building near Piazza San Fedele is the world's oldest shopping mall?
5ab862f95542992aa3b8c8d4	Have Jelena Janković and Marat Safin both played tennis professionally?
5ab692b5554299710c8d1ed6	2002–03 Inter Milan season was marked by the arrival of what retired Argentine footballer?
5ab87b2955429934fafe6df4	Who was the writer of the Tamil-language romantic thriller film in which "Pookkalae Sattru Oyivedungal" is a song?
5ae82c3d55429952e35eaa75	This high school located in the Bronzeville neighborhood was named after a settler who was arrested by who?
5ae326d85542991a06ce9938	Who wrote the TV serial in which Rosemary Martin played Marjorie ?
5ade03c65542990dbb2f7f2e	What nationality is the man who developed the dictator game?
5add7c455542990dbb2f7e5f	A molera is a "hole" in the head of a breed of dog that comes in two what?
5adc54085542994650320cce	When was the newspaper, in which the 1891 Birthday Honours list appeared on 30 May 1891, adopt its current name ?
5ade04465542990dbb2f7f2f	What is the birth name of Nadeem Siddique's favorite boxer?
5a7384755542992d56e7e354	Which soccer club's head coach was born August 1, 1973?
5a7dedb55542995f4f402317	In what year was the Moldavian, later Romanian writer, known for his work "The Goat and Her Three Kids" born?
5a77e70f5542992a6e59dfeb	What is the title of the 1979 film adaptation of William Shakespeare's play in which the English poet, actor, political activist and dramatist who wrote wrote a number of book-length polemical poems such as "Autogeddon", "Falling for a Dolphin" and "Whale Nation" played a main character?
5a801e68554299485f59856f	What's the name of the differential equation that was developed by the German physicist who was the doctoral advisor to another German Physicist who identified the Stark effect?
5adcd4325542994d58a2f6ed	Are Colocasia and Coronilla both flowering plants?
5ae368715542991a06ce99bd	Which major Australian city is close to the Pelican Point Power Station on the Lefevre Peninsula?
5ab9753055429970cfb8eb0b	What movie genre did Emmanuelle Vaugier play a supporting role in?
5a8031c1554299485f598585	Meghan Strange is an American actress and voice actress, known for her role as Robin on what American animated television series produced for Disney Channel?
5ab6266555429953192ad277	Ashes in the Snow is a World War II drama based on a best-seller novel that was translated to how many languages ?
5a76b56d554299373536017b	Where is the magazine headquartered that Robert W. McElroy writes for?
5a84be095542992a431d1a97	Which case came first,  Barnes v. Glen Theatre, Inc. or Diamond v. Chakrabarty?
5ab520dd5542996a3a96a02c	Which US State, hIstorically dominated by the Republican party from 1860 to 1932 is represented by State Senator George D. Maziarz?
5a8ce88c55429941ae14df3b	What soldier and statesman was also a brother to James FitzJames mother?
5a7647b85542992d0ec0608a	What street was the adult entertainment district of the Liberty Tree District centered on?
5a74702555429929fddd8428	Who is older out of Bob Saget, the American comedian, and Indian director S. Shankar?
5a73626b55429901807db01e	Mount Austin Barracks is located near the Peak Tram terminus at what mountain that is also known as Mount Austin?
5ae1ab715542997f29b3c0f7	What "Virtual Choir"-noted conductor has created works for the Austin-based ensemble Conspirare?
5ae1d5a3554299234fd04319	Which football player that topped the 10,000-yard career rushing mark has played for the New England Patriots?
5ae1f79f5542997283cd2302	"When a Woman Loves" is the first single by singer R. Kelly from his eleventh studio album named what?
5ab7c6995542993667794005	Before composing music for the game which contains Chocobos and Moogles, what cover band was he involved in?
5a8197905542995ce29dcc10	Which dog breed is NOT recognized by the Fédération Cynologique Internationale (FCI), the Korean Jindo or the Taigan?
5a83cce95542996488c2e4d6	Which position did Enid Blyton beat the man who is the U.S. Representative for New York's 3rd district to win?
5a8019db5542992097ad2fd5	How far is Sadie Macdonald's home town from Sydney?
5adec7925542995534e8c70d	Which book by William A. Dembski summarizes the concepts he introduced about intelligent design in another of his works?
5ab5487b554299494045ef68	Operation Cold Comfort was a failed raid by a special forces unit founded in what year?
5adff1a255429925eb1afb5e	The Kilby International Awards were named after the inventor who discovered what electronics phenomenon?
5a8cbce1554299653c1aa103	John Hatzistergos was a Member of a council that has how many members ?
5aba9e235542994dbf019984	Are both Weberocereus and Conospermum part of the same genus?
5a77cba65542995d831812e2	The movie Chariots of Fire was based on the true story of which Scottish Christian athlete?
5ae27df25542992decbdcd2a	Were Max Jacob and Connie May Fowler both memoirists?
5a7309a15542992359bc320c	Which writer of the song "Money, Money, Money" by pop group ABBA was born on 16 December 1946 ?
5ae3e0535542992e3233c496	The 1948 Commonwealth Prime Ministers' Conference was hosted by the Prime Minister from what British party?
5abc6fba554299700f9d78c7	Christopher "Chris" Fairbank provided voice talent for which 2006 British-American computer-animated action-adventure comedy film directed by David Bowers and Sam Fell?
5a75083b5542996c70cfae7e	Which British independent private day school for boys did Charles John Godfrey Saunders attend?
5ade04d75542997dc7907125	In what year did the director of The Lion King win the Tony Awards?
5a7f567e5542992097ad2f22	Which year was the more recent engine series, the Honda K or Honda H, introduced?
5ae0ce4e554299603e41845f	In which poetic form is Mad Girl's Love Song written and appears in the novel The Bell Jar by Sylvia Plath?
5abd93115542996e802b47e0	A private university that beat Georgetown during a basketball tournament is from what U.S. city?
5a734db15542994cef4bc523	Which musician was born first, Constantine Orbelian or Lili Chookasian?
5a876a4a5542993e715abf30	Liam McEwan works with what UK monthly men's lifestyle magazine?
5a807ca5554299485f598613	Where was the original line of the railroad William Howard worked for?
5a8badef554299240d9c2080	"It's Me That You Need" is a song with lyrics written by Bernie Taupin and which artist whose career spans five decades?
5a771ead55429966f1a36c7c	Who starred as an American attorney in Grey Gardens?
5ae07db855429945ae95937a	Cyrina Fiallo has guest starred on which Michael Jacobs-created sitcom?
5adc94dc5542990d50227cad	Which comic book character was originally written by Vic Bloom after appearing in "Pep Comics"?
5a87b2fc5542996e4f3088d0	Who wrote the book that inspired the name of the CD/DVD "Here at the End of All Things"?
5a81108855429926c1cdace2	What is the global rank by population of the city that Daewoong Pharmaceutical Co., Ltd is based in?
5ab7c24e5542995dae37e998	In which war was the Meuse-Argonne Offensive executed?
5ab3b42c5542992ade7c6e4f	What city did the musician whose debut album shares its title with the 1959 Alfred Hitchcock hail from?
5ac15c1c5542994ab5c67cf7	What coastal town in Australia did army personnel Robin Reid and Paul Luckman kidnap and bring teenage boys to beat, torture, and sexually assault them?
5a843b045542996488c2e518	Which castles, besides Bamburgh Castle, are located on the northeast coast of England?
5ac2a20055429967731025cb	Are both Snowboard Magazine and The Believer sporting magazines?
5ab29624554299545a2cf9b5	Who was most well-known as a radio personality and disc jockey, John Garabedian or Charles A. Agemian?
5a7143625542994082a3e71e	Who co-founded View Askew Productions and produced numerous movies starring Jason Lee?
5a76139b5542994ccc9186be	Which artist is known for his work on Marvel Team-Up and Batman: Son of the Demon?
5a8ef1e35542995a26add57a	The creator of the Lisa Simpson character was born in what year?
5a8f7c9a55429918e830d239	Which NFL team did both Don Looney and DeSean Jackson play for?
5adfc8f45542992d7e9f93d0	What English rock band with Guy Garvey did Joe Duddell work with?
5ab5cdb85542997d4ad1f1e0	"Take Me" is a song recorded by which American singer, actor, and producer who was one of the most popular and influential musical artists of the 20th century?
5a7d043755429909bec768f7	William James "Count" Basie has an album that is a collection of musical pieces from what movie series?
5adc597d55429947ff17392f	In what year was the narrator of "Blackadder's Christmas Carol" born?
5abc436f5542993a06baf8c3	Perry Ellis played for the college team that competes in what conference?
5ae7a6da5542994a481bbdb9	In what year did Mets fans start taking New York City Bus: Q48 to watch home games?
5a8ed87955429917b4a5bdd2	Which character in The Hunt for Red October was played by the actor who made his film debut in The Revolutionary
5a7da4865542990b8f5039ed	The Synod of Chester led to the battle of the same name that took place in what time period?
5a7350585542992359bc32f9	Everybody's Crazy was produced by Michael Bolton, what genre of music does Everybody's Crazy fit into?
5ae54b6355429908b63265cc	Sporobolus and Zea are in the same what?
5abd74c95542993062266ca2	Who does the current PFA Young Player of the Year currently play for?
5a79120755429974737f7966	What is the birthday of the singer whose songs are remixed in Queen of Clubs Trilogy: Onyx Edition?
5abd6f0855429933744ab7d5	What player mentioned in "The Breaks of the Game" was inducted into the Naismith Memorial Basketball Hall of Fame on May 10, 1993?
5a8c52685542995e66a475bb	The We The People Amendment was introduced by the U.S. Representative for what congressional district?
5ae3e84b5542996836b02bf0	Which airport, Salt Lake City International Airport or Brainerd Lakes Regional Airport, serves as a commercial airline and is closest to it's respective downtown city?
5a7148d25542994082a3e766	Which of these artists is older, Warrel Dane or Roy Khan?
5a78ad26554299148911f913	Aleksandr Dugin, the father of fascism, came to prominence during which era in Russia?
5ac0714f554299294b218fe1	Robert Allen "Bob" Case is best known for inspiring the naming of which initial area of low pressure developed off Atlantic Canada on October 29?
5ae2a9c6554299492dc91c42	Which New Jersey-based manufacturer of suitcases and bags for travel is located in the Shops at Columbus Circle in New York City?
5add18345542994ed6169c7e	What liberal arts college has their athletic teams named the Lincoln Memorial Railsplitters?
5a7f40de5542992e7d278cc8	What star if the Burbs was Canadian?
5abdb10f55429965af743dc9	Which artist is a lyricist, Eric Bloom or Otep Shamaya?
5ab6633b55429954757d3278	Guy Pearce starred in which movie produced by Marvel Studios ?
5abb2a5f5542996cc5e49fca	What is the name of the hotel on the Upper West Side of New York City that housed a gay bathhouse?
5a81fbc25542990a1d231f09	Are Sandy Mayer and Billy Martin both more successful at doubles than singles, in terms of tournament wins?
5abde7ba5542991f6610609e	When was the former IBF World title holder born?
5ab2c6d955429916697740c3	Are Maki Nomiya and Conrad Lant both considered musicians?
5a81fa59554299676cceb1b0	What type of profession does Jonah Meyerson and Alison Pill have in common?
5adcdf455542994ed6169c11	What where both Hawker Hurricane and No. 1455 Flight apart of?
5ab5d6155542997d4ad1f1fa	What band was the man who compiled the tracks for The Early Years a part of when they were inducted into the Rock and Roll Hall of Fame?
5ab480c45542990594ba9c36	Jomar Brun contributed to an operation designed to prevent what country from producing nuclear weapons?
5a7fc6e45542992e7d278d73	Were Frank Tashlin and George Kuchar both animators?
5ac0784e554299294b218ff6	My Babysitter's a Vampire was created by Fresh TV, who also created which Canadian animated sitcom which premiered in Canada on November 7, 2004 on Teletoon?
5add56ad5542992200553abf	What resort in Biloxi, Mississippi does the Chief Operating Officer of the largest single hotel in the United States oversee?
5ac29f58554299657fa28fe4	The figure skater who was coached to Olympic, World, and national titles by Richard Callaghan was born in what year?
5ade6acf554299728e26c71a	Between Yasujirō Ozu and Bent Hamer, who has more creative titles?
5ac179bf5542994ab5c67d60	Are Castor et Pollux and Manon Lescaut composed by the same people?
5a78d2b955429974737f78c0	On what day did the battle that involved the Gin Drinkers Line end?
5a84aca95542992a431d1a89	What is the day of the horse race of which ESPN covers both the post position draw and the undercard races?
5ae5b81d5542990ba0bbb2c2	Which of Aaron Goodwin client was born in May 31, 1984?
5ae762835542997b22f6a711	Were was the Mexican state after which there is Villa Unión, Sinaloa located?
5ac4d717554299076e296e0e	In which part of New York was the singer who released the song No Problem raised ?
5a83b4d35542996488c2e495	The Sophia Amalia was named after the wife of a king that ruled which two countries in 1648?
5ab5cb4f554299637185c616	3TEETH was the debut album for the opening act for the2016 tour with a headlining band that was formed in which California city?
5a73266d5542994cef4bc47d	Who opened Gunnersby Park and signed the Munich Agreement?
5a9094ba55429933b8a2056d	The last Republic serial made about a superhero stars what actor in the title role?
5abbb42555429931dba144af	Jean-Paul Sartre or George Bernard Shaw  have more influence on turn of the century literature?
5add43335542995b365faae1	What term was used in the North-West Derby  to disparge their rivals?
5ae7535c5542997b22f6a6d8	The 53rd National Hockey League All-Star Game took place at the indoor arena that was completed in what year?
5ae226755542996483e64906	What computer was released earlier, Gradiente Expert or LNW-80?
5ab21682554299722f9b4ca9	When was the cast member in the title role "The Real Housewives of Beverly Hills" and her staff at Vanderpump's West Hollywood, California, restaurant SUR born?
5ab7f22a5542991d322237d4	James Stuart became a specialist of a rhythmic pattern charecterised by what?
5a8268aa55429940e5e1a8aa	Hugo Rodríguez Romero is a Spanish footballer who plays for a team in the autonomous community of what?
5adc8ab05542994d58a2f642	Broadbent Arena and Freedom Hall are landmarks of which U.S. city?
5a84bb825542991dd0999dbe	Who beacme a star as a comic book character created by Gerry Conway and Bob Oksner?
5a89a74e554299669944a562	Who directed the second film in a British series of action comedy film parodying the James Bond secret agent genre with comedy similar to Rowan Atkinson's Mr. Bean character?
5a9051d955429916514e7474	Who performed on an album named "Runaljod - Ragnarok" and a film named "Flukt"?
5add5ac95542992200553ace	Which How to Steal a Million actor attended the Royal Academy of Dramatic Art?
5ac34fdb554299741d48a24a	Which TV series directed and written by the same person as "Buffy the Vampire Slayer" starred Tahmoh Penikett?
5a7d26fd554299452d57bb2a	What was the significance of the lions, about whom a fictionalized account provided the basis of the film, The Ghost and the Darkness?
5ab5052a5542990594ba9ccf	Who did a new permanent member on the fourteenth season of  So You Think You Can Dance play in High School Musical?
5ab5627b5542992aa134a2ff	How many members did Joseph Yablonski's union have in 2014?
5a83316b5542993344745fe5	What is the name of the show that the man that was drafted eighth overall in the 1995 NFL Draft co-hosts?
5a7cd7f055429909bec7683e	What school was the actress who appeared with Michelle Williams in the last play by Russian playwright Anton Chekhov attending when she was signed on for a talent holding deal?
5ae6f1675542991bbc9761a1	Which British music producer and engineer is notable for working wih an English electronic band having the founders: Dave Gahan, Martin Gore, and Andy Fletcher?
5abf1e825542997ec76fd3cb	In which year did Baek Bong-ki appear in the South Korean drama film set in a high school?
5ab416a25542996a3a969f28	Where was the Danish colony, in which the Scandinavian Collectors Club claims as part of their region and includes the islands of Saint Thomas, located?
5abb2f2f554299232ef4a3d7	Harry Emerson Fosdick was called to serve as pastor at a church that opened its doors on what date?
5abb8e2d554299642a094aa4	An actor who appeared in all eight "American Pie Films" stared alongside which actor in Armed and Dangerous?
5a8dae82554299068b959d99	What year was the actor son of Jeremiah Porter born?
5ac41f1d5542991943173924	Is Ohio State University or California State University, Dominguez Hills further west?
5ae2aa345542996483e64a25	Giovanni Carmazzi was a backup quarterback for which NFC West team?
5a77aa8655429949eeb29f22	What cast member of Flashbacks of a Fool was educated at Bryanston School in Blandford, Dorset?
5ae4083755429970de88d885	What stone cube, meaning "stumbling stone", was designed by an American public affairs campaigner?
5ae0847455429945ae959394	Are Hanafuda and Okey both card games?
5ab761d955429928e1fe3856	Which Austrian Chancellor does Jörg Leichtfried serve under?
5a7e801b5542997cc2c47557	In which province is the city located that is the birthplace of Ed Wubbe?
5ae1e11c554299234fd04335	Both Neijiang and Weifang and considered what type of city?
5ab9dd1f554299232ef4a22d	Where was the private university that Alan Hurwitz served as the 10th President located?
5a88341c5542994846c1ce20	What Ruben Fleischer film did No One's Gonna Love You appear in?
5a8baf635542996e8ac889c6	What is the current capital of the district that Michael "Mike" Campbell is from?
5a7f1e805542993067513640	When does the universe, Earth, and all life on Earth were created as believed by an organization which commissioned The Voyage That Shook The World?
5adf67e95542993344016c72	Ferrari 360 was replaced by the sports car that debuted at what event?
5ae33bdc5542992f92d8225e	SpongeBob SquarePants 4D: The Great Jelly Rescue was a sequel to which cel-shaded film found at aquariums and theme parks?
5abbfc2b554299642a094bc9	What was the 15th comedy album by the star of the 1960s series I Spy?
5ae69e6d5542996d980e7c62	Which rock band based in Louisville, Kentucky released their second studio album in 2004?
5ae75e335542991e8301cc70	Caleb Kelly plays for a football team with whom as head coach?
5ac3a2f35542993915413856	What three other National forests are administered by the same people who administer the park in which the Art Loeb trail runs through?
5ab4eecb55429942dd415faa	Did the band Daniel Amos experiment with the same genre of music performed by Digital Summer?
5adfeeed55429925eb1afb44	What is the birthdate of this Uruguayan former footballer, who management team consists of Charlie Oatway?
5ac00cde554299012d1db58a	Are both movies Nerdcore Rising and What Would Jesus Buy? focused on similar topics?
5a7bd286554299683c1c62bd	What judge who was on the show "Dancing with the Stars" was born on the 31st of March, 1963?
5a8a38135542996c9b8d5e59	Where did Otto von Bismarck and Ludwig Friedrich Leopold von Gerlach originate?
5a8b2ccf55429971feec4665	Which film was released first, Summer Magic or Around the World in 80 Days?
5ac509e95542994611c8b333	The chicken is a type of dance pattern that is a change of pace of what dance?
5a78c56455429974737f7876	What exit of Garden State Parkway should you take in order to get to the Seacourt Pavilion?
5adf5c175542995ec70e8fd0	What company headquartered in Whitley, Coventry, United Kingdom will start production in Nitra in 2018?
5ae786c8554299540e5a55d7	In the The Simpsons episode "Principal Charming, Homer invites a character over for dinner who is voiced by whom?
5a78abbc554299148911f90c	Which bi-weekly publication ranked Schreiber Foods as number 81 in 2016.
5ab6d9b25542995eadef00c8	Which opera has more acts, Don Quichotte or Tosca?
5ae7cea355429952e35ea9c1	What is the name of the series who's first season was released on Netflix on September 22, 2016 and stars actor pronounced as John-a-kite?
5ae470815542996836b02c9f	What was the nickname of the English monarch that Petruccio Ubaldini presented one of his books?
5ae1fd995542997283cd2313	Is It Just Me? was a single by the English rock band from what Suffolk city?
5a793bc95542994bb9456fc3	Who was born first, Brooklyn Decker or Andy Roddick?
5a8f25ba55429924144829e9	Which country is home to Alsa Mall and Spencer Plaza?
5a7f4cb055429969796c1a02	The HTC U11 major carrier is Sprint, but it can be unlocked for this Texas company that is world's largest telecommunications provider?
5ac2381355429951e9e684a9	Which conference is the team for which Justin Bannan played college football currently a member of?
5a74ee175542996c70cfae41	Which Indian actor is best known for his role in the film Tadakha following his debut in the 2009 film Josh?
5a77b6535542995d83181274	What is the English translation of the noodle similar to Taglierini that is not tagliatelle?
5a8a39195542992d82986f04	Blues to the Bush is an album by The Who that can still be found on what e-commerce platform that was founded in 1995?
5ab431d855429942dd415ed2	What company has a headquarters in Whitley, Convernty, United Kingdom?
5a8efef05542997ba9cb3178	In what city did Jack J. Stephans coach from 1979 to 1980?
5a8aecff55429950cd6afbef	How many beer brands are in the portfolio of the company that hired Leonardus (Leo) Petrus Beukeboom to decorate cafes?
5a7243915542990c210a4086	Where is the University of North Carolina at Wilmington, population 112,067 located?
5a73235c5542994cef4bc475	Was either Craig Melville or Grover Jones born in Indiana?
5ac285335542996773102552	When is the birthday of the British-Irish heiress who worked on the Optimist In Black studio album?
5a75d9c05542992db94736f6	Which English-born Australian singer/songwriter was a judge on season 8 of Australia's Got Talent?
5ae51fa25542992663a4f11f	Where is the group of islands named after Purdue University's professor of forest ecology from 1947 to 1973?
5a7fc03d5542992097ad2fbc	Which county was included in the Diocese of Reno and was also the county seat of Ormsby County prior to 1969?
5ae1bf46554299234fd042e6	Are both Jack and Coke and Clover Club Cocktail cocktails?
5a80a1b25542992bc0c4a78c	Are either Edward H. Griffith or Edward Burns from Germany?
5a7f9cbd5542994857a7677c	Aside from the Ivorian who was born in 1986, what other big name footballer has gone through the FC Bibo?
5abb8ebe5542993f40c73b2d	What British made dance competition television series franchise did Claudia Albertario appear on?
5ab91dc555429919ba4e23b4	What role did Slim Dunlap take when he joined the Minnesota band the Replacements in 1987?
5ab5ec2a5542992aa134a3e3	What kind of group does Takahiro Moriuchi and Doug Pinnick have in common?
5a80e03e55429938b614222c	This American film and stage actor played the self-destructive soldier Prewitt in Fred Zinnemann's 1953 film that centers around which event?
5ab82d095542990e739ec853	"Tunak", is a bhangra/pop love song by an artist born in which year ?
5a89dc81554299669944a5dc	The Rainmaker starred the actor who has been nominated for how many British Academy Film Awards?
5a8effb55542997ba9cb317f	Who is the host of Wall of Fame known for his partnership with?
5ab3ede755429976abd1bcf4	Who directed the 1940 film in which John Arledge appeared?
5a7d2afb554299452d57bb41	The Story of Them Featuring Van Morrison is a compilation album recorded by what Northern Irish band formed in Belfast in April 1964?
5a8f1cfa554299458435d581	At the 66th Academy Awards, the awards for technical achievements were presented by what host who was nominated for Best Actress for "Rambling Rose"?
5ac2768d5542990b17b153a8	When was the composer who created Peter Schmoll und seine Nachbarn born?
5ae4ce835542990ba0bbb14d	What surrounding river in a Canadian province was Erin Wall born near?
5a8a77fd55429930ff3c0de3	Who has more victories Chelsea or Manchester United?
5ab1c2bf5542997061209558	Robin Pingeton replaced Cindy Stein as head coach of which university women's basketball team?
5a758aff5542992d0ec05fb2	When was the head coach representing the Eastern Conference during the 2000 NBA All-Star Game born?
5a88d7875542993b751ca876	Who won the 1981 CART PPG Indy Car World Series in Avondale Arizona?
5ae12bcc5542997b2ef7d11a	Are Benjamin Britten and Béla Bartók from the same country?
5ac52f8e5542996feb3fea14	Which town is the venue, in which the APRA Music Awards of 2009 were held, located?
5a7d41425542997cc2c4743b	What type of plane is the four engine heavy bomber, first introduced in 1938 for the United States Army, which is hangared at Conroe North Houston Regional Airport?
5ab3b7c555429969a97a8190	On what date did the geological event, that caused the 2011 Japanese motorcycle Grand Prix to be rescheduled, take place ?
5a7d72bb5542990b8f50398e	John E. EchoHawk is a leading member in a social movement that wants to reverse what ?
5a89ec7b5542992e4fca8483	A Car-Tune Portrait was released on June 26, 1937, the cartoon gives an imaginative take on which second in a set of works by composer Franz Liszt?
5abd8ac25542993062266cc2	In what year did the American Record company established in 1958 release a record co-produced by Adam Faith?
5ac2610f55429951e9e68593	which  Indian businessman and politician owns Mabula Game Reserve
5a85ee635542994775f606b4	Which lake is located further south, Dal Lake or Waterton Lake?
5a7a96555542990198eaf159	Who starred in more films Margaret Landon or Elizabeth Taylor?
5ae53c9655429960a22e0290	Queen Elizabeth Grammar School, Wakefield is a type of secondary school that caters to children of what age cohort?
5adf8c965542993344016cf5	Which South African born singer featured the musical revue "Sigh No More"?
5a8e39475542995085b373f1	Paddington is a television program based on the books that first appeared on what date?
5a74e5aa5542996c70cfae2e	Which cloth town in the high Middle Ages gives the name to the dye associated with the man who is said to rob from the rich and give to the poor?
5ab2a32f554299706120967b	Eugene Rosenburg, who founded the Hologenome theory of evolution is a microbiologist as what university?
5add1d575542992c1e3a2540	What nationality was Oliver Reed's character in the film Royal Flash?
5ac3b62b554299741d48a2f6	Augustus Jesse Bowie Jr was the innovator of the switch that was crucial to leading to the passage of which federal legislation in 1936?
5a832f9d5542993344745fe4	What tv series did Benny Ciaramello co-star in with a person that was also in the film "The Bang-Bang Club"?
5a7a919455429941d65f26b5	Which album was released first, "Talk That Talk" or "Loud"?
5a7145d55542994082a3e73c	Which person went into space at a later date, Sigmund Jähn or Christer Fuglesang?
5abd04bd5542992ac4f381a9	When did an IndyCar race driver drive a Formula 1 car designed by Peter McCool?
5a87bc3f5542996432c57275	Which is located farther West, the Cascade Locks and Canal or Lake Worth Lagoon?
5ab27287554299722f9b4d2c	Which of the following board games accommodates up to 10 players: The Game of Life or the History of the World?
5ab9dd9a554299232ef4a231	With the help of Adam Lambert, Josh Abraham has sold how many albums worldwide?
5a8ed30655429917b4a5bdcd	The Amsterdam Tournament 2009 was contested by what club that plays their home games at the Wanda Metropolitano?
5a8f06075542995b44241f2d	What car did the German rally driver, who won victories for Fiat, Opel, Lancia, and Audi drive?
5adcea3755429947343537ca	The  Actaea genus is native to what continent that the Onoclea genus is not?
5a8ac02d5542996c9b8d5f6f	What colors are worn by the Oregon Duck, mascot of the University of Oregon athletic teams?
5a7b8d4955429927d897bfeb	Who was born first, Gene Mayer or Serena Williams?
5ab3bb7b55429969a97a8198	The actor that plays Joe MacMillan in "Halt and Catch Fire" also starred with Carrie Coon in what 2017 horror film?
5ae03cd855429924de1b7072	Were Paul Éluard and Georges Bataille from the same country?
5aba549f554299232ef4a290	What kind of song did Alexander Grant produce for Eminem?
5adea95055429939a52fe931	What was the previous occupation of the Canadian-born Indian-American actress and model who appeared in Tina & Lolo alongside Karishma Tanna?
5a808f3f5542992097ad2ffd	"The Empire Builder"'s Columbia River Subdivision was part of which line?
5a8d0e305542994ba4e3dbbe	John T. Mather Memorial Hospital is located in a village in what Suffolk County, New York town?
5a8e17ce554299653c1aa169	Where in Greek mythology was the father of Benthesikyme venerated as a chief deity?
5ab6c94c554299710c8d1f5e	What New York City–based hip-hop musical group consists of rappers including Darryl Hill?
5adbf81a554299438c868cfd	Are Vintage Life and InStyle both US-based magazines?
5a79fe3b5542994f819ef119	What is the financial group which created the Sporting Portugal Fund?
5adf80605542995534e8c7d2	The 2012–13 Boston Celtics season was marred by an occurence which took the lives of how many people?
5ab2c418554299545a2cfa67	Ckm wz. 25 Hotchkiss was a Polish derivative of what machine gun that became the standard machine gun of the French Army during World War I?
5add2eab5542992ae4cec4da	What is the nationality of the actor who costarred with Joe Chen and Jia Nailiang in "Destined to Love You"?
5abd6be55542993062266c89	What is Peter Daou's website's slogan?
5ae849cc5542997ec2727798	Graveraet River is a tributary of a lake that is shared between which US states ?
5a7cb993554299452d57b9c2	How much change in elevation is there at the site of the 1999 FIA GT Hockenheim 500km?
5abfaa445542990832d3a18c	When they were formed, did The Fatima Mansions or Nude have more members?
5a7f251155429934daa2fcf2	Who authorized this infantry that was organized in the northern states during the Civil War and was commanded by RObert GOuld Shaw?
5ae13e205542997b2ef7d157	The 43d Air Mobility Operations Group is stationed at which largest military installation?
5ae08dad55429945ae9593b9	Willie Geist frequently serves as fill-in anchor on "Today" for a tv journalist that was the host of what show from 1980-86?
5a86eee85542994775f60787	During what years did the railroad that had a station stop in Ringling, Montana operate?
5adc51375542996e68525300	Roger Stuart Woolhouse is a biographer of a philosopher commonly known as what ?
5ac5461d5542993e66e82296	Who portrays Rachel Zane on the American legal comedy-drama that airs on USA Network?
5a735c3a55429901807daff7	Nikolay Mitrofanovich Krylov and Anatoly Fomenko both held what academic title?
5a778e8755429949eeb29ef4	St Anne's Academy is an 11–18 mixed comprehensive academy is located in a town that had how many inhabitants in 2011 ?
5ae3f33e5542991a06ce9a3d	William Sidney Sid Hatfield was the Police Chief of Matewan, West Virginia during a shootout between local coal miners and the Baldwin-Felts Detective Agency that is referred to as what?
5ab41f6b5542991751b4d671	What album did R.Kelly release the same year as producing "These Are Special Times" for Celine Dion.
5ac38d1f55429939154137c3	Who captained the team popularly referred to as the Shaheens during the teams test match against the New Zealand national cricket team?
5ab9530a55429970cfb8ea62	Scientific Games Corporation makes the type of games that are composed of what?
5ab8680755429934fafe6da8	What type of profession do Dave Pirner and Les McKeown both have?
5a74e8a25542996c70cfae37	Which American musician, principally known for his work as guitarist, vocalist and songwriter released the Voice Of Reason album?
5a87bd4e5542994846c1cde0	Are both Coldplay and Pierre Bouvier from the same country?
5ab4c8735542996a3a969fcb	What is the nationality of this actor, film producer and musician who has lived most of his life in Australia and appeared in Romper Stomper alongside Daniel Pollock, Jacqueline McKenzie and Tony Lee?
5a89bcc85542992e4fca83a7	What uniform number was the umpire wearing when "Pudge" hit a home run in Game 6 of the 1975 World Series?
5a8f9cdb554299458435d69c	which persons private jet called Trump Force One which is built by Boeing Commercial Airplanes and is the manufacturer's largest single aisle passenger aircraft that is produced from 1981 to 2004?
5ae45adc55429970de88d93f	What group did the 253 West 125th Street-contest winner Spyder Turner sing back up for?
5a8ec02e5542995a26add501	Which American sketch comedy television series starring John C. Reilly was produced by Abso Lutely Productions?
5a8e0c595542995085b373b0	The founder of the Metroplex record label attending high school in what city?
5abec90a5542994516f45438	1920 Politics was a Republican political strategy to reassert the authority of the white race in which US state?
5a7b68a75542997c3ec97153	The largest lake in New Hampshire sits how many vertical feet lower than Lake Kanasatka?
5a7360235542991f29ee2dc7	What types of activities occur in both the Bennington and Bridgewater Triangles?
5a775e095542994aec3b72b4	The poem "soleil et chair" was influenced by this Roman poet and philosopher who has only one known work about the tenets and philosophy of Epicureanism?
5a90206155429933b8a20481	Who resides in the palace that was the inspiration for the Kensington System's name?
5ae5d19155429929b08079bc	What nationality is the director of the 1971 film Wake in Fright?
5ab3a83d5542992ade7c6e08	Faith Goldy got fired after an interview she gave on what production site edited by Andrew Anglin?
5a722a6855429971e9dc9320	What is the character's name for which Anna Leonidovna Kovalchuk won a prize in the legal festival "Law and Society"?
5a77c58b55429967ab105281	Who is still alive today, Franklin Adreon or Ryan Gosling?
5ae7473f5542991bbc9761d2	What is the estimated population of the city in which the suburb of Beaumont is located ?
5adf8f675542995534e8c7eb	John Valliant’s work has appeared in which outdoor-focused magazine whose first issue was published in September 1977?
5abf0bf95542997719eab63a	José Rubia Barcia  published a great number of books and articles on a Spanish poet, playwright, and what?
5a7b9a8a554299042af8f78d	What Taylor swift song released December 7, 2008 was written by the same writer as "You Belong to Me"?
5ab439bd55429942dd415eee	Who won more Grand Slam Titles, Liezel Huber or Billie Jean King?
5a72df275542992359bc31b3	What was Muammar Mohammed Abu Minyar Gaddafi's title during the Libyan Civil War?
5a8740ee5542994846c1cd35	Which KaBoom! Entertainment Inc. film is based on a story by Rudyard Kipling?
5ae4ad3155429913cc2044cb	Do both Adventist World and Girls' Life have a headquarter or editor based in Maryland?
5ac2ab9455429967731025f0	Which award did the Tunisian-Dutch actor that starred in Collide win?
5ae5b25d5542990ba0bbb2bb	Who has a wider scope of profession, Christopher Guest or  Roman Karmen?
5adfffe755429925eb1afbd1	What was Mary Edna González sexuality?
5abdcad155429965af743e4d	which has more acts Pagliacci or Suor Angelica?
5ae09b7055429906c02daae4	How did the singer of Pyramid rise to fame?
5ab960d6554299743d22eb21	Thomas Francis Murphy had a role in which 2008 comedy film?
5ac3090d5542990b17b154fc	Operalia, The World Opera Competition helped launch the career of an operatic soprano of what nationality?
5a7dd8cb5542995f4f4022d0	From what county is Steven Avery, wrongfully convicted man on which the documentary Making a Murderer is based?
5a85b2895542994c784ddb49	Bank street is sandwiched between the headquarters of the Hongkong and Shanghai Banking Corporation and which other building?
5ae0ab7755429945ae959407	The player who laid motionless for ten minutes in the Todd Bertuzzi–Steve Moore incident was born in which year ?
5a836a765542996488c2e446	are Mikhail Glinka and Jean-Baptiste Lully both composers ?
5ab90e9755429934fafe6e51	Are John le Carré and Tim Winton both novelists?
5a8d6d4e554299441c6b9fdb	Lost Kingdom Adventure is a dark ride located at four Legoland theme parks, including which park, which is the original Legoland park, that was opened on June 7th, 1968?
5ae4db9c55429908b6326492	What was held in 2011 at the same stadium where the seventeenth edition of the IAAF World Championships is scheduled to be held in 2019?
5ae234385542992decbdcc59	in 1992 Spengler Cup all matches were played at the home arena of what professional Swiss ice hockey club
5ae3eabc5542995dadf2424f	Thea Ruth White is best known for her voice over work as Muriel Bagge on  an American animated horror comedy television series created for who?
5ae123875542997b2ef7d0fa	The 2003 South Australian National Football League Grand Final saw the Central District Bulldogs defeat a football club whose home base is currently known as what?
5a8494b15542991dd0999d35	Which magazine was founded first, Allure or Genre?
5ae2b83c5542992decbdcd7f	Typically how many pages were in the fiction magazine in which Robert E. Howard wrote in 1930s?
5ab9cfe655429970cfb8ebaf	Walt Disney World Quest: Magical Racing Tour includes the space-themed roller coaster that was opened on what date?
5a8ae0ae55429950cd6afbc2	What airline was a monopoly with a hub at Sheremetyevo International Airport?
5ab2ac3d55429929539467ce	Be Quick '28  football club is locayed in what province?
5a8ff83c55429916514e73f3	What role is played by John Travolta in the film that greatly influenced the two dances, the disco fox and the hustle?
5ade0a275542997545bbbe2d	Where is the American hip hop group, that released the song "RedEye to Paris", from?
5a8834f05542994846c1ce26	What was the nationality of the composer of Chaconne in F minor?
5a7f35015542992e7d278c8a	In what year was the college that Cal Hovde served as dean for founded?
5a7750a155429966f1a36cef	Who died and had his dog wait in Japan for him for 9 years after his death?
5ab9ba6e554299743d22ebcd	Who was the lead french actor who starred in the 1986 film that inspired a Stella Artois ad campaign?
5a7db0915542990b8f503a30	What German philosopher, economist and political theorist was Jakob Lukas Schabelitz a friend and associate of?
5a8f0986554299458435d535	Gerd Neggo trained under the founder of which type of dance analysis?
5a7a51b95542990783324f0f	Who was born first, Liam Cunningham or Michael Fassbender?
5ab6973f554299110f219a25	What monthly magazine, published by ASIS International, includes articles on topics of computer security?
5a8f21c755429918e830d195	Whose writing covered more topics, Alan Dean Foster or Samuel R. Delany?
5adef5fb5542993a75d263be	Which f beer brewed in the Pajottenland region  American wild ale similar to
5a7613c15542994ccc9186bf	VIVA Media AG changed it's name in 2004. What does their new acronym stand for?
5adf03b35542993a75d263d3	Where is the international airport which Eagle Aviation wet lease operations were based in located
5abc5603554299700f9d7875	The Lisbon Traviata revolves around fans of the soprano who was of what nationality?
5abeb6645542993fe9a41d11	National Strategy for Homeland Security was a response to the events that partially took place at what Arlington County, Virginia location?
5a89e85c5542992e4fca846f	WDAL is a country music radio station licensed to a city in what Georgia county?
5a7d6a2d5542991319bc93c6	King of Norway Magnus Barefoot launched aggressive military campaigns in this region that was at times independent of external control and was known to the Norse as what?
5a835a7b554299123d8c20fc	The publication of which magazine ended first, Right On! or Castle of Frankenstein?
5ac273455542992f1f2b38d4	What philosophy related to creationism is Paul Nelson noted for?
5a87ed5b5542994846c1cdfc	What type of license is the open source roguelike video game video released 2012, in which a subset of it's pricing model is a called free-to-play, licensed under?
5adf5fa65542993a75d264db	When did the University, of which The Dove Marine Laboratory is a part, gain University status ? ?
5ae7821b5542997ec2727678	The Zapruder film shows President John F. Kennedy's motorcade as it passed through a plaza that was named aNational Historic Landmark in what year?
5abd2cde5542993062266bb1	Evil controllers was featured on Game informer who was published by which monthly video magazine corporation?
5a8c4c5f554299585d9e3651	Luisa Miller is an opera with three acts, whereas Don Quichotte is an opera with how many acts?
5ab9b4a555429970cfb8eb75	Is Rick Husband Amarillo International Airport or Grand Forks International Airport closer to the town it is near?
5ae56c875542990ba0bbb2a2	How many albums does the duo who sang "Yesterday Once More" have?
5add1c485542992c1e3a253d	What is a popular industry in the neighborhood of Willow Vale, New South Wales?
5adde2475542997545bbbdc1	Who, born February 20, 1983, played for The Monarchs and in the World Series?
5a841b215542990548d0b25b	Frank Sindone helped plot the murder of a family mob boss, What was this boss's nickname ?
5ae618535542995703ce8af7	The Church of St Peter in Pertenhall, Bedfordshire, England was added to this register on 13 July 1964.
5a7c703055429935c91b51aa	Which constituent college of the University of Oxford in England was Francis Leighton warden of?
5a90485755429933b8a204d2	Calling All Dawns includes the theme for the game "Civilization IV," written by whom?
5adc393f5542996e685252e7	What occupations are shared by Maher Sabry and Til Schweiger?
5a72b9155542992359bc3187	What service is an Amtrak flagship that includes BWI Rail Station as one of its Amtrak intercity services?
5abc0aba55429959677d6a00	Did Ed Sullivan ever work anywhere other than the New York Daily News?
5a84b9c95542997b5ce3ff35	What is  Cyaxares relationship to the man that governed for 53 years?
5addcb215542997dc7907033	Which late 1980s and 1990s English super model was featured in the song nasty girl by The Notorious B.I.G.?
5ade51515542992fa25da745	Why did Rudolf Hess stop serving Hitler in 1941?
5a7e513a5542994959419996	what other school is located in the same suburb as the Ghana Police College?
5adf51595542993344016c52	Who did the 39th Vice President of the United States serve under?
5a737e4655429908901be2cc	This Fox News Specialist Host also took over what Fox Business Channel news program in 2013?
5ab7022f5542995eadef010e	What type of media does Jeff Rona and Veeram have in common?
5ac194db55429964131be23a	What was the official religion of the lands of the husband of Dorothea of Denmark, Duchess of Prussia?
5a7526945542993748c897d2	What year did the movement that Tess Asplund protested in the viral image of her with her fist in the air disband?
5ab5b0f75542992aa134a38c	What episode did Mona Penelope Simpson  on the animated show "The Simpsons"die?
5ac42f42554299076e296d88	Who starred in My Dog Skip and Malcolm in the Middle?
5a72944c5542994cef4bc351	What man, born in 1963, was instrumental in bringing the Boston Red Sox to the stadium City of Palms Park in Fort Myers, Florida?
5a8a44c65542996c9b8d5e85	Which singer has been in more music bands, Michael Crafter or Martin Degville?
5a8220db5542995ce29dccc1	Which was secretary to President Richard Nixon: Rose Mary Woods or H. R. Haldeman?
5a7100435542994082a3e4a3	Are Finding Kraftland and Shikashika both frozen drinks?
5a84b6e15542991dd0999daa	Both Mulled wine and Blue Lagoon are considered primarily alcoholic or non-alcoholic?
5a848a725542990548d0b2c7	Which band was formed first, Wire or Young the Giant?
5a8719fa55429960ec39b742	Is Muskegon County Airport or John Wayne Airport further west?
5a883c175542997e5c09a5ae	George Tawengwa was the first black person to buy a farm located in a country now known as which country ?
5a79f04d5542996c55b2dca7	Which long-established US university is older: University of California, Berkeley or Syracuse University?
5add4d8f5542997545bbbd25	What key role did the stadium's snowplow operated play in the game following the Dolphins win against the Minnesota Vikings?
5ae138d855429920d523432d	Who is the star of the 2003 comedy that has a single from Candycoatedwaterdrops on its soundtrack?
5ab3063e554299753aec58fe	Which goal scoring player in the 1992 FA Cup Final was Welsh?
5a83697e5542996488c2e441	Park Seo-joon is best known for his role in a series that premiered on what month and day?
5a721a7655429971e9dc9271	What actor from the show Murphy Brown also had a role in a show with fellow actor Steve Howey?
5ab2b5a0554299295394683c	What are the symptoms of the virus identified by Robert Purcell?
5ae4d0ff55429913cc204511	Did Billy Corgan's band The Smashing Pumpkins or Greek Fire originate in a more southern location?
5ae141a65542997b2ef7d18a	Pak Sao is a technique in the martial art specializing in what type of fighting?
5a90991d5542990a9849366b	In which state is Stewart Nozette imprisoned?
5ab2b7c1554299166977406a	What was the name of the lawyer who took the main role in the report that helped land Pete Rose a lifetime suspension from baseball?
5ac2570a5542992f1f2b3861	In which series did Jacky Ickx, the Belgian Ferrari driver, win more races - Formula One or the Le Mans 24 Hours?
5ac434ed554299204fd21f09	"Coming Over" is the second Japanese single album by a boy group that debuted in what year?
5ae54e005542993aec5ec19a	Are Richard Yardumian and Edward Khantzian both Harvard psychiatry professors?
5add97c15542997545bbbd80	In which sport does both Virginia Ruzici and Andy Murray participate?
5a8359c7554299123d8c20fb	In the summer of 1972, "Metal Guru" was the last UK number one for T. Rex and its lead singer. What was his name?
5abe3c7555429965af743ea5	According to the 2010 census, what was the population of the city after which the vice president, in April 1813, was named?
5ab7c3ed5542991d322237b2	Are Mike Bryan and Ray Ruffels both tennis players?
5ac083b0554299294b21900d	What kind of beverage does Planter's Punch and Black Velvet have in common?
5a89d2d75542992e4fca83d2	What country of origin does Shawnee Trail and Great Indian Warpath have in common?
5abdbabe5542993f32c2a028	Are Affenpinscher and Villanuco de Las Encartaciones both breeds of dog?
5a7f1c195542993067513633	Was the documentary labeled "The River"have the same reasoning to be made as the documentary labeled "Crazy English?"
5a7228f655429971e9dc9312	Which "novel with a key" was written by John Ehrlichman about the CIA, base on events leading up to the Watergate coverup?
5ab682dc55429954757d3318	author of the popular "Getting Started in Electronics" founded Micro Instrumentation and Telemetry Systems (MITS) in what state?
5ab294a6554299545a2cf9a6	Who is the son of John Button under contract with as a driver?
5ae163b3554299422ee99678	Who wrote Bring Me Sunshine and where did they write it?
5a849c1b5542997175ce1ef9	What sort of activist is the author of The Irrational Atheist?
5ae414d855429970de88d8ec	In what year was the football club for which Reuven Niemeijer plays founded?
5ab5dcb95542992aa134a3b3	Are Toshi and Warrel Dane both in the band Sanctuary?
5ac2c4fe554299218029db3b	What two countries headquarter the clothing company that the photographer "Facehunter" contributed to?
5ae644c55542992663a4f27e	When was the club formed, for which Adam  Johnson played as well as Middlesbrough and Watford ?
5a7fc8d05542992e7d278d86	Which Air Force member was behind enemy lines for 11 1/2 days and had the largest,longest and most complex rescue mission?
5ae5621655429908b63265fc	Musical artist Diabolic and Vinnie Paz, who was featured on Diabolic's second studio album Fightin' Words, are both what type of musicians?
5a72339855429971e9dc934d	Which song reached number 3 on the "Billboard" Hot 100 that featured guest vocals fron Allessia Cara And Khalid?
5a886211554299206df2b24a	Were the films Tonka and 101 Dalmatians released in the same decade?
5ae1dac85542997283cd229a	For which football club, established in 1949, did Mitch Duggan have a loan spell prior to joining Tranmere Rovers?
5ab31adc554299233954ff0a	How much Argentina currency was involved in Boudougate?
5a7ca33f5542990527d554ee	Which restaurant chain is based further south, Pizza Fusion or Imo's Pizza?
5a8a39b355429930ff3c0d13	Who created the series in which Liza Weil played Bonnie Winterbottom?
5a806e01554299485f5985e5	Who starred in the 1991 American action comedy film The Hard Way and was featured on the roster of Rawkus Records?
5ab96c93554299743d22eb63	Which of the cities of Dujiangyan City and Ezhou has the larger population according to their latest census ?
5a79c3785542994bb9457074	Nell Williams Plays a younger version of this Character in HBO's Game of thrones that is also in Which fantasy novel Series written by George R.R. Martin?
5ac047a3554299294b218f70	Which bank has more branches, China CITIC Bank or UniCredit?
5a7b74485542997c3ec97190	100 indviduals with the surname 'Preradovic' died at which concentration camp that straddled the southern border of the Hasburg Monarchy?
5a8b20b85542996c9b8d5fb5	Who was the  "King of Denmark, the Vends and the Goths, elected King of Norway's" brother?
5abcd44655429959677d6af1	What is the population of the county Rockingham County which Little Bay Bridge meet the river between it
5ae2f5b955429928c423957e	What language, traditionally written with the ancient Libyco-Berber script, is closely related to the Tumzabt and Teggargrent languages?
5ae7eed8554299540e5a56b5	No issue, lelo tissue was started by which company that has the largest mobile network in Pakistan?
5a8e0370554299068b959e2d	In which Florida city is Skyplex being constructed, featuring Skyscraper, the tallest rollercoaster in the world?
5ab44a775542991779162c57	Where was the opera, which was the subject of After Aida, first performed?
5a77dbaf5542997042120b5b	Mikael Åkerfeldt and Lee Ranaldo were this kind of instrumentalist in their respective bands.
5a8481ba5542997175ce1ed4	Den Tagayasu lived in the town that was bombed on which dates?
5abed2b45542990832d3a0d0	Shannon Purser played the role of June Acosta in a 2017 horror film directed by who?
5a790d9855429974737f7954	What contest did Drew Barry's younger brother win in 1996?
5ae22eae554299495565da30	What was the 2010 population of the town where Black Crescent Mountain was located?
5ae70c7b5542991bbc9761aa	Bridgewater Trustees major source of income came from a canal that was commissioned by whom/
5abae88c554299660624167e	What is this subfamily within the cat family Felidae named by Reginald Innes Pocock that is descendant of Pseudaelurus?
5a8d12ca5542994ba4e3dbe2	In what city is the company that Fastjet Tanzania was originally founded as a part of prior to rebranding based?
5a7271525542997f827839d0	What are the colors of the tricolour flag that was adopted in 1919?
5a8ea7f25542995085b37468	Are The Limousines and Faith No More from the same state?
5a821b4b5542995ce29dccab	Where is the usual main ingredient of Hákarl normally found?
5ac2da27554299657fa2909f	Which town was home to a forward for the Western New York Flash?
5a8771595542993e715abf46	What nationality was the Jaguar R2 driver, Eddie Irvine?
5a8d0c74554299585d9e37a1	Which river flows next to the German town where the music project "I Drink My Coffee Alone" by Alex Gazin originates from?
5abfd5c45542994516f4550e	When "Good Night" was aired on "The Simpsons 138th Epsiode Spectacular," which actress did the voice of the character named after Matt Groening's mother?
5a7d115355429909bec76934	Which partner of Jash was born in 1970?
5a82800855429966c78a6a2f	Were both documentaries, Loot and Air Force, Incorporated, released in the same year?
5a8671e95542994775f60763	The Six Arms Saga was written by the former editor-in-chief of what company?
5ae347fb5542992e3233c368	In the 2004 United States senate election, re-election was won by what American plitician who was first elected in 1998, defeating what three-term Republican incumbent?
5adf744d5542992d7e9f937e	Gemma Rovira Ortega translated into Spanish the 2007 and 2008 best selling book in Spain as well as which series by Patrick Rothfuss?
5a773c5c55429966f1a36cbb	What Deepdale area football club did Andy Pilling play for?
5a847edd554299123d8c2272	Were the Commodore 16 and Prológica CP-400 from the same country?
5a7d68e25542995f4f402270	Oklahoma State Cowboys are part of what NCAA Division?
5ab5b701554299637185c5e7	Han Chae-young was in the 2009 drama that aired on what network?
5ab61668554299488d4d9aa6	Henry Josey played college football at "The Zou"- more commonly known as what?
5a8da97c554299068b959d84	Which university offers more campuses in the Philippines, Fairleigh Dickinson University or the Western Institute of Technology?
5a73ae3b55429978a71e907c	Japanese destroyer Oite participated in what conflict that ended with the surrender of the American forces to the Empire of Japan?
5ae00895554299025d62a3b2	Who selected the quarterback in the 1999 NFL draft, two spots after All American Tim Couch?
5abd6db755429933744ab7d0	What was the nationality of the author of "The Sunlight on the Garden"?
5a7f3361554299306751369a	Which film has more writers, Splash or Christopher Robin?
5ae1cf355542997f29b3c126	Which is a British-influenced film, Bedknobs and Broomsticks or The Journey of Natty Gann?
5a8778d25542994846c1cd89	Has Stefan Edberg won more events than  Édouard Roger-Vasselin?
5abce73055429959677d6b34	Riaz-Ur-Rehman Saghar wrote songs for the Pakistani singer who has performed at what US venue?
5abae14b5542996606241657	The 2016 San Jose State Spartans football team were members of a NCAA conference that officially began operations in what year?
5ac0c84a554299012d1db633	One of Fingerprint File's key ingredients is the highly jazz/funk-oriented bass guitar played by a musician born in which year ?
5ae5da8d55429929b08079d1	What player was the first overall pick in the 2004 NFL draft and had the Manning Field named after him?
5a72f0e25542991f9a20c5cf	What television show was,based,on an 1908 novel by Lucy Maud Montgomery?   Anne.
5abe9cc95542993f32c2a184	Which Canadian corporation, founded in March, 1994, is a major tenant of the Station Mall is Sault Ste. Marie?
5a7502345542993748c89795	What African country is bordered by Libya and the Sudan and is known for the Dar Sila region?
5ade0e115542995b365fabf3	Which member of Odd Future also had a guest appearance on the album too Cozy?
5a88a23f5542997e5c09a652	Which director, Chris O'Dea or Lucky McKee,  is a Master of Fine Arts graduate of the UCLA School of Theater, Film and Television?
5a87b93c5542996e4f3088ec	The Oppenheimer security hearing explored the associations of the wartime head of which laboratory?
5ab23d8a55429970612095c9	Which City in the Miami metropolitan area is home to the Primetime Race Group?
5abf11d45542997719eab660	Driven To Perform has a sponsor that includes the electronics store chain from what country?
5a70eee85542994082a3e3f0	Which group of people in West Africa with significant populations in Ghana, Ivory Coast, Liberia and Sierra Leone use the Ida?
5a73250a5542991f9a20c643	Where has Kerwin Swint's work appeared that draws 20.5 million unique visitors a month?
5adfed5e55429942ec259b92	What city does the company that owns Bumble and bumble have its headquarters in?
5a8832d355429938390d3f03	Who was the ruler ousted by the 30th Prime Minister of Cambodia after Khmer Rouge's victory over the Lon Nol government?
5ae4bb1255429913cc2044e7	Does Linzhou, Henan have a larger population than Xingcheng?
5abe6f8455429965af743f03	What country of origin does Robert brothers and Jacques Charles have in common?
5a88401c5542994846c1ce60	When was the conference the The 1998 West Virginia Mountaineers football team was part of  created?
5a7ba11d554299294a54aa39	What Danish sports club based in Copenhagen  did striker Søren Lindsted start his career at?
5a78bd515542990784727749	The show featuring a young boy named Gerald Bald Z premiered on what TV channel?
5abf64265542997ec76fd3eb	Dance and Laugh Amongst the Rotten is a studio Album by a band from which country ?
5a7a5ec855429941d65f25e4	What is the river that Sangin is found in the valley of the primary watershed for?
5ae038e955429942ec259c4d	When was the Russian composer who composed "Prisoner of the Caucasus" born?
5a77d25555429949eeb29f6c	Which 2017 American 3D film was written by Cinco Paul and Ken Daurio?
5ab92f1f554299753720f77b	What profession does 2007 Formula 3 Euro Series and Romain Grosjeanhave in common?
5ac24a035542992f1f2b3832	Joan Baez's hit recording from Quad Studios Nashville originally featured lead vocals from what member of The Band?
5ae55ed15542992663a4f1ea	What is the meaning of the name of the town where Jack Briggs was born?
5a8b6d885542997f31a41d25	Which actress is "Beyond Rangoon" was also in "True Romance" and "Ed Wood?"
5a7f68365542994857a7672e	Which band was formed at an earlier date, Unwritten Law or Jon Spencer Blues Explosion?
5ae1d4e8554299234fd04312	Any Questions for Ben? was directed by which Australian producer and actor?
5ae504a855429908b63264df	Which movie is a documentary about "Beowulf & Grendel", between My Kid Could Paint That and Wrath of Gods?
5a8ae61955429970aeb70326	Are both Deerhunter and Nine Lashes American Christian rock bands?
5ab8420555429919ba4e2290	The Ranters were a loose collection of radical so-called heretics whose main objection was with what major division of Christendom?
5ae6316d5542996de7b71b87	Which FC Barcelona signee was a contender for the Rookie of the Year Award when he played for the Timberwolves?
5abb254c5542992ccd8e7f29	What type of boat was the German submarine U-505 that was captured by the U.S. Navy in 1944?
5ae0b0af55429945ae959424	From 2015 to 2016, Jill Marie Jones starred in a Starz horror-comedy series set in the "Evil Dead" universe created by who?
5ac3bd0c554299204fd21e21	Sam Mendes and Ruby Yang share what profession?
5abfad3c5542990832d3a197	what was the American computer-animated fantasy film which  Aron Warner produced based on
5adcecbd5542992c1e3a24b7	The water-based dark ride in Walt Disney is connected to a song known for what?
5ae0120155429925eb1afbfb	Kim Dong-won's directorial debut film was a sequal to what 2001 film?
5ae5cf0b55429929b08079aa	what caused the death of over 250 people in Accra, Ghana?
5a7746cf5542994aec3b7263	St Mary's School in Pune, India was run for over 100 years by what organization started by the Reverend William John Butler?
5a7109e95542994082a3e4fa	What town did Sean Robert Francis play in as part of the most successful club in the Republic of Ireland?
5ae0536755429924de1b70a6	Are both genera Silphium and Heliotropium, genera of flowering plants ?
5ae5e8dc554299546bf82fbe	Which name adopted by African-American activist Allen Donaldson co-found Black Power movement of the 1960s and 1970s
5ae4f8b755429960a22e0230	Which of the castle along the flow of River Fiddich  is a ruined castle near Dufftown in the Moray region of Scotland?
5abd957a5542996e802b47eb	The most popular temple in terms of attractions is located in what part of the city?
5ab48ec25542991779162cdc	What was the English football club Tottenham Hotspur  that Leonard Francis played for commonly referred to as ?
5adca0845542994d58a2f684	"One Less Set of Footsteps" is a song written and performed by a singer born in which year ?
5a8b2d3255429950cd6afc60	Where is the basketball team that Mike DiNunno plays for based ?
5a849c135542992a431d1a7a	What was the 2016 population of the city on the Bay Fundy which had an office of the Bank of British North America?
5ab2f50a55429929539468cd	SkyJump Las Vegas is located at a hotel on what street?
5a87081755429960ec39b6fe	Jessica Jones is a television series created for Netflix, the second in the series of the shows that lead to "The Defenders" miniseries after what show released on Netflix earlier?
5ac17c865542994ab5c67d6a	Who did the actor that plays Sean Tully defeat in a dancing contest?
5a7943ea5542994bb9456fd3	What did Pioneer 4 fly by before inserting into the type orbit that planets of the Solar System are in around the sun?
5abdc18555429965af743e2b	What is the name of the second largest car rental company, that also has another low cost car rental company it oversees?
5a8a1aea5542992e4fca8508	Are Myles Kennedy and SafetySuit both associated with rock bands?
5a8268215542995ce29dccfb	What other country does the league that Taylor Eric Kemp played in represents the sport's highest level besides the United States?
5a714f6f5542994082a3e7b3	How many people live in the County serviced by The Collier Area Transit system?
5abfd3ba5542994516f4550a	Of the retired tennis players Ross Case and Slobodan Živojinović, which player reached a higher career-high singles ranking?
5abe7e1d55429976d4830b36	"Clydebuilt" is on the south bank of what river?
5abbd4425542993f40c73bcc	What party was the secretary of commerce and housing under the 42 Governor of Kansas?
5ac288a95542990b17b153e5	where is a  football club which Aly Mohamed play for from
5a89e28f5542992e4fca843e	Kevin House Jr. played professionally for the team that is in what NFL conference?
5adfb10855429942ec259af9	Raiffeisen Zentralbank is the central institution of one a group of co-operative banks in Austria. What is the name of the other group?
5a7732dc55429972597f149b	What 1944 Bollywood film was the mother of Bollywood actor Govinda in?
5aba89365542994dbf019932	Who is the television producer who created a 2011 American film based on a novel by Hunter S Thompson?
5a90a9a45542990a9849367e	Which species is the most numerous, Podocarpus or Osmunda?
5a7baae2554299042af8f794	By what name is the King that Gothard Wilhelm Butler was captain of the guard for known in Poland?
5a78b5f7554299148911f95b	Spawn, a fictional character who Mustafa Shakir has expressed interest in playing, was created by?
5ae199305542997b2ef7d20e	In what european city is a location of the college from which the woman known as Comic Book Girl 19 received her degree?
5ae362105542991a06ce99ae	What was the size of the 1700 Cascadia earthquake predicted by Kenji Satake?
5ab833ad5542990e739ec86f	Carlos Alberto Hurtado played on loan from a mexican team which plays where?
5a84b8555542991dd0999db2	The casino owner who was focused on the documentary Nobody Speak: Trials of the Free Press focuses belongs to which nationality?
5a78c66e55429974737f787b	Which group did Masta Kill released Selling My Soul under?
5ab5c8c5554299637185c60d	Are Harry Everett Smith and Vladimir Danilevich both from Russia?
5ae544035542992663a4f1af	The royal anthem is changed from what to "long live our noble Duke"?
5ac3a364554299391541385d	What is the origin of the National Space Olympiad and Kalpana Chawla ?
5a77919d5542995d831811dd	Who was born first, Marino Girolami or Daniel Myrick?
5a899bf955429946c8d6e959	When was the New Orleans Pelicans player featured on the NBA 2K16 cover first drafted?
5adc6e035542994650320cec	The 2014 All-Pac-12 Conference football team featured players from the team led by which second-year head coach, who led his team to the conference title?
5a75495a5542996c70cfaed8	What Cuban American baseball player was suspended in the new steroid policy of the 2005 Major League Baseball season?
5aba056255429939ce03dc55	The German software corporation who has established Remote Function Call (RFC) has its headquarters in what city?
5a7b76225542997c3ec9719c	What documentary has more creators, The Devil Came on Horseback or My Best Fiend?
5ac02880554299012d1db5c0	In which year did this Russian actress  who produced and performed in the 1922 American silent drama film "A Doll's House" immigrate to the United States?
5adfcc625542992d7e9f93d3	Is The Moon-Spinners and Oceans both documentaries?
5ae3f82a5542996836b02c01	The CNN-News18 Indian of the Year award was created by Sagarika Ghose and a news anchor born in what year?
5ae0d85d5542990adbacf67e	Which district includes the island in New York City's East River which Pete Grannis represented in the New York State Assembly?
5ac2eb635542990b17b154a7	Where was the think tank founded by a neoconservative political analyst born in 1952 established?
5a76404b5542994ccc91873d	Which documentary was made first, The Shame of a City or Unchained Memories?
5abf8cc35542990832d3a14e	when was the retired Jamaican sprinter which Richard Thompson is, 0.99 seconds slower than born ?
5a86f94a5542991e7718169e	Who did an actress from The Secret of NIMH play in A Patch of Blue?
5a80ad19554299485f5986a8	In addition to his role in The Fattest Man in Britain, Bobby Ball is best known for his half of the doublt act Cannon and Ball with which other comedian?
5adcc7515542994ed6169bff	Akademik Lomonosov was named after a Russian polymath, scientist, and writer, who discovered the atmosphere of what planet?
5adcfebe5542992c1e3a24f3	How many members were in the South Korean boy group whose first official sub-unit is Bastarz?
5ae364285542991a06ce99b3	What stye of Martial arts did Royler Gracie tutor Maurcio Villardo?
5ae5fa38554299546bf82ff1	Who directed the 2014 American biographical survival drama film which Laura Elizabeth Dern was nominated for the Academy Award for Best Supporting Actress in
5ae564a155429960a22e02e4	What is part of an alternate title to a Three 6 Mafia song and is slang for a concoction which includes prescription-strength cough syrup also known as purple drank?
5ab446875542990594ba9bea	What was the first film scored by the man who composed the soundtrack for Udhayam NH4?
5adfa8d0554299025d62a32c	How many times have the team that won the 11th DFB-Pokal won the national championship ?
5ac30a79554299657fa290e2	What 2003 Christmas-themed romantic comedy did Gregor Fisher have a role in?
5ae3fd595542995dadf24292	Arrêtez-moi is a film in which film genre, known for suspense and anxiety?
5a89e20a5542992e4fca8438	Alex da Kid worked on an a track with Eminem released in what year?
5a84524a554299123d8c2203	How many books are in the text composed by the founder Nyaya school of Hindu philosophy and is used in the development of Indian logic?
5adcbb815542994ed6169bde	Beer Wars covers the differences between large corporate breweries, and small breweries, such as what brewery that is headquartered in Escondido, california?
5ab4428c5542990594ba9bda	Do Lush and P.O.D. both consist of four band members?
5ac14d0c5542991316484ae2	Who has worked for more film companies, Kelly Reichardt or Jacques Tourneur?
5ac3c10a554299204fd21e33	"Call Me Mañana" is a song by a group that has sold how many records?
5add5f395542990dbb2f7e50	the movie "A Cure for Wellness" was a science fiction?
5a736e0155429901807db04f	Who is the manufacturer of the plane that shot down Jameel Sayhood?
5a734a205542992359bc32e2	Which director won an Academy Award for best director for his work on the film, "Midnight Cowboy?"
5ae484f855429970de88d999	Which college football team for the University of Oregon did Enoka Lucas played for
5a8d18fb5542994ba4e3dbf2	What position did the 2004 World Series of Poker gold bracelet holder have in the 2011 Epic Poker League?
5ac2a10e554299657fa28fec	What year did a blacklisted screenwriter share an Academy Award with Michael Kanin?
5a81e8a0554299676cceb157	Which band has more members, Chvrches or Goodbye Mr. Mackenzie?
5a84ee4c5542997175ce1f2b	WHich college is located in the United States, Grand Valley State University or Carleton University?
5a8e68b15542995085b3742d	When was the earliest known pottery created in the country which was the native land of Admiral Yi Sun-sin, who conducted the Battle of Happo?
5a8e03375542995a26add458	What year was the man, who is credited for developing a Crescograph, born?
5ab938fb554299131ca422ce	Löwenbräu and Bürgerbräukeller are both located where?
5ac4f9db55429924173fb532	Tritonia and Phyteuma are both names for a what of plants?
5ac4f33355429924173fb507	where is the Vanderbilt mansion which Ochre Point–Cliffs Historic District is its home located
5a8bc3ac5542995e66a47501	Where is the head quarter of the Blue Bird Body Company?
5ab5d43f5542997d4ad1f1f6	The musical composer of Manru was a spokesman for what country's independence?
5a8d7e1055429941ae14dfd8	Which is bigger, Griffon Bruxellois or English Mastiff?
5a8db348554299068b959dc2	What is the subsidiary of the record company who released "Love Incredible?"
5a76bbe85542993735360191	Which American spy thriller TV series, which was developed by Howard Gordon and Alex Gansa, had a fourth season episode titled "Krieg Nicht Lieb?"
5ac39f7b554299218029dbe7	Robert Earl Holding owned an oil company that was originally founded by who?
5a76f45a5542994aec3b719b	What band formed in 1995 and came out with an album called "Welcome Interstate Managers'?
5a738b855542992d56e7e363	Which hospital opened first, St. Elizabeths Hospital or Providence Hospital?
5ae5b06e554299546bf82f2a	What was the capacity of the stadium that Colección Privada that was filmed on October 10, 2000?
5a76648f5542992db9473795	Figure 2 Ranch Airport supports launch operations of what aerospace manufacturer and space flight services company?
5ae0593855429945ae959333	Matthew Wright was selected with pick #33 in the AFL draft that took place during what date in 2009?
5a90492655429933b8a204d8	Garth Richardson is the son of the producer who worked for which group that evolved from The Iveys?
5a7b443c5542992d025e67ce	Who was the director behind the Cirque du Soleil show in Las Vegas that was first performed on December 25, 1993?
5a865d11554299211dda2b0d	What is the original name of the place where The 1st Minnesota Light Artillery Battery mustered?
5ae46ebc5542995dadf24331	Which of the systems that uses the RedBoot is a double-deck, wide-body, four-engine jet airliner manufactured by European manufacturer Airbus?
5a7fc21455429969796c1b4b	Who narrates the documentary television series that features the largest airline in the United Kingdom based on fleet size?
5ae1dac95542997283cd229b	What group of participants that carried of Operation Neptune Spear is sometimes referred to in the U.S. media as a Special Mission Unit?
5ae48a2b55429913cc204494	Which singer is in the duo Sugarland, Jennifer Nettles or Roger Taylor?
5a835a265542992ef85e2281	What industry does Edgar Selwyn and Chantal Akerman work in?
5ae4c8f35542990ba0bbb130	Ralf Popken had a role in a musical that is a satire on corruption in the administration of criminal justice, bringing what concept to light?
5abda6b255429965af743d9a	Peter Jackson is Emeritus Professor of Medieval History at a public research university founded in 1949 as what?
5a8a07725542992d82986e5b	Along side Thomas Alan, which singer's first three albums were recorded at The Boarding House?
5a8911ad554299515336129c	Nuestra Belleza México 2010 was crowned by the winner of what other 2010 pageant, the winner of which was crowned on 23 August 2010?
5ade48795542992fa25da729	Beyond the Hoax: Science, Philosophy, and Culture, is by what professor of mathematics at University College London?
5ae35c945542992e3233c3bd	Jay-Z released his 1996 Rolling Stone-rated "500 Greatest" album on which record labels?
5abb9ad4554299642a094abe	Which terrorist group was the cause of the battle in which Mark E. Michell won an award for his actions?
5ae3a0be5542991a06ce9a05	The coach of the Karachi Kings, Mickey Arthur, is of what decent?
5ac027005542996f0d89cb3d	Which actress, who debuted in Friday Night Lights also starred in The River Why?
5abc6d14554299700f9d78bf	What type of building does Jim Bartels and ʻIolani Palace have in common?
5ab42b905542992339550040	What kind of music did Firework's artist make before getting into pop?
5a83155c55429954d2e2ec0e	What type of radio stations played songs by the group who released the album Holiday Harmony?
5a77b6c85542992a6e59df96	What professional baseball player who played for the Brooklyn Robbins in 1928 and 1929, attended college in Denton, Texas?
5abdf06355429976d4830a2d	In Ancient Egyptian religion how would a citizen be weighted to decide if they where worthy of damnation and would face the torment in the lake of fire ?
5ae291bb5542996483e649f6	What are the publishing years of this American and New York based film magazine published by Hachette Filipacchi Media U.S., where April Bernard worked as senior editor?
5ac344d6554299741d48a23f	What is the gross leasable area of the shopping mall served by the Merrick Boulevard buses?
5ac4f42b55429924173fb50d	Which beverage is ignited prior to consumption, Flaming beverage or Blue Hawaii
5a75e29f5542992d0ec0600c	What Actor whose birth name was Charles Dennis Buchinsky, was part of the Leslie Nielsen comedy?
5ae397df5542994393b9e71f	What major landform lended its name to both the Blue Ridge Music Center, and American's longest linear park?
5a825b0e55429954d2e2eb0c	The Lucy Maud Montgomery novel about the character Anne Shirley was first translated into Japanese by what woman?
5ab56b9b5542997d4ad1f113	What is this fictional scientifically and technologically advanced militaristic alien race, from which Sequoia descends, is called?
5ae1f48d554299234fd0436b	AnnoZero had a collaborator who is a member of which ancient aristocratic house?
5a8760e75542996e4f3087af	What Friday night programming block included what collective series that includes "Whatever Happened to... Robot Jones?"?
5a8f51185542992414482a3d	The primary jockey of Binocular was Champion Jockey how many consecutive times?
5ade66dd55429975fa854ebe	SMS Emden mounted a symbol on her stem-head from what Kingdom?
5ae256435542992decbdccc3	In what year did the playwright who wrote "The City Heiress" die?
5ae1d52f554299234fd04315	Thursday Night Showcase is sponsored by the firm that is headquartered in what city?
5a747a3755429974ef308c09	What two occupations did Scott Weiland and Richard Hawley have in common?
5a7ec6f355429934daa2fc61	Which magazine is based out of more countries, Adventist World or Baseball Digest?
5ab69f9a554299710c8d1ef8	The fictional private detective that appears in "The Adventure of the Seven Clocks" what written by whom?
5a75e814554299109176e5c7	Which Republican Chairman was born June 1, 1956?
5ab3c53955429969a97a81b9	Who won the special election in 2014 to replace Bill Young?
5ab46f4e5542991751b4d770	Who provided the source material for the 2015 Australian revenge comedy-drama film in which Rebecca Gibney featured?
5ae3dfb05542992e3233c490	The 1991–92 NBA season included an Achilles tendon injury to which nine-time NBA All-Star?
5ac13f425542991316484a96	Which airport is used for both public and military, Shenandoah Valley Regional Airport or Louisville International Airport?
5ab5d2ac5542992aa134a3a6	Tom Araya and Marcus Mumford were both what?
5ac286c055429963665199f8	Grammy winner for song of the year, also put out a 1971 album by the Carpenters, but what song did he win an Academy Award for Best Original Songs?
5abb0b5c5542996cc5e49f79	New Hampshire Northcoast Corporation interchanges cars with which holding company of Class II regional railroads?
5a90937955429933b8a20568	The father of Manning Marius Kimmel retired from the Navy in what year?
5a7a5ccf55429941d65f25d7	Who is older Charles R. Black Jr. or Paul Manafort?
5a80d6be55429938b6142206	What university did the winner of the 2014 CFL's Most Outstanding Defensive Player Award attend?
5ae7e8b855429952e35ea9dd	What single was released by a American country singer, songwriter and multi-instrumentalist on MCA Nashville in 2000?
5a895f6155429946c8d6e914	What was the position in the United States Army of the Lieutenant general that Confederate General Robert E. Lee surrendered to?
5abda8d55542992ac4f382e7	Who is the sister of Princess Zein and the daughter of a British woman?
5abdce1b5542993062266cfe	What Minnesota county is the University of Minnesota in?
5ac2c338554299657fa29039	How many personnel does the Navy that had Gilliam-class atttack transports have on active duty?
5ade64c7554299728e26c710	Is Northeast Florida Regional Airport farther from St. Augustine than Glacier Park International Airport is to Kalispell?
5a8646ec5542991e771815f2	Stig Lennart Blomqvist drove which car produced by German automobile manufacturer?
5a89d48c554299515336132e	What Electoral Division in Victoria contained a suburb of Melbourne with a population of 25,147 at the 2016 Census?
5a84c5545542991dd0999dee	When did the car depicted on the cover of Pentastar: In the Style of Demons cease production?
5a8d40585542994ba4e3dc39	When was the younger brother of Farshid Karimi born ?
5abbee315542993f40c73c1d	Could you read both Bicycling and National Review
5abbbaca55429931dba144ca	Honeymoon Academy starred Robert hays, which award did his co-star win?
5ab520645542991779162d85	The comedian who starred in "Gone Are the Dayes" made his big break in which show?
5a7f53445542992097ad2f15	Which star of A Family Affair was born in September of 1948?
5a77ad2f55429967ab105225	Sony/Philips Digital Interface Format can transmit over what Toshiba optical fiber connector system?
5a84a97f5542992a431d1a87	Which British engineering company is best known for its luxury motor cars in the era of British history that covers the brief reign of King Edward VII?
5ab6f7415542991d322236f4	Sadok Sassi played for a national team that made its first World Cup in what year?
5a8e0b7f5542995085b373ae	Mount Gunnison was named in honor of an explorer born in what year?
5a8d8f77554299068b959d3e	Stephen Smith appears on ESPN First Take alongside which HBO boxing commentator?
5ae267a35542992decbdccee	Inductivism was a scientific method attributed to a man that served in what two capacities?
5ae721c15542996d980e7cbc	Raúl Arellano played for Mexico in which football tournament in 1954?
5ac2782d55429963665199cc	Aleksandras Stulginskis' successor held office between what dates?
5a758ba75542992db9473677	Who was born first Garo Yepremian or Michael Casey ?
5a8d77525542994ba4e3dc90	The Northern Circuit dates from a year when a King of England married to whom sent his justices on circuit?
5abbfa8f55429965836003cc	What is the English translation of the tier four league that TSV Schilksee was promoted to in 2014, following a league championship in the Schleswig-Holstein-Liga?
5ae0ec48554299422ee9955a	How was Ada Lovelace, the first computer programmer, related to Lord Byron in Childe Byron?
5a8f7a7055429918e830d230	The Midland Regional Hospital in managed by what cabinet that exercises executive authority in the Republic of Ireland?
5ade82ba5542992fa25da7a3	Are Catasetum and Origanum in the same family?
5a7a48c45542994f819ef1b7	With whom was a notable partner of Elena Krykanova a two-time Olympic champion with?
5ab2deb75542991669774118	Which Austrian and later American chess master who was also a highly influential writer and chess theoretician competed for the first contest  that was defined "in advance" as being for the world championship?
5a823fbf55429903bc27ba54	Grigori 3's music is commonly compared to an American rock band founded in what year?
5a8f5a185542992414482a71	Of these two publication--Báiki and Sick--what type of publication is the one that was published most frequently?
5ab2b1e05542997061209685	What show does the host of The 2011 Teen Choice Awards ceremony currently star on?
5a828c3355429940e5e1a8f0	Kung Fu Magoo is a Mexican-American animated action comedy film with an English voice cast star best known for her roll as what in "Naruto"?
5ab851e35542990e739ec8c3	A. N. Prabhu Deva is the former vice chancellor of a university located in what state?
5a8e3ed7554299068b959e82	Which band did this American businessman, music publisher, writers' representative, filmmaker and record label executive manage while simultaneously managing this group of the album "More Hot Rocks?"
5a7be294554299294a54ab44	Bill McCollum took a leadership role in the Senate trial that began on which date?
5ae04ea555429924de1b709e	Rawlins Park is a small public park in a neighborhood that got its name due to what ?
5a728f3c5542992359bc30f4	Which football club appeared in the 2015 FA Community Shield Cup, as well as, the 2014–15 Premier League championship?
5ac3959855429939154137f0	What is the name of the role that Cleo Demetriou played in the series So Awkward ?
5a8782f25542996e4f308818	Live Acoustic America features a cover of a Beatles song that peaked at what number in the United Kingdom?
5ae791245542997b22f6a7a3	Nikhil Nanda is the son of the insurance advisor in what business?
5ae5366e5542990ba0bbb22b	Æthelweard was an author of a Latin version of which collection of Old English annals?
5abadcb35542996606241647	The languages Hussein Ali Mahfouz studied are spoken by how many people?
5ab7f78f5542991d322237e6	Co-Dependents' Day is an episode of a tv show season which began when?
5a79178d554299029c4b5ef9	Which member of the music group Guy spearheaded the fusion genre New Jack Swing with Bernard Belle in the 1980's?
5a8c5eca554299240d9c213d	What are the anchor stores for the shopping mall constructed by C.J. Segerstrom & Sons in California?
5ae5c212554299546bf82f4b	The Clavivox was invented by an American composer who was born Harry Warnow in what year?
5ae736cb5542991bbc9761c2	This aircraft carrier served as a recovery ship for this flight which circled the earth how many times?
5ab9b939554299743d22ebca	What is the name of this American entrepreneur-businessman and author from Michigan, who incumbent Governor Jennifer Granholm was elected over in the 2005 Michigan gubernatorial election?
5a8463d05542990548d0b2a5	What American actress stars in Tainted?
5a7da6015542995f4f40229d	What was the third studio album released by Richard Melville Hall?
5ab2f85b55429929539468dc	The Oera Linda Book is a manuscript written in a language spoken between what centuries?
5a75f7db5542994ccc918670	Which breed of dog was first recognized by their country's official kennel club, the American Hairless Terrier or the Saint-Usuge Spaniel?
5abfa5fb5542990832d3a183	Where is the  city and "comune" in Emilia-Romagna in which talian Renaissance painter ;Ludovico Mazzolino located
5ae588cb55429960a22e0300	Which plant, the Chaerophyllum or the Cryptanthus, can be found in various places across the world?
5a7ab1e955429931da12c95d	Where are the main administrative offices of the institute located where K. S. Babu earned his PhD in 1986?
5a79c8945542994bb945709e	What year did the director of "Madadayo" die?
5ac0805f5542992a796ded29	When was the author of "Albert Speer: His Battle with Truth"  convicted?
5ab310bb554299233954fef9	Which author found inspiration in their career prior to writing, Hart Crane or John le Carré?
5ade4801554299728e26c6ab	Wolf and Sheep was screened at which 2016 film festival?
5aba33985542994dbf0198c3	Who was undefeated since the Athens games with 28 medals?
5ac3e01d5542997ea680c969	Dianne Hiles is the current Australian Greens candidate for which 1968 federal proclamation?
5ab3a84b554299233954ff7b	What year did a Russian soprano opera singer born in October 1926 leave Russia with her cellist husband and daughter?
5ab8723c55429934fafe6dbc	The 2013–14 Phoenix Suns season brought back a player who now plays for what team?
5a8ad2f3554299515336138d	Vices and Virtues, coincidentally released just four days after "Vices & Virtues" by Las Vegas band Panic! at the Disco, was the second studio album by which Canadian rock band?
5a83a7e15542992ef85e2347	Who voices Homer Simpson's character on the animated television series?
5ab9625e55429970cfb8eaa9	Fort Snelling spurred growth of Saint Paul was located in this county?
5a77b1a75542992a6e59df8d	Which American artist, who also illustrated works by Bill Nye and George W. Peck, illustrated an 1876 novel by Mark Twain about a young boy growing up along the Mississippi River?
5a8612d45542996432c5719b	Are both Grapico and Izze artificially flavored soft drinks?
5a8f2fed55429918e830d1c7	Both Bo Diddley and The Yardbirds played which common genre of music during their careers?
5a78ce5d55429974737f78ac	The southernmost administrative region of Denmark is well-known for creating what products?
5ae7f6be554299540e5a56db	Jim Betts ran against the first American to orbit what?
5a7bc5f255429927d897c03e	Luther: The Calling is based on the BBC crime drama comprising six episodes that were run in which year?
5a88b513554299206df2b338	What type of place does Regency Road, Adelaide and Klemzig, South Australia have in common?
5ac0e0c75542997d64295a6e	Reggaetón Lento is a song by the boy band formed on which date?
5a7284c85542991f9a20c4c0	What team is coached by former head college coach Connie Yori?
5a7263e05542997f82783998	What medieval fortress is believed to refer to a chapel at the bottom of a hill?
5ab96bf15542996be20204d8	Who was the biological father of the emperor who built the Nemi Ships?
5addfdf65542992200553bd2	The Last Run is a drama film that stars which Lithuanian-American actor?
5ac06e24554299294b218fd1	What was the manager for the 1891 Cincinnati Kelly's Killers also commonly known as?
5adc914d5542994ed6169b90	The British longhair is defined by what registries?
5addc79d5542995b365fab7b	Which episode of SpongeBob SquarePants aired first, The Clash of Triton or To SquarePants or Not to SquarePants?"
5aba7a22554299232ef4a2e7	The Indigenous Team of the Century's coach played over how many games at senior level?
5ab6644655429954757d327d	What team competed in six competitions in their 116th season, and four in their 117th?
5a8edb7f55429917b4a5bdeb	Is 4 World Trade Center or Trump Palace Condominiums higher?
5a8e341c5542995085b373d6	Were either Hou Hsiao-hsien or Kenny Ortega winners of an Academy Award?
5ab931475542991b5579f12f	Which country in Florida is the airport associated with transportation in Jacksonville, Florida?
5a731c205542994cef4bc45d	A business such as Eatza Pizza or Pizza Fusion, which have more then 10 locations are considered to be what?
5a7b971255429927d897bff3	What season of Gilmore Girls featured an actress as a maid of honor who had also played the role of Winnie Foster?
5a8ced46554299441c6b9f82	When was the father of the professional ice hockey player with the middle name "Fosgaard" born?
5a7c988755429935c91b524d	A play that was first performed on February 16th, 1728, at the Theatre Royal, was written by an English novelist who was also the author of what novel?
5ac175635542994ab5c67d4b	Who replaced the manager of the Aston Villa that began at Leeds United?
5a835b88554299123d8c2101	Arnold Richards was the former chair of what organization that is a member of the Center for Jewish History?
5a7a1f795542996c55b2dd1b	If Selfridges in London is the UK's second largest shop, which store - today owned by the State of Qatar - is the biggest?
5abb7ff15542996cc5e4a015	Jamal Igle was known for illustrative work on which DC Comics publication?
5a84b5ac5542991dd0999da4	Which Bulldog includes breeds such as "Standard" and "Classic," the French Bulldog or the American Bulldog?
5a88a5645542997e5c09a679	Which was published first, Take It Easy or Personal Preference?
5a8bba645542995e66a474e5	When was the  Australian competition NSWRL formed in which H Kaufman was a rugby league player?
5a73024f5542991f9a20c5fc	what year was the cover artist of Multiverse: Exploring Poul Anderson's Worlds born ?
5ab68a71554299710c8d1ec2	Which breed of Dog was developed in Germany, The Large Münsterländer or Bracco Italiano?
5a78f18855429974737f7915	Orange is the New Black, starring Annie Golden as Norma Romano, takes place in which minimum-security federal prison?
5abb729b5542993f40c73af4	On what part of U.S Route 56 can you listen to the KCTV?
5ae490a85542995ad6573d9d	Reinhold O. Schmidt was a UFO contactee in the same era as which Polish-American citizen?
5a796bfd55429970f5fffeac	What adorns the archaeological artefact excavated by Thomas Bateman on 3 May 1848?
5a7c6c9d554299683c1c6302	In what county was Duffy Jackson born?
5ac0fd56554299012d1db679	Carrie Coon plays Margo Dunne in a 2014 film set in what state?
5a777ca855429949eeb29e6a	What company produced both The Little Mermaid and The Strongest Man in the World?
5a909a1a55429916514e7506	Who played Dominic Toretto in all eight films, starting in 2001, from Universal's biggest film franchise ever?
5a734ca85542994cef4bc51b	Alhambra and Tsuro are both examples of what type of game?
5a82028a554299676cceb1d6	What defines Downers Grove as a thriller?
5ac43ddf5542995c82c4ad08	What substance is always in a trap to prevent the passage of anything from either direction,  even sewer gases?
5ae644cc55429908198fa568	Which Independent Spirit Award was an actress, who was in a film directed by Neil LaBute, nominated for?
5adfec5f55429942ec259b8d	Are Mirpur University of Science and Technology and University of Debrecen both Universities located outside of the United States?
5a749e1855429979e28829c3	Which tennis player is older, Emilio Sánchez or Andrei Olhovskiy?
5ae31ca155429928c4239608	Lucy Pevensie is a character in the series of fantasy novels that have sold more than how many copies?
5a79cabc5542994f819ef0a1	Who was the final champion of the Thailand Masters that was from Hong Kong?
5a77a3a355429967ab105211	James Davidson reported on which infamous American serial killers?
5ae55ec855429908b63265f5	The 45th president of the United States did what to the Grand Hyatt New York?
5ae14b0655429920d52343a6	Bangalore Naatkal starred which actor and photographer?
5a74f8235542993748c89766	The Havanese and the Black Mouth Cur are both which kind of animal?
5adf8a065542992d7e9f9392	In what year did the Tornoto International Film Fesitval premiere a movie produced by BBC Films?
5a7a0201554299029c4b5f9e	Which of the starting pitchers for Team USA in the Baseball at the 2000 Summer Olympics was not born August 29, 1977?
5ac322c95542995ef918c117	Which magazine had more previous names, Watercolor Artist or The General?
5abc184a5542993a06baf863	Who directed the 2015 South Korean drama film starring Hwang Jung-min?
5ae798ce55429952e35ea995	The type of language spoken in Cadore is of which family?
5ae61e7555429929b0807adf	Renzo Gracie has a victory over the UFC champion who was one of the pioneers of what sports organization?
5a71278c5542994082a3e5e2	What North Carolina native did Danja produce songs for?
5ab91ef3554299753720f708	Gene Sculatti write for CREEM sometime in the 60s or 70s, what famous term did CREEM coin for describing a genre of rock?
5ae3376455429928c4239688	What NFL Team, undefeated in 1972, had on their staff the coach of the 2004 Florida Atlantic Owls football team?
5a8c7057554299653c1aa066	Both the 2010–11 UEFA Champions League knockout phase  and 011 UEFA Champions League Final were held at what London stadium?
5a8e08ab5542995085b37393	Who is the mother of the king that Walchelin de Ferriers was principal captain to?
5ac19ff65542994d76dcce8f	Is The Devils of Loudun and Maskarade both operas?
5ab88c075542991b5579efbe	Which "The Chronicles of Narnia" character is prominently featured in "The Lion, the Witch and the Wardrobe" and is a close friend with Lucy Pevensie whom she meets in the Lantern Waste.
5a7438ec55429979e28828b8	W. Tresper Clarke High School is in what county?
5a7663665542992d0ec060d3	What election will take place on the same day as the United States Senate election in Texas?
5a737d3c55429908901be2c8	I Can See Your Voice, a reality show from South Korea, offers what kind of performers a chance to make their dreams of stardom a reality?
5a75e16055429976ec32bc6a	Miller County is named after a governor who was born in which year ?
5ab46d195542991751b4d76a	Whistle and Yodel both specialize in what service?
5ae1d32a554299492dc91b9c	What year did Fifty Shades of Grey release?
5ac4edf155429924173fb4e3	One of the actors in the film Dhruva Natchathiram was awarded an Honorary Doctorate by the People's University of Milan in what year?
5a861ea85542994775f60700	Were Robert Holdstock and H. L. Mencken both known for being satirists?
5ae0aabc55429945ae9593fe	Veljko Čubrilović was involved in the assassination of which heir to the Austro-Hungarian throne?
5a7c4e655542990527d55489	Which actress does this Netflix's project by Nick Bernardone and Tina Fey star in the title role?
5a7e058f5542995f4f402390	Ann Killion co-authored a memoir with the American soccer goalkeeper who won how many Olympic golds?
5a7ef6b35542994959419a94	What region of Italy was Giorgio Pini born in?
5adcf8155542990d50227d6a	What is the name of  rocker, who was awarded "Rock Goddess of the Year" in the Annual Loudwide Music Awards, who sang with high pitched screams in her band's albums?
5a778d7855429967ab1051fa	Who has a dedication on the score of the one-act opera buffa, Mavra, and whose music made a lasting international impression as a Russian composer?
5ae26b5f5542992decbdccf8	What was the occupation of the man who played a leading role in developing a man-portable recoilless anti-tank rocket launcher weapon?
5a8ba3ff55429971feec4744	Stokely Webster has paintings can be found at the official residence of whom?
5a85fc995542996432c5715f	Who won more academy awards,  Joseph L. Mankiewicz or Tony Kaye?
5a8efb5a55429918e830d172	What country is the member of Gujarat Legislative Assembly and parliament representing?
5a7cd66a554299452d57ba90	Which band had more members, Semisonic or Cake?
5ac0dcf25542996f0d89cc2c	Who is writing a book about the Koch family who control the second-largest privately owned company in the United States?
5ab9d0b755429955dce3ed8f	Which sister of Margarita "Peggy" Schuyler Van Rensselaer is sometimes called Betsey?
5a90cb205542995651fb51fe	Who was the probably maternal grandfather of Edmund II?
5ae198bf5542997b2ef7d20d	Were Chad Gray and Dickie Peterson both singers?
5ab36c3f55429969a97a8146	Who designed the theater where the London Philharmonic Orchestra plays?
5ab278745542997061209617	What guitarist played with both Device and the American industrial rock group whose debut album was named "Short Bus"?
5ae3dcc05542991a06ce9a33	Thomas Tull produced the comedy movie The Hangover, which was based in which city?
5a75639255429916b01642f7	What role did Ben Keaton play in the british film East is East written by Ayub Khan-Din?
5a7619765542992db9473728	In 1632, where was one of the most highly acclaimed English architects born?
5ae76e615542997ec2727647	Alternative facts is a phrase use by this U.S. Counselor to the President born in what year?
5ac3d9135542995c82c4ac4c	What is the population of the city that Munsonville is in the northwest corner of?
5a85441f5542997175ce1faa	A relative of the emu is native to which continent?
5a82accd55429966c78a6a78	Are the Barton Mine and Hermiston-McCauley Mine located in The United States of America?
5ae1847e55429920d52343ee	Which has a greater area, Liuzhou or Muling?
5a7b581a5542992d025e6815	Blank Check and Air Bud are both examples of what type of movie?
5a72f45a5542992359bc31e6	What is the name of the former MGM Grand Garden Special Events Center where the Mayweather-Ortiz fight took place?
5a74d4f355429974ef308c79	Who assassinated the 20th President of the United States?
5ab9d02155429970cfb8ebb0	Jared Has Aides was about the spokesperson for which company?
5ab71a6a5542991d3222377c	The debut album came out in 1988 but what year did the song "She's My Baby" come out in?
5a7dab795542990b8f503a22	El Chavo is a video game published by Slang Publishing, that was based on what Mexican animated series that was based on another TV series created by Roberto Gomez Bolanos?
5a779fd95542997042120ab5	In what year were the European Athletics Junior Championships held in the capital of Slovenia?
5a78d9c455429970f5fffda7	The 1st Alabama Siege Artillery Unit were massacred by Confederate troops under whose command?
5a719bf25542994082a3e891	The astronomer who formulated the theory of stellar nucleosynthesis co-authored what landmark paper?
5adf37955542993a75d2642e	What year did the actor, who appeared in "One Life to Live" and "General Hospital" in 2012, earn a Daytime Emmy Award?
5ab70f79554299110f219aa9	What is the nationality of this company that services MS Moby Dada?
5ae236b2554299495565da3e	When was the American economist to which Joseph A. Loftus worked as a communications assistant born?
5ae3599b5542992e3233c39d	What are the names of the brothers of the special effects supervisor, known for his work on the films based on the Marvel Comics superhero team?
5ae1f8235542997f29b3c1cf	Charles Scribner's Sons publishes the books of what author whose books cover subjects such as the Cold War, mathematics, politics, and economics, and global terrorism?
5ae7bdc05542993210983f29	Which two Swiss attractions were the cause of the "grand hotels" in which Jakob Ragaz worked on?
5a7ef49a5542994959419a91	When was the eighth season renewed for the series starring Al Harrington?
5a8f1672554299458435d558	Which genus contains more species, Crowea or Dracula?
5a835e215542992ef85e2296	Between Pine and Butea, which genus has the greatest number of species?
5adffc8d55429925eb1afbc6	What where Mark Chamberlain and Alex Oxlade-Chamberlain being?
5ae1e1e55542997f29b3c15e	Lenroy Thomas is the current commonwealth heavyweight champion after beating a British , professional boxer who has a record of 12 wins, 3 defeats, and how many draws?
5ab27f7b554299722f9b4d4f	Who was the head promotor of the singer of "For The Good Times"?
5ae30aa05542992decbdcdd7	The design team for role playing game Black Crusade featured the work of this designer who was the lead developer for what game?
5ab502ae5542991779162d4c	What position in the court does the Professor of Law at the Interdisciplinary Center in Herzliya hold?
5ac1b6845542994d76dccecb	Are Jon Krakauer and M. P. Shiel both writers?
5a7323ef5542994cef4bc477	Which battle took place first out of the Battle of the Ch'ongch'on River and the Battle of Tarawa?
5adcfba05542990d50227d83	The Story of the Man Who Turned into a Dog is a type of play that fits into the genre that was founded during what era?
5a72239a55429971e9dc92cf	Who was soldier Archie A. Peck's commanding officer during the Meuse-Argonne Offensive?
5ab521575542996a3a96a02e	Is Xingcheng or Ulan Hot located in the Inner Mongolia region of China?
5ab6c4e055429953192ad386	The television director and producer that won a Daytime Emmy Award for work on American television special that airs on Christmas Day on ABC won and Emmy Award for what?
5a7c0dab5542997c3ec972d2	Los Angeles Historic-Cultural Monument (No. 139) hosted an event by what organization on Oct 12, 1991?
5abccb235542996583600497	Where does the team coached by someone with the nickname "Coach K" play?
5a8b9cd65542997f31a41d8b	Whose third name comes first in alphabetical order, Juan Carlos Onetti or Richard Llewellyn?
5a8ce584554299585d9e375c	Which town in New Hampshire with a population of 5,457 in 2010 is located by Mount Monadnock?
5ab6c47e55429954757d3368	Adam Fox was one of the first members of an informal literary discussion group associated with what University?
5a7211e655429971e9dc923c	What Finnish Christmas figure, which eventually become more or less conflated with Santa Claus, has modern representations typically made of straw.?
5ae114f155429901ffe4ad5c	Do the documentaries Hot Girls Wanted and The Truth According to Wikipedia have the same director?
5ab6faec5542991d32223708	Who has won more literary awards, Annie Dillard or Gabriel García Márquez?
5a7f3d9b5542992e7d278cb8	What was the author of Freeway Warrior's original occupation?
5ade8f5955429975fa854f10	What role was played in "Who Framed Roger Rabbit" by the actor who played an Addams Family character played by Jackie Coogan in the original television series?
5a8e32d35542995a26add480	The Experts stars what actor known for "Saturday Night Fever" and "Grease"?
5ae0bc185542993d6555ec29	Penny Rae Bridges starred in a television sitcom with what other actor?
5abd0814554299700f9d797a	Jimmy D'Arcy played in Northern Ireland for the team based in what county?
5ae560155542990ba0bbb293	Were The Living Desert and What Would Jesus Buy? directed by the same person?
5a8901a2554299515336125a	Ghostkeeper's plot is inspired by a legend that lends its name to what type of medical condition?
5ade4fcc5542997c77adeded	Multiculturalism in the Netherlands reached new heights following the murder in 2002, in part, with what Dutch politician, civil servant, socialogist and professor who formed his own party?
5a74c6a655429974ef308c5d	Who was born first Margaret Pellegrini or Jerry Maren?
5a84a4e35542992a431d1a81	Does Jimmy Barnes have more hits, both solo and in a group, than Yang Seung-ho has with his group?
5adf9ea05542992d7e9f93bf	What running back ended his career in 2006 and was one of the rushers Matt O'Dwyer blocked for?
5ab2e9b4554299340b525565	What nationality is Amed Rosario, the shortstop for the New York Mets?
5abdbf3755429933744ab818	Have Tionne Watkins and Park So-yeon both been members of a girl group?
5adf04915542995534e8c72f	Which publisher produced the comic books featuring both Spider-Man and the Daredevils?
5ae127ba55429920d52342d3	Rocket Rods was a high-speed thrill attraction opened in 1998 on the existing infrastructure of a transport attraction that operated until when?
5a7353b35542994cef4bc54f	What kind of building did the Romans use that is still the most common architectural style for churches in Europe and America?
5abe436455429976d4830ac6	Which American actors and comedian played a New York City tailor in The Angel Levine?
5abd72475542993062266c9a	Are After Midnight Project and Aaroh both rock bands?
5a7326cd5542991f29ee2d11	In the television series Green Hornet, which actor played the role of Kato?
5ac3d7f8554299076e296cb0	The Feminine Touch is a drama film starring which English actress?
5adf8ad25542993344016ce7	The College of Arts and Sciences of Ohio University is located on the university's central quadrangle lawn, which sits aligned to the cardinal directions, with what building facing true north?
5ab9631a55429970cfb8eaad	Who made a hip-hop album with guest appearances from Justice, Lotek and Necro and also wrote semi-autobiographical crime books?
5ae72ab25542991e8301cb77	Spider9 was founded in 2011 by the head of which subsidiary of Wanxiang Group?
5abe5ee955429976d4830b03	Kathleen Matthews holds what political position in the Maryland Democratic Party?
5a871a5e5542996432c5721e	What character did James Byron Dean play in his final lead role, which earned him his second Academy Award?
5a7607b6554299109176e619	What is the name of the man who was partners with the electrical engineer that was awarded the Nobel Prize in Physics in December 2000?
5a865bbf5542991e77181615	what movie starring Melissa McCarthy features a character named Slimer?
5ab878ba55429916710eb06c	Which game was published first, Near and Far or King of Tokyo?
5ac2f34455429921a00ab0b6	What university did Bill Daly graduate that Gary Bettman also graduated from?
5a82626655429966c78a6a08	Who has been a member of more music bands, Ian MacKaye or Brody Dalle?
5a7cb84a554299683c1c6350	When did British politician Damian Green state that said that e-Borders would be collecting information an all passengers on 100% of non-EEA flights to the UK?
5a7aa07d55429941d65f2703	Who directed the film in which Catherine Ann "Kate" Bosworth made her debut?
5ac0e74d554299294b219052	Which is published in France, Avantages or InStyle?
5a7b2c9155429927d897bf51	Who was born first, Little Feat's Lowell George, or Ian Hunter from Mott the Hoople?
5ae7fa5a554299540e5a56e4	Nochnye Snaipery was founded by Svetlana Surganova and a female who is an Honored Artist of where?
5a84b0705542991dd0999d86	Which 8-year old star of an epistolary novel turned musical by Alice Walker also voiced Frankie Greene in a Disney series?
5ae712fa554299572ea546b9	What was the name of the band of Confederate army deserters in the 2016 movie starring Matthew McConaughey, Gugu Mbatha-Raw, and Keri Russell?
5abc3c545542993a06baf89f	Codex Escalada shows an apparition to the saint that is a native of which country?
5a8135cc55429903bc27b943	In the USA, gun powder is used in conjunction with this to start the Boomershot.
5a8dd5b855429917b4a5bcc6	What political party is the current Attorney General of Missouri associated with?
5ab9188c5542991b5579f0f5	What kind of music do The Stone Roses and The Lemonheads play?
5ab615cf554299488d4d9aa3	Dawn Lake described the star of "I Love Lucy" as what?
5ab299d6554299449642c926	Which will be higher Time Warner Center or One Manhattan Square ?
5ab801da5542990e739ec7c9	Singer Eddie Fisher, who produced the album "I'm in the Mood for Love" in 1952, later had a scandalous affair with what actress?
5ab83e1a55429919ba4e2280	What game where a play must act as a night security guard was a new intellectual property released in 2014?
5a70f11a5542994082a3e40b	Which dog breed, the Schapendoes or the Bull Terrier, has its origins in a greater number of other dog breeds?
5a7a098d5542996c55b2dce3	Dane William DeHaan starred in a movie directed by Anton Corbijn along side which actor?
5ae614215542992663a4f254	Name an American actress who starred both in High School High and General Hospital.
5a8f6b7c5542992414482abc	What was the original name of the female singing group that recorded "The Happening"?
5ac24ad7554299636651995a	Which was Disney's 2nd animated production, Pinocchio or Home on the Range?
5adc0e395542996e685252c1	Dum Dum Motijheel College is located in the capital of West Bengal?
5a778f515542995d831811cd	What was the nickname of the author of the comic strip on which a a 2015 American 3D computer-animated comedy film produced by Blue Sky Studios and distributed by 20th Century Fox was based?
5abe67ae5542991f6610616b	What is the name of the region that includes the cities Dover and Portsmouth, New Hampshire?
5ac35a7e554299741d48a257	what language did the ethnic group which Torstein Ellingsen was its drumer  speaks
5abfe2a15542997d6429591c	What is the National Grape Cooperative Association classified as?
5ae034bd55429925eb1afc2a	Which  American politician and lawyer contested in San Francisco mayoral election, 2003
5adebbbd554299728e26c793	Northland Mall was the first directionally-named shopping center in Columbus, 5 years before which shopping center at the intersection of US-40 and I-270?
5ac0d5a1554299294b219025	Dangerous is a book by which political commentator?
5a8a5c0d554299515336137b	What professional dancers twice turned on a lights festival taking place on the Fylde Coast in Lancashire?
5abc3f505542993a06baf8b2	When was the American film, television and theater actress born who was a star in the film the Matchmaker and also received the 40th AFI Life Achievement Award?
5add78bf5542992ae4cec57b	In between Thomas Anders and Micky Dolenz, who was the a vocalist of the Monkees?
5ae326e95542990afbd1e0b6	Where is the American Hockey League, that Dan Frawley played in, located?
5a8f536c5542992414482a4e	John Douglas Gibson lived his whole life in a suburb of what city?
5ac4a5de5542995c82c4ad6e	Are Pago Pago International Airport and Hoonah Airport both on American territory?
5a77452155429972597f14e1	Which pizza chain has locations in more cities, Round Table Pizza or Marion's Piazza?
5a80427c5542996402f6a49f	What stagecoach robber did Frederick John Fulton prosecute?
5ab3849a55429969a97a8170	What part did Dan Lewis play for Arsenal Football Club?
5a8b3de95542997f31a41cc3	In what year was the most famous statute at Po Lin Monastery built?
5a843de75542992ef85e23b4	Which pirate-themed Las Vegas resort is one of many developed by Steve Wynn?
5a80ad205542992bc0c4a79d	Who preceded the man who had the Nassak Diamond cut and placed into the handle of his sword?
5ae69df255429908198fa664	In what year was the singer whose second remix album was "Hannah Montana Hits Remixed" born?
5ac2455e55429951e9e68512	Which is a formal name of a species of tree, Bee tree or Microcachrys?
5ac3b07055429939154138b8	What is the largest non-capital city in Queensland, Australia that includes a suburb named after Helena White?
5a7339c85542991f9a20c6a2	What is the nickname of the county in Northern Ireland where the Tandragee killings took place?
5abcef9e55429959677d6b52	Ellesmere Port Town Football Club are currently members of what English football league whose current principal sponsor is Carlsberg?
5a8f122955429918e830d17f	Is the Metropolitan Tower or 750 7th Avenue Skyscaper taller?
5a7f22005542993067513656	Among Kele Okereke and Jon Hume who made the New Zealand band Evermore?
5ae077735542993d6555eb6d	What type of sprite did Milada Šubrtová portray in Antonín Dvořák's reknowned opera?
5ac0e0e25542997d64295a6f	Dionne Bunsha worked most recently for the magazine published by what company?
5a7c80ab55429907fabeefa3	The Carlsberg Group brews a Belgian beer originally made by monks of what order?
5abe03635542991f661060a5	What is the middle name of the former Stanford Cardinals player who caught 57 passes for 1010 yards and 14 TDs?
5ac272f95542992f1f2b38d3	Are Couroupita and Graptopetalum plants both native to central America?
5ae3cd685542990afbd1e1de	What ethnicity are french people referring to when they use the term banlieues?
5ae1c90e554299234fd042f7	Which CEO of FedEx becked  Value America
5ab67ce2554299710c8d1ead	Which has more species in Asia, Disporum or Boltonia?
5a7a59d15542996c55b2dd67	What other female rappers appeared Brittany Nicole Carpentero in the official remix to My Chick Bad?
5a8849ac5542996e4f308932	What does the business Manny Cussins was chairman of make?
5a72bb045542994cef4bc3e4	The Nun is based on what film series based on the real life cases of Ed and Lorraine Warren?
5ae331fb55429928c4239670	What year did the father of Willem van Oldenbarnevelt die?
5ae5390355429960a22e0271	Are Xinxiang and Qionglai City both county-level cities?
5a7da9ae5542995f4f4022b1	What is older, Downfall or Dark Tower?
5a8b77705542995d1e6f13aa	What American broadcasting company broadcasted the comedy show hosted by Emma Willmann?
5a89810655429946c8d6e929	How long is the river The Atherton Bridge spans?
5abbd8655542992ccd8e7fba	Let Mother Earth Speak's Native American activist was born where?
5ac3c1805542995ef918c21f	The court in which the most important decisions of the "Black Book of the Admiralty" where established under a monarch who was also known as the what of Scots?
5ab627d555429953192ad27e	About Time is a  British romantic comedy-drama film that stars an Irish actor and writer who recieved a Bachelor of Arts from where?
5ac2ae4155429921a00ab030	which  Australian politician represented  Electoral district of Goulburn
5a74d9c555429929fddd84fb	What is the surname of the Italian composer of the works for which the baritone Giovanni Polese was celebrated?
5ab8829d55429934fafe6e08	The View from the Bottom is the fifth studio album by an American rock band best known for what hit song?
5ab5b732554299494045f03c	Which American swimmer, coached by Ray Looze, won a bronze medal in the men's 100 meter breaststroke at the 2016 Summer Olympics?
5a751bbe5542993748c897ba	Which 1962 film starring Tom Courtenay is based on a short story of the same name?
5aba11d25542994dbf0198a6	Which party dominated the last three elections of the state in which Arataca is a municipality?
5abcfd7e5542993a06baf9df	Igor Naming Agency named a resort located where?
5a8072a5554299485f5985f1	What separates the islands where the 2015 Africa Magic Viewers Choice Awards were held?
5a7507455542993748c8979d	Which film was released first, The Watercolor or Pokémon: Arceus and the Jewel of Life?
5ade0bc55542997545bbbe30	What role did Kim Dong-wook play in the 2012 South Korean historical film directed by Kim Dae-seung?
5a7af08655429931da12c989	What are caesium-137, radium and uranium-234 examples of?
5a8e463a5542995a26add4b7	Havelock Ellis and Arnold Bennett were both what?
5ab6ecd85542991d322236cf	The Carnaval del Pueblo is Eurpoe's largest celebration of what expression of the people of Latin America?
5ae3f0c85542995ad6573cb1	When was the album released for which Lady Gaga used for material for her Super Bowl LI halftime show?
5a8319b255429940e5e1a960	Who composed the theme music in 1989 of an animated television series which has the current arrangement by a person who  has scored or orchestrated music for more than 30 films and television shows?
5a8c2bb4554299240d9c20ac	What university in India hosts a literary festival which has had as a previous invitee the former Union Minister of Panchayati Raj?
5ae1ebf95542997283cd22f2	Mooreville, Mississippi is located on which Interstate highway that follows US Route 78?
5ac471a5554299194317399a	When was the Austrian "Schutzstaffel" (SS) officer born based on who's life Schapira co-authored a book?
5a78f8e555429970f5fffe01	The British diver featured in Splash! specializes in what event?
5ae47dd95542995ad6573d57	Who was the boyfriend of Thelma Lou in the series with Jim Nabors?
5abfd83f5542997ec76fd45c	Which genus has more species, Quesnelia or Honeysuckle?
5ab8ae585542991b5579efd8	In which year was the choreographer for "Best Foot Forward" born?
5a84bda45542992a431d1a96	Who was born in August and was a professor?
5a710bb15542994082a3e50d	Which American professional poker player also starred in the 2015 movie "Extraction"?
5a7270395542992359bc30a8	When was the city George Consider Hale was born in founded?
5a73d3ea5542992d56e7e3af	Which Native American activist was known for his involvement in the American Indian Movement which addresses incidents of police harassment and racism against Native Americans?
5a90b1635542990a984936a9	Who was the secretary to the Winter Queen?
5ae1f528554299234fd04370	What is the population of the town that starts with the letter "B" that is connected by State Route 582 to Las Vegas?
5a8ee02955429917b4a5bdfa	Rex Salas is an American record producer who worked with an American singer and actress who has been described as embodying female autonomy in a male-dominated industry, and is sometimes referred to as what?
5a7d9d2b5542997cc2c47464	Roy Shepherd was considered a faculty member of what combination of colleges/universities?
5ae3f1bb5542995ad6573cbe	Which is a type of herb, Brassia or Achimenes?
5ac3908e554299741d48a297	Currently, which division does the fighter, who lost to Jon Jones in the UFC 140 event, fight in?
5ae0e8c35542997b2ef7d064	What distinguishes the footwear brand referenced in the album Pork Soda?
5a8f45385542997ba9cb320a	Dahlia and Aruncus are both examples of what type of plant catagorization?
5ab82fe155429919ba4e225a	What is the name of one the Italian Navy's new warship?
5a89dca8554299669944a5dd	Carol Kane played the wife of which fictional character on Taxi?
5ac0aa595542992a796ded5a	Luis Gianneo was teacher of which chief exponent of Argentine folk music?
5a7e694a5542997cc2c4753d	Who was one of the star in the South Korean horror romantic comedy film of Hwang In-ho?
5a889d18554299206df2b310	What kind of group does Pinhead Gunpowder and Billie Joe Armstrong have in common?
5ab72d925542993667793f6e	What kind of group does Josey Scott and Kurt Cobain have in common?
5ae031c455429924de1b7055	How many major novels did the author write, whose 1811 book was adapted for a 2008 film with a screenplay by Andrew Davies ?
5a7180205542994082a3e856	The creator of "Wallace and Gromit" also created what animation comedy that matched animated zoo animals with a soundtrack of people talking about their homes?
5a88f2cc55429938390d3ffb	What year did the Jang Hoon directed film, starring Song Kang-ho in the title role and selected as the South Korean entry for the Best Foreign Language Film at the 90th Academy Awards, debut?
5a8a793555429930ff3c0de7	Did Zaza Pachulia win an NBA Championship with the Atlanta Hawks?
5ac4241e5542997ea680ca10	Camp Modin moved to the Belgrade Lakes region of Maine from its previous location in what Maine county?
5a8db788554299653c1aa145	Which male singer performed together with a female American singer, who was born in 1954 and whose third studio album was named Through His Eyes, have a hit duet with in 1985?
5ae49f2c5542995ad6573dc1	Radio On: A Listener's Diary is the first book by an author that voiced what character in the film "The Incredibles"?
5a89217455429938390d4039	What is the British acceptation of the type of sedan the Maruti Suzuki Dzire is?
5ae402085542995dadf242ca	W41AP is a station owned by the daily newspaper serving what nearby city in Erie County?
5ae760415542997b22f6a708	Which of the people that helped Max Hoffmann do defeat the Russia army was born on 9 April 1865?
5a8f5273554299458435d5b1	Bill Bryson grew up in a city that is the seat of which county ?
5ab4234f5542991751b4d685	Which magazine comes out more often, Out or Soap Opera Digest?
5a83d7535542993344746093	What other teams played in the same division that Chad Clements played in?
5a8933fe55429951533612df	The younger brother, who became king, of Princess Mafalda of Savoy reigned for how many days?
5ac3d2ac554299741d48a330	What has Henry Winkler worked as that Norman Foster has not?
5a83d0ed5542996488c2e4e7	Triangle Brewing Company was started by a founder who had experience as what non-commercial alcohol producer?
5a8c758d5542995e66a475ff	What netflix series, produced by Joe Swanberg, had an actress  best known for her role as Vanessa on "Atlanta"?
5adcb30b5542994d58a2f69f	are Pete Mangurian and Kirk Kerkorian both Americans ?
5a8f2cc855429918e830d1be	What is the legal name of Johnny Campbell's hometown?
5adcd28c5542994d58a2f6ea	What is the name of the company that is the successor to News Corporation following its split on 28 June 2013 that Paul Cheesbrough works for?
5a862c38554299211dda2a9a	What is the war that No. 22 Squadron RAAF followed as far as the Philippines sometimes called?
5ae12d5355429920d52342eb	When was the film containing the song "I'm still Here (Jim's Theme)" published?
5ac4e476554299076e296e34	One of Central Dublin's most historic working-class neighbourhoods is the home to a football club who were the first ever winners of what cup?
5ae13c5155429920d5234336	After partially sinking in 1994, Celestyal Crystal was rebuilt for the purpose of what Bermudian company?
5a81d6cd55429903bc27b9e0	Cartman Finds Love is an episode from the sitcom created by whom?
5ab624b855429953192ad26d	To Catch a Predator was devoted to impersonating people below the age of consent for which in North America varies by what?
5ae6940e5542991bbc97613f	What river is the city that Cyprus Classic Motorcycle Museum is in on the banks of?
5a89a128554299669944a552	Den Dover was born in a suburb with what total resident population?
5a8708ba55429960ec39b701	Snoop Dogg's Doggystyle and Snoop Dogg's Hustlaz: Diary of a Pimp are hip-hop music videos that feature what film genre?
5ade595e5542992fa25da761	The actress who portrayed C. C. Babcock on "The Nanny" played alongside which actor who portrayed Punk #1 in "Interface"?
5aba71be5542994dbf01990c	Panic! at the Disco released their 5th studio album on what date?
5a90b4fe55429916514e7525	How many films did the star of Tum Milo Toh Sahi appear in?
5ab281f45542993be8fa9938	How old was William DuVall when Black Gives Way to Blue was certified gold by the RIAA?
5adc9ebc5542994d58a2f681	Is The Joy Formidable or Sixpence None the Richer a christian rock band?
5add750c5542990dbb2f7e53	What Guiness World Record is held by the actor who stars as "Jack" in a series created by Jim O'Doherty?.
5ab80faf55429916710eafd9	What is the title of 1988 American historical drama film based upon Christopher Hampton's work, which Stephen Frears and John Malkovich were involved?
5aba7cb455429901930fa7eb	What honor has been received by both a former NASA Astronaut and the Founder of FlightSafety International?
5a7e71ab55429949594199bc	Perfect Imperfection is a 2016 Chinese romantic drama film starring a south Korean actor best known for his roles in what 2016 television drama?
5a7c34905542996dd594b8d5	Who was born first, Ana Kasparian or Andre Agassi?
5abdcaea55429965af743e4e	What kind of result does 2013 Ghana Movie Awards and A Northern Affair have in common?
5a7ddfc55542995f4f4022e9	Which of the following magazines covers cultural events in Greater Boston: The Arts Fuse or Visionaire?
5adca8215542994ed6169bbc	Which American actor tries to make his long distance relationship with Priya work in "The Infestation Hypothesis"
5a7f9cb55542995d8a8ddec1	IN what year were both Franz Ferdinand and Sunrise Avenue formed?
5ae7ad385542993210983ef0	Which guitarist that played on the LP Street Survivors and was a member of an American Southern Rock band from May 1976 until his death Oct 1977?
5a8f157e554299458435d54d	Tom Thumb Food & Pharmacy is part of the southern division of a grocery company based in what city?
5ae61bfd5542992663a4f261	Which teams did Jimmy Butler play and what role did he play on these teams?
5ae2c8b05542992decbdcd9d	What is the birthplace of YouTube's 2016 overview featured creator Wengie?
5ab2f6bd554299166977415e	Whose helmet is it discovered in 1939 which is well preserved and together with the Coppergate Helmet?
5a7744555542994aec3b725b	The Little River Railroad is operated between Maryville and what pioneer Appalachian and resort community?
5a8639545542991e771815c7	Whose given first name is longer, Theo Angelopoulos and Budd Boetticher (nicknames)?
5ae40a2955429970de88d8a3	In what Italian region was the House of Grimaldi?
5a7415cf55429979e28828a6	When did the person who claimed that Fidel Castro was killed in the 26th July Movement but was proven wrong by Herbert Matthews first serve as President of Cuba?
5abe3dc65542993f32c2a0c4	SWX Right Now airs on the station that broadcasts on what channel in Billings, Montana?
5add566b5542995b365fab14	What multinational networking and telecommunications equipment and services company used to occupy the space in Umea, Sweden that is now occupied by Minerva Gymnasium?
5ab925fd554299131ca42281	The lead vocalist of the group "Tenacious D" plays a supporting role along with Dennis Leary and Will Patton in a film that received what award at the 1999 Venice Film Festival?
5a72fc865542991f9a20c5e9	When did the coach of the 1963 Oklahoma Sooners football team die ?
5ae22a08554299234fd0440b	Which Canadian heavy metal band is Safe  the second EP by
5ab225565542993be8fa98bf	What child starred in a Chicago production of Alice Walker's 1982 novel?
5a8b78f055429971feec471a	Was Steve Sekely and Willian King Baggot known by multiple names or nicknames?
5ac5632e5542993e66e823d9	Is The Stuff of Legend and Babes in Toyland both entertainment?
5a79186f55429907847277af	Where is stadium that was named after Rodney Cline Carew?
5ac39bd8554299657fa290fe	Are both Ixia and Rhexia a plant genus?
5a75fa8c55429976ec32bcda	Who composed music for this 1941 American animated film with the main character of Jumbo Jr.?
5a7b1bb5554299042af8f6d4	What year was the alphabetically first writer of Fairytale of New York born?
5ab53ef1554299488d4d9920	In what directional area of Argentia would one find the Rio Hondo Department?
5abe3e545542993f32c2a0c7	Muslim Mahammad oglu Magomayev is the grandfther of what Soviet Azerbaijani singer who was dubbed the King of Songs?
5a83108d55429966c78a6b1e	Which cocktail's name describes how the drink looks, Blue Hawaii or Baby Guinness?
5ab3e4ee554299233954ffe1	Which University of Virginia alumnus also served under the 30th Governor of Kentucky?
5ab844815542992aa3b8c8af	What county is Icknield Walk First School located in?
5a79f95d5542996c55b2dcbd	The former British protectorate of Rhodesia became two countries with the Zambezi river as the border. Zimbabwe lies to the south; which country is north of the river?
5add8ec55542997545bbbd7e	Are both  Bright Eyes and Disturbed rock bands from America?
5a8f6e295542992414482ac6	The manufacturer that owns the company that currently produced and marketed Skittles is headquartered in what US state?
5ade26db5542997c77aded77	Why is Bangor Daily News talkin about Sawin Millett?
5a74167455429929fddd83dc	On which continent did Pia Miller make her appearance, in the teen magazine, Dolly?
5a8da2b05542994ba4e3dcdc	The Grieg crater is named for a Norwegian composer who composed during what era?
5a8bbb8c5542995d1e6f142e	From what countries are Gauhar Ali and Iftikhar Ahmed from?
5a7115475542994082a3e56d	In what movie did a Kenyan-Mexican actress, who graduated from Hampshire College, star in in 2015?
5a8fbfcd5542997ba9cb3316	Philip Kraft lectured at the largest university in what European country?
5abfb4235542990832d3a1ca	The 1966–67 NHL season ended with a win in the Stanley Cup by the team from which division of the Eastern Conference?
5abd077055429965836004f4	Who created and mostly wrote the show that Idris Akuna Elba played Stringer Bell in?
5a7cb5f0554299452d57b9b5	What year was the essay which Henry Louis Gates and Cornel West criticized in their book, "The Future of the Race" first published?
5adf33b35542993a75d26420	Which university did the singer of "Long Time Gone" study?
5abf877c5542990832d3a147	Are the Kabataş Erkek Lisesi school and the Küçüksu Palace located in the same city?
5a80abec5542996402f6a5e1	Grafton and Carroll counties as well as the Pratt Family Camps border what lake in New Hampshire?
5ac2a277554299657fa28ff3	The Soul of a Butterfly is an autobiography of a professional boxer that was born in what year?
5abbe20d55429931dba145c6	In addition to serving in the largest seaborne invasion in history, what is another military operation that Edmond Harjo served?
5ae23d945542996483e64939	What relation is Anakin Skywalker to Princess Leia?
5a8ba761554299240d9c2066	How long did the career span of the actor who starred with Mickey Rooney and Marilyn Maxwell in Off Limits?
5a8d838955429941ae14dfe5	Eleventh Dream Day and The Shins are both rock bands from where?
5a8732505542991e77181713	Friedrich Ratzel coined the phrase Lebensraum; which political movement made it notorious by taking it to extremes?
5ab3f24c5542992ade7c6eef	What was Alexander Glazunov doing when he started composing Symphony No. 9 in D minor?
5a7f46115542994857a766d9	What dynasty was the creator of Mouten Cadet wine a part of?
5add889b5542997545bbbd68	A song sung by Palak Muchhal was picturized by what Indian film actress?
5a7bc1bf55429927d897c033	Which breed was bred first, the English Water Spaniel or the Estonian Hound?
5ac42a64554299076e296d7b	Clipper Cargo was a subsidiary cargo airline of  the principal and largest international air carrier in the United States that was founded in what year?
5a7cf59b55429909bec768c7	Who was born first Burton Cummings or Sharleen Spiteri?
5add433b5542997545bbbd02	What novel imagines the true story of a character based on a novel by Mark Twain first published in 1884?
5a846acc5542993344746117	What actor, who passed away in 1942 was also the producer of the stage version of the 1940 spy film which stars Boris Karloff and Margaret Lindsay?
5a7f75e95542992e7d278d09	Were both Pam Shriver and Amélie Mauresmo alive in the 1960s?
5ab3244c554299233954ff29	What boy band formed in Orlando, Florida in 1993 performed at the 2001 Kids Choice Awards?
5ae45cba5542991a06ce9a4a	Tommy Faile sang the song "the legend of Brown Moutain Lights", about a series of ghost lights that can be seen from which viewpoint outside Linville Falls?
5ade90aa554299728e26c733	How does George Abbott's career connect to the drama film Heat Lightning?
5a82bb3c55429966c78a6a86	Live at Radio City is a live Album recorded in what City?
5a888a625542997e5c09a602	What number largest commercial airline in the United States is Hana Hou! published for?
5ae0e183554299422ee9953f	Did Qionghai or Suining  have a population of 658,798 in 2002?
5ae2c4d75542991a06ce98d0	Who has a wider scope of profession, Pete Dexter or Elie Wiesel?
5ab8b02d5542991b5579efdb	Are both, Boise State University and Syracuse University, public colleges?
5abe4fd95542991f6610613d	Swingin' Down Yonder is the first full-length, 12-inch album recorded by a singer known by what nickname?
5a74a26a55429979e28829d6	Which composer was born earlier, Paul Hindemith or Béla Bartók?
5ac31a73554299741d48a1e9	Ferdinand Zvonimir von Habsburg is the eldest son of the head of which House
5a728f015542991f9a20c4e4	Which star of Zork was also the voice of Pac-Man?
5a75f1a755429976ec32bcb1	Which actress played a character that dated Mark Brendanawicz?
5a8319a05542990548d0b178	Was Artie Ziff a good prom date for Marge?
5a80fd17554299260e20a1f1	Was the 2007 documentary 'Zoo' more successful than the 1998 documentary 'Divine Trash'?
5a72634d5542997f82783994	what city will host the event in which marie gisele eleme asse won twoo medals in 2017
5a89b1de5542992e4fca8378	Which port city lies approximately 25 km north of the Lingnan Fine Arts Museum?
5a8841ee5542994846c1ce6b	Which is farther west, Sheridan County, Montana or Chandra Taal?
5a8eabf755429917b4a5bdaa	What was the job title of the wife of the director of the film "Aaina?"
5ae0159855429925eb1afc09	In between Anaïs Nin and Odysseas Elytis who was awarded the Nobel Prize in Literature?
5adf74075542992d7e9f937c	RL-83 Blindicide was an improved derivative of a wea[on launcher widely fielded by which army ?
5ae765bf5542995703ce8c12	At which rank did the American author, military historian, illustrator and painter, born in 1913, who survived the surprise military strike by the Imperial Japanese Navy Air Service against the United States finally retire?
5ac4e03f5542995c82c4ad75	Who were the stars of the 2008 South Korean movie that was later remade as Hindi movie entitled "Murder 2" in 2011?
5a7129685542994082a3e5fa	Which "Blackzilians" fighter is currently competing in the Middleweight division of Ultimate Fighting Championship?
5ac1682855429964131be1d2	A journal to which Jim Rasenberger contributes is the official journal of an institute located in what city?
5ade79335542997c77adee38	The Ran Paul presidential campaign, 2016 event was held at a hotel on what river?
5a8a1a9c5542992d82986ebb	Ara Berberian sand for which role an opera by Giuseppe Verdi?
5a7b85ac5542997c3ec971ef	Milo Parker starred in which 2014 movie alongside Gillian Anderson?
5a83ab355542990548d0b218	Who was a higher ranked tennis player: Paola Suárez or Michael Venus?
5ade15ae5542990dbb2f7f4c	What month was the album released whose lead single was "Domino Dancing"?
5adc985e5542990d50227cb7	Where will the student which pass the exam  for which Le Rêve de Rico has to pass progress to?
5adcb0ab5542994d58a2f69a	TACA Airlines, is an airline owned by a conglomerate owned by who ?
5a8b71915542995d1e6f1393	What nymph may have a mother who fell in love with Narcissus?
5a8c9fc2554299653c1aa0d4	Taylor McNamara played college football at USC a football program that is currently a member of what Conference
5ae7936d5542997ec27276a7	How many times was the writer, who invited Hu Lanqi to meet him in Moscow, a nominee for the Nobel Prize in Literature ?
5ac4e13f554299076e296e2d	which German philosopher wrote "The opera "Lulu"
5abbda84554299642a094b5b	What is the ratio of flow velocity past a boundary to the local speed of sound for a Saab JAS 39 Gripen?
5ac238c555429951e9e684ab	According to the 2010 census, what was the population of the city in which Boyle's Thirty Acres was located?
5aba18ee5542994dbf0198b4	In what year was the scientific journal for which Danilo Erricolo is currently Editor-in-Chief established?
5abbd5a75542993f40c73bd3	What country can the scopula nucleata be found in?
5ae7620f5542997ec2727627	FC Barcelona ambassador Ronaldinho won what French award in addition to FIFA World Player of the Year?
5a774a9855429972597f14ea	Which internationl football team has had a player endorse the "Nike Hypervenom" football boot?
5a88a1bb5542997e5c09a64c	Who directed a 2006 film where Ron Perkins character plays the manager of a hotel?
5ab2bc80554299194fa934d7	What is the name of the county that Cari Roccaro is from?
5ae81b2755429952e35eaa1e	What Cuban preisdent overthrew Mary Tarrero-Serrano?
5a8b97485542995d1e6f140f	What is common between Matt Vasgersian and Michael Casey?
5a89cde555429946c8d6e9c4	Shaheed Udham Singh is a movie based on what massacre that took place on 13 April, 1919?
5ac13a3d5542996f0d89cc75	Which Company published a magazine that was a hybrid video game/film, Red Herring or GameFan?
5ab52a255542996a3a96a048	Where were the Olympics held when the 1993 World Champion figure skater's home country won it's second Winter Games gold medal?
5ae3294155429928c423963d	On the Knocking at the Gate in Macbeth is an essay by what English essayist best known for "Confessions of an English Opium-Eater"?
5a89761d5542995153361310	Christmas in the Sun was performed mainly by the entertainer of what nationality?
5ade9c9355429975fa854f1b	"I Do" the song by Filipino singer Nina and described to be Mariah Carey-like was on which album?
5abe65e25542993f32c2a101	Which university did one of the key figures in the American documentary film, released in 2015, directed by Malcolm Ingram, pay for, before being drafted 18th overall pick for the New Jersey Nets?
5a7130365542994082a3e645	What town did Moe Sedway have success in after Benjamin "Bugsy" Siegel's murder?
5ae28f43554299492dc91c2f	Is Chicago Rockford International Airport or McClellan–Palomar Airport closer to their nearest cities?
5ab3eac5554299753aec59ec	Which season did Brain Billick coach the Baltimore Ravens though in 2001?
5abd7d0c55429924427fd010	Ciril Cvetko is the brother of a scholar who participates in what analysis of music?
5a8e4a7355429917b4a5bd80	What was the specialization of an American naval officer who led the aircraft of the United States Antarctic Service to photograph Cox Point?
5a70f9335542994082a3e46a	Which magazine is published more in a year, Essence or Alt for Damerne?
5ab2a292554299194fa93496	In what language was the 2007 Indian romantic drama staring Kareena Kapoor and Shahid Kapoor produced in?
5a7f79155542995d8a8dde86	A man known as one of the most brutal pro-Confederate guerrilla leaders in the American Civil War had a following that included a bank and train robber from western Missouri raised in what area?
5abf12005542997719eab661	Louis, Count of Armagnac has a descendant that includes which final king of Italy?
5ae5ff845542996de7b71ad0	An actress in Strange Fruit was better known for a role in CBS sitcom.  Which sitcom is this actress better known for than her role in Strange Fruit?
5a87c6a75542997e5c09a56f	The Huskies football team were invited to the Alamo Bowl where they were defeated by a team coached by Art Briles and who played their home games at what statium?
5adf73a45542992d7e9f9378	Philip Despencer's brother was a favorite of which king who was deposed in January of 1327?
5ae0504055429942ec259c6a	Which genus contains more species, Laurus or Syzygium?
5a7bacf2554299294a54aa8d	The plateau region between the Atlantic Coastal Plain and the main Appalachian Mountains is in what state?
5a8720885542991e771816d8	What language, also known as the Amazigh, is part of Siwa Oasis?
5abbcfaf5542993f40c73ba9	Nicole Gordon won a silver medal with Sara Petersen int he women's doubles at a competition held in what city?
5ac02c4a5542992a796decbd	What was the name of the hill that was the seat of an estate uphill Aldbury?
5ae6e36155429908198fa6d3	How many disciplines are combined in the degree that Hector Janse van Rensburg graduated from the University of York with?
5ae2c2c05542996483e64a4a	How many member universities are there in this conference of which the Connecticut Huskies baseball team is a competing member?
5a7326cb5542994cef4bc47f	When the two Coldplay songs U.F.O and Princess of China were written, what factor did they have in common?
5adc6ca85542994650320ce1	The 1998–99 Los Angeles Lakers season included the signing of the rebounding specialist who had what nickname?
5a74629255429929fddd8402	Who wrote the music for Billy Elliot the Musical and had at least one song on the "Billboard" Hot 100 for 31 consecutive years?
5abbaf6c554299660624171c	What was the profession of Cate Shortland and Sidney Franklin?
5ae2fca555429928c423958a	What was the other single from Eric Stewart and Graham Gouldman's band's 1975 album, besides "I'm Not in Love"?
5ac116595542992a796dedd1	What is the area of the desert that Ghanzi is in the middle of?
5a89e95c5542992e4fca8474	Javier Frana and Thomaz Koch both share what occupation?
5a7631c05542994ccc91870b	Which university is located more east, Indiana University or University of Pennsylvania?
5a81b7205542990a1d231e79	How long did the king who created the coins of the hawaiian dollar rule?
5adc02905542994650320c50	Thomas Major was the engraver to the estranged son of which monarch?
5a74f63e5542993748c89758	A Troll in Central Park and All Dogs Go to Heaven were both directed by which person?
5a8f53ad5542992414482a50	What year did the infantry regiment featured in the 2006 film "Only the Brave" begin?
5ab2b2a7554299295394681d	Have filmmakers Brent Hodge and Ayoub Qanir both received awards for their work?
5ae67fad5542991bbc976100	The Mutlu Onaral album "Livin' It" was produced by the bassist for what duo?
5ae807d25542993210984045	Nominated in ten categories at the 38th Annual César Awards ceremony was a film whose narrative focuses on what two people?
5abe45b855429976d4830ad0	During what race leading up to the 1994 Monaco Grand Prix was Roland Ratzenberger killed?
5a81d0515542990a1d231ed4	Where is the casino that Summer Nights takes place in?
5a8a21a455429930ff3c0caf	On May 25, 2017 Greg Gianforte won the special election following the resignation of a politican that current holds what position?
5a8051265542992bc0c4a6f8	Tommy Swerdlow co-wrote the screenplay of what film directed by Jon Turteltaub?
5adc8c545542994734353734	Are Wilco Melissant and Todd Field both involved in the film industry (e.g. director, filmmaker, actor)?
5a7e49e05542991319bc9463	What sibling of John D. Rockefeller III was the chairman of Chase Manhattan Corporation?
5a713f395542994082a3e6ea	Where does the state legislature in which John Coffin Talbot served convene?
5a8e5f1f5542995a26add4d6	Which dog is believed to dispel ghosts and evil spirits, Segugio Italiano or Sapsali?
5ab7f2d05542993667794064	The Van cat's eyes have what feline form of complete heterochromia, a condition that occurs in some other animals?
5a793b5b55429970f5fffe82	What is the country of origin of the film Dui Purush and the music director Pankaj Mullick
5a8911dd554299515336129d	The Un-Americans contained which wrestler who also went by what TNA Wrestling name?
5ab3f8c25542992ade7c6f02	Who would you be more worried about playing a chess game against, Marcel Duchamp or Jiang Wen
5a811667554299260e20a23d	What occupations do both Ian Hunter and Rob Thomas have?
5ab30336554299166977417c	Which American comedian starred in the original cast of Saturday Night Live and played Stan Winters in the sitcom Martin?
5abbd66a5542993f40c73bd8	Before I Go to Sleep stars an Australian actress, producer and occasional what?
5ac2610455429951e9e68592	How many exhibition games has the basketball team with which Louis Dunbar played, played?
5abb01025542992ccd8e7eab	Who supervised the sting operation that implicated Evelyn Dawn Knight?
5add647a5542995b365fab26	What is the main difference between Aloinopsis and Washingtonia?
5a8b5c8155429949d91db56d	Where is the 1999 British comedy-drama film starring Jimi Mistry set?
5a90984f55429933b8a20578	The man tried for the murder of Anthony "White Tony" Johnson is suspected of how many unsolved murders along with his younger brother?
5adf2ba05542993a75d26411	Seth MacFarlane was the creator of the two animated short films that were created while studying at what college?
5a77bdcb5542997042120b0b	Who was born first,  Morgan Llywelyn or Robert Jordan?
5a88c4175542997e5c09a6ae	What is the real name of the clock one can see on a clear day from Denmark Hill?
5a7666095542992d0ec060db	What American gangster, businessman, casino owner and philanthropist was the inspiration for Morris "Moe" Greene in "The Godfather"?
5ac312ee5542995ef918c0ec	Hatyapuri was a novel by the filmmaker of what nationality?
5a7db0a05542991319bc93f5	What college in the Blue Ridge Assembly Historic District  emphasized the study of art?
5a78d38455429970f5fffd94	Who is one other client that is represented by the same person that also represents a barrister at Doughty Street Chambers?
5ac37dd6554299218029dbdb	Are both bands, Digital Summer and Underoath, from the same US state ?
5ab66a3555429954757d3290	2006 KNVB Cup Final had two goals scored by a player of what nationality?
5ab59ffe5542997d4ad1f193	Wind was directed by which American actress born on March 26, 1960?
5add7b0c5542992200553b39	The 2013 Oregon Ducks football team was led by which former American football coach who is currently a college football analyst for Fox Sports?
5ab661ac5542995eadeeffb1	Which state was the The Laboratory's 60,000 square-foot, shore-based campus located?
5ae601e45542992663a4f23b	Who served as a Prime Minister in postwar Britain?
5a72d7b35542991f9a20c5be	What is the name of the pop artist that belongs on the Pledis Entertainment label and has 13 members?
5ac2d85e55429921a00ab06b	Where did the hijacked plane rammed by Heather Penney crash?
5a80a587554299485f598676	Are both American bands The Four Seasons and Local H popular around the Beatles were around?
5ae2fa1b55429928c4239583	Masters and Johnson labeled the orgasmic platform while researching what?
5ac50bca55429924173fb57f	Where was Nobel Laureate in Physics know for his contributions with Abdus Salam and Steven Weinberg a professor?
5ae143ed55429920d5234360	In what year was the university where Sergei Aleksandrovich Tokarev was a professor founded?
5ac43e0f554299076e296d8e	What country are both Dafeng District and Jixi in?
5a7a0e745542990783324e1d	When did Henrietta Ponsonby's father die?
5ac43530554299204fd21f0a	Annette Crosbie was nominated for the BAFTA Award for Best Actress in a Supporting Role for a 1976 film that is a retelling of what classic fairy tale?
5a78e3b955429974737f78f1	Who was born first, Javier Frana or Sherwood Stewart?
5a87279b5542991e771816f7	Alan Schechter supervised a woman with her senior thesis entitled what
5a8f8c6d5542997ba9cb32b1	What is the name of this South Asian island country, located in the Indian Ocean for which Ahmed Abdulla is a professional footballer?
5ab327bc554299233954ff33	What is the name the French give to the war during which the Prussians occupied the Pavillon du Butard?
5a8b56d655429949d91db557	The remaining two seasons of Kenan & Kel were filmed at which stage facility located at 6230 Sunset Boulevard in Hollywood, California?
5ac033495542996f0d89cb59	HK Express is one of how many founding members of the world's first alliance of low cost carriers?
5ab6cd0e554299710c8d1f68	What are a Uruguayan professional footballer and Luz Pfannenstiel are best known as?
5a7a2ec35542990783324eae	Where is the animation studio that produced Mary and the Witch's Flower based in?
5a7e42df5542994959419954	Mariana Kovacevic used horse placenta treatment to heal the captian of what team?
5a7b78c35542997c3ec971a9	What year was the voice actress of an animated television series premiered on Cartoon Network born?
5a7dafe15542991319bc93f3	What was the breakthrough role for the English Actor starring in Feed the Beast
5adf8c375542995534e8c7dd	In what year was the 1965 World Series MVP elected to the Baseball Hall of Fame?
5a79fbd3554299029c4b5f93	How many times has the driver who placed third in the 2003 Italian Grand Prix won at the Grand Prix?
5ab8627f5542990e739ec8da	Harrison Newey made his ADAC Formula 4 debut with a partner who is the son of who?
5ac2ffea55429921a00ab0cc	Jordan's Furniture is a furniture retailer with a location in an enclosed shopping mall on the north side of Interstate 295 near what?
5ab5467e554299494045ef5e	The Kahn Trussed Bar for beams and columns was invented by a man raised in what US city?
5a7e2e3a55429934daa2fbe6	Ryan Fredericks plays for a professional football club based in which city ?
5a78f1b555429970f5fffde9	What year was the singer of "Orange" born?
5ae269955542992decbdccf3	Who died in the battle located near the River Boyne in Ireland?
5ac3ce74554299204fd21e71	How many episodes were in the original run of the HBO show that Kristin Davis played the character Charlotte York Goldenblatt?
5abab18d55429901930fa89e	The man Tony Bennet called "The Father of Rock and Roll" once toured with what singer who once auditioned for "Junior Junction", and landed a recording contract in her teens?
5abc3d505542993a06baf8a7	Which is founded by a president, University of Washington or University of Virginia?
5ab67aba55429954757d32e7	The Battle of Nanchang was fought between the Chinese Nationals and what ground-based armed force of Japan?
5ab2be71554299166977408c	Seven years before the opening of the Brewer Fieldhouse in Columbia, Missouri, where was Chester Brewer working as head football coach and head basketball coach?
5ae531695542990ba0bbb1fb	In what year was the coach who led the 2007 South Carolina Gamecocks football team in his third season as USC head coach born?
5a738093554299623ed4abbb	Alex Haley wrote what novel about a man that was born in 1750?
5a8c2d23554299240d9c20b7	Who directed the 2007 film which  Sasson Gabai won an Ophir Award for?
5a7b413a5542992d025e67c4	What sport do Straight Blast Gym - Ireland and John Kavanagh have in common?
5adfda9655429925eb1afac0	Which band, A Silent Film or The Frames, has more members?
5adbf44355429944faac23ce	In which county does the  8th Military Police Brigade  of the United States Army's Barracks located?
5abb66c05542992ccd8e7f3e	What offence were opening batsman Khalid Latif and 5 other cricketers suspended for, in February 2017?
5ac39df8554299741d48a2b6	Are Euptelea and Muehlenbeckia both genuses?
5a89fc305542993b751ca9dc	Which Outer Banks landmark and premiere BBQ restaurant has been featured in the magazine Southern Living?
5adffb4655429925eb1afbbf	What year was George Harrison's top UK charted song voted the nations 11th favorite 1980s number?
5adfa6db55429942ec259ad6	During which years was the politician, upon whom the character Allison Taylor from "24" is baded, First Lady of the United States?
5ae3e5d05542994393b9e79f	The Devonshire Club was named in honor of which British landowner and politician?
5a81ed345542995ce29dcc85	The Florida Atlantic Owls team represents a school classified by the Carnegie Foundation as what?
5a7f650755429969796c1a2c	In addition to Richard Strauss, Luigi Nono, Krzysztof Penderecki, Joaquín Rodrigo, and the German composer whose known for "Das Marienleben", what other composers have been represented by ESZ since the 1950s?
5a84564c5542990548d0b288	What city was the band who "Evie" formed in?
5a7736d85542994aec3b722b	Which film director is younger, Manoel de Oliveira or Alfonso Cuarón?
5ae492955542995ad6573daa	The rock band Sugar Ray began as a funk metal band, while the band Das Damen was considered what?
5a845d735542996488c2e52e	Stronger Together was used for the campaign comprised of the Vice Presidential candidate who was a Senator from what state?
5a8a484f5542996c9b8d5e94	What city did the author of "Portraits and Prayers" choose to live in after moving to France?
5a83161555429940e5e1a958	What age did a wrestler began his training at who began his friendship with Trevor Mann in Brookport, Illinois CPW?
5ae60530554299546bf8301e	Horace Brindley played for what professional association football club that is based in the seaside town of Blackpool, Lancashire, England?
5a8b34705542995d1e6f130d	From which country is the largest known example of European Iron Age silver work?
5a810d5255429926c1cdacd8	Is the U.S. Bank Stadium home to the Minnesota Vikings, open air or fixed-roof?
5a7e23655542997cc2c47528	WBYA is a radio station licensed to a town with what population as of the 2010 census?
5a836d8a554299123d8c2113	Who starred as a divorced mother in an American sitcom produced by Danny Bonaduce's father?
5abba3255542996cc5e4a031	Are John O'Hara and Rabindranath Tagore the same nationality?
5ab6f17d5542995eadef00ee	Alex Yemenidjian is the CEO of the company that owns what Las Vegas Strip hotel?
5abe34095542993f32c2a088	How long did The Shire of Flinders, which encompassed the extremity of the Mornington Peninsula located south-east of Melbourne, Australia, exist?
5a790364554299029c4b5ee6	For what reason did Gustavo Rodolfo Mendoza Hernandex resign to the first Jesuit pope?
5abd27ba5542993062266ba7	What intrusment did Jem Finer play in the band The Pogues?
5abff0785542997d64295957	Heaven starred what Australian actress who portrayed Katharine Hepburn in the 2004 film "The Aviator?"
5a7e02e05542995ed0d1667c	Was the Sacramento Deep Water Ship Channel or the Contra Costa Canal completed in an earlier year?
5ab43b9d5542990594ba9bc3	Who was the famous aviator that died in California while testing a jet aircraft?
5a8b6a5155429949d91db5a3	During the Miss USA 2015, Olivia Jordan of Oklahoma was crowned by which American television host, model, taekwondo coach, and beauty queen who won Miss USA 2014?
5abcc818554299658360048b	In which event did Tyson Gay and Rodney Martin both represent the United States at the 2008 Beijing Olympics?
5a84af3e5542991dd0999d7c	Which city in Missouri is the Route 66 State Park closest to travel from, St.Louis or Eureka?
5ae0ead25542990adbacf6c8	What is the name for plastic water-filled barriers that you might find along the MacArthur Road highway in Pennsylvania?
5a891e1e5542993b751ca913	Who was a grandson of Aurelia Plath and was a fisheries biologist?
5add2ba55542994ed6169ca8	What college did the English conductor, organist and composer widely regarded as Britain's leading conductor of choral works teach at?
5a75176a5542993748c897b6	Which 1994 British romantic comedy featured the song "Love Is All Around"?
5ae5c74d554299546bf82f58	The Good Design movement is associated with what Danish furniture designer whose style is often described as Organic Functionality?
5a77a7695542997042120ac4	Which documentary is the oldest, The Private Life of Plants or Marx Reloaded?
5a851ba95542997175ce1f81	Rosemary Willis was seen in the grass in what Texas town, where John F. Kennedy was assassinated?
5adc02445542994650320c4e	Ethel Winter worked with which avant-garde theater director?
5a7cc58f554299452d57ba45	How many times has the national team Joseph Raich Garriga played for in 1941 participated in FIFA World Cups?
5a8db42f5542994ba4e3dd11	Which documentary film follows poetry, Race to Nowhere or SlamNation?
5ac299b155429967731025ad	Human Shadow Etched in Stone is an exhibition to showcase which bombing that killed 129,000 people in 1945?
5a7312675542994cef4bc43d	Which one of Ricardo Rodríguez Saá's relatives would become governor from 1983 to 2001?
5adde5155542997dc7907092	How old was Virginia Bruce when she starred in Let Freedom Ring?
5abba8545542993f40c73b72	Barnstable County Hospital was the location of the autopsy of the son of President John F. Kennedy and Jacqueline Kennedy, and the younger brother of who?
5a771e0b55429966f1a36c75	Jessica Lee, former MP for Erewash, served as Parliamentary Private Secretary to the experienced representative for Beaconsfield, when he held which office?
5add3e2b5542997545bbbcf5	Who directed both Last Days and Point Break?
5a7fcd9c5542992e7d278da9	What town, with a population of 4,688 in 2010, is the KHNK radio station located in?
5a7c43c65542990527d5547e	Is Mary Pierce or Gustavo Kuerten the older tennis player?
5ae6097c55429929b0807a9a	The Sentinelese language is the language of people of one of which Islands in the Bay of Bengal?
5a77322055429972597f1494	Which software application was originally made for the company that acquired RadioShack in 1963?
5ac24d725542996366519966	Who was Germany's large-scale, low strength fortification unit, disbanded in 1919, named after?
5a78ae8b5542990784727730	How far from Sacramento is the flight school in Atwater?
5a86578755429960ec39b668	What is the name of the company which acquired, in 2008, the world's largest beer producer that broke a distribution aggreement with Shangy's?
5a7c7c225542996dd594b93f	Which host of Sunday Night Safran has the hebrew first name Yehoshua?
5a8e4b7c5542990e94052ab7	What is the familial relationship of the founder of the Gulf Cartel to Juan García Ábrego?
5a81736255429903bc27b96e	What is the formal name for the sporting facility located in Coos County, New Hampshire?
5abb14a55542992ccd8e7f06	How many constituents does Greg Gianforte's district have?
5a7c8e7955429935c91b521a	Back Home is a children's historical novel adapted into a TV drama starring what English actress born in 1946?
5a7e30b255429934daa2fbeb	Katrina Ross starred in "The Singing Nun" with who as the title role?
5ac3a4ab5542993915413870	Are both Days of the New and TV on the Radio from New York?
5a8ad8305542992d82986f9d	Are Todd Haynes and Chris Columbus of the same nationality?
5a79caec5542994bb94570ad	When was Leeds no longer called Elmet?
5ae49a1855429970de88d9cc	Ip Man 3 is the second sequal to the biographical martial arts films first released in what year?
5a77b13655429967ab105235	What American agronomist that worked on The Green Revolution won a Nobel Peace Prize?
5ae7f7d85542994a481bbe52	Which Five Finger Death Punch discography albulm was released on September 22, 2009 through Prospect Park?
5ab3cecd5542992ade7c6eae	How do the Peter Laufer books Forbidden Creatures and No Animals Were Harmed differ in their focus on animals?
5a847e0a5542990548d0b2c3	What 1958 born American television writer and actress contributed to the writing on I Am Not Homer?
5a88364c5542994846c1ce2e	Were Ransom Riggs and John Berry from the same country?
5a7eb8f655429934daa2fc50	The winning jockey of the 1997 Cheltenham Gold Cup held a record for winner of what award 20 consecutive times?
5ae528e655429908b632652c	Which publisher released the prequel to the 2012 novel Boneland in 1960?
5abc9fb055429959677d6ac9	What is the nationality of the dancer who partnered Tom Chambers in the sixth season of Strictly Come Dancing ?
5a74d64055429916b0164223	Which English Egyptologist is known mainly for his works in the Egyptian Museum that is named after the capital of Egypt?
5ab7484c5542992aa3b8c80d	Do James Schuyler and A. E. Housman have the same nationality?
5a7ce100554299683c1c63b5	Who is younger, Terry Glaze or Hayley Williams?
5a909a0355429916514e7505	Are Dorothy Parker and Maxine Kumin the same nationality?
5a7337715542991f9a20c690	For which Thomas Rickman film did Sissy Spacek win an Academy Award for Best Actress?
5ae73c00554299572ea5478a	The Runge-Kutta methods were developed by M.W. Kutta and a German mathematician, physicist, and Spectroscopist that was born in what year?
5a89d8d055429946c8d6e9df	ElvenQuest is a comic fantasy broadcast that stars what English actress who is the wife of Lord Frederick Windsor, and who is formally referred to as what?
5ac507725542994611c8b32a	When was the person who did the music for Manru born?
5ab262e2554299722f9b4cfd	Oxley Highway ends at a coastal town that had how many inhabitants in June 2016 ?
5ae205fd554299234fd043a9	Which  baseball team who represents Texas Tech University in NCAA Division I college baseball is  "The Law" its home stadium
5a74adb455429916b01641c6	Which occurred first, the first publication of The Ladder or Heat?
5ae30a4655429928c42395bb	Who designed the building that the 58th Technology & Engineering Emmy Awards were held in?
5a8a416955429930ff3c0d2b	What did Eric Radomski produce that premiered on Disney XD on May 26, 2013?
5a87c0945542996e4f30890b	Are Portland International Airport and Gerald R. Ford International Airport both located in Oregon?
5abcf46255429959677d6b6b	The composer for the music in the film "A Clockwork Orange" was born in which state?
5ab7178f5542991d32223774	The film Navakoti Narayana was based on the life of Purandara Dasa who was born in what year?
5aba454855429901930fa794	How many times has the author of Writing with Intent been shortlisted for the Booker Prize ?
5adfa73b55429942ec259ad8	In which county is the university, at which Roger Groot was the Class of 1975 Alumni Professor of Law, located?
5ab3dbd8554299233954ffd6	When did Peter Capaldi play the role of Mr. Curry in Paddington 2?
5a7a93115542995eb53be86f	What waltz was composed by "The Waltz King" in 1844?
5a79f6825542996c55b2dcb4	New Jersey politicians Linda Stender and Leonard Lance were born within a year of each other beginning in which year?
5a7c646e55429907fabeef7c	Aerodynamik is a Kraftwerk song on an album recorded for what anniversity of the Tour de France bicycle race?
5a7a650355429941d65f2615	Who was born first, Lecrae Devaughn Moore or Gawvi?
5ae4903855429913cc2044a0	What do Woodstock and American Dream have in common?
5ab3d1b85542992ade7c6eba	The former Associate Director of the Northeast Intelligence Network has wrote for a publication which typically falls where on the political spectrum?
5ab8337a55429919ba4e225f	Are the movies "Monsters, Inc." and "Mary Poppins" both by the same company?
5a7bea3d5542996dd594b847	What actor replaced the Welch actor born in 1978 who played Robin Hood in the first season of "Once upon a Time"?
5a882d9a5542997e5c09a599	I Love Melvin is a musical and dancing comedy film starring an American dancer, singer, and actor who co=starred with a talking mule named what?
5ab602405542992aa134a401	June Martino served as bookkeeper for the man who revolutionized what company?
5ab6cce1554299710c8d1f67	From which phrase the name of the place where Hazina Towers is under construction?
5a72814f5542994cef4bc2eb	The American Astronomical Society presents an award named after what New Zealand astronomer?
5abbdb9a55429931dba145ad	Alexander Borodin wrote what piece of music named after the Kiphchaks and Cumans?
5ab488bc5542990594ba9c55	Insomniac Events is part of a partnership with a club founded by an investor of what heritage?
5abf1a6b5542997ec76fd3c1	From which alphabet was this alphabet derived that the name of the club Ilysiakos B.C. has the starting letter of?
5a9070dd5542995b442420b5	How was Tiger Pataudi related to Iftikhar Ali Khan Pataudi?
5ab3d2595542992ade7c6ebf	Where is the university located in which the current editor-in-chief of Review of Policy Reseach is from?
5ab6c63755429953192ad38b	Siegfriedstellung in the First World War was a defensive position of what country's army?
5a8b1a925542997f31a41c6e	The actor known for his role as "Freddie"  in The Deep Blue Sea won the Laurence Olivier Award for his role in which play?
5a77afcd5542997042120adf	Who is older Carrie Akre or Shifty Shellshock?
5a8600665542994775f606ee	Does the drink Quick Fuck have more layers than the drink Ti' Punch?
5ac2583b55429951e9e68565	Who has more scope of profession, Brian G. Hutton or Xawery Żuławski?
5a8d9f35554299441c6ba018	Are Kenji Mizoguchi and David Wall from the same country?
5a8284b555429954d2e2eb5f	How many rooms does the Tropicana Hotel have where the 7th annual Adult Video News awards ceremony were held in 1980?
5ac1c7605542994ab5c67e14	What was the nationality of Bernhard Heiden's teacher?
5ae22670554299234fd043fc	What horror movie set in 1972 Vietnam was filmed in part in Bokor Hill Station?
5a810c44554299260e20a221	What objects were carried into battle by these naval ships for qhich the QF 6-pounder Hotchkiss were introduced to defend against?
5a7ec7f355429934daa2fc64	Which band released more albums, Forest for the Trees or Jon Spencer Blues Explosion?
5ae7257a554299572ea54731	What character did Selina Giles play in the 2005 dystopian political thriller named "V for Vendetta"?
5a755f0a5542996c70cfaee7	What show was Elena Shaddow in that was written by a relative of Richard Rodgers?
5adf6b405542992d7e9f9341	Which contributor to Fear: 13 Stories of Suspense and Horror was born on March 15, 1953 ?
5ab74eb85542993667793fb8	Which Croatian professional basketball player (a shooting guard) did New Jersey Nets acquire during their 1990–91 season?
5a76fe7b5542994aec3b71b2	Eric Stark Maskin was a  teacher for which university, located in New Jersey?
5ab91b6c55429934fafe6e5f	What is the electric racing series British race car driver Alex Lynn drives for and is owned by Virgin Group?
5a83172455429954d2e2ec14	Whose brother was a king of the East-Saxons?
5abece075542997ec76fd36d	Peter Shand Kydd was related to which early member of the Clermont Club?
5a8a833855429970aeb702fe	How many rooms are in the hotel that is home to the Cirque du Soleil show Mystere?
5abface75542990832d3a196	Por Baazar contains a cameo by an Indian film director, screenwriter, producer, actor, playback singer, and television host, who was born to Javed Akhtar and who?
5abd882f55429924427fd045	When was the multinational group headquartered in the Netherlands adjacent to the Junction 27 Retail Park near Birstall, Batley, West Yorkshite, England, founded?
5ac4d314554299076e296e02	William Novac co-wrote the memoir of what American retired professional basketball player who is current president of basketball operations for the Los Angeles Lakers?
5a85bc2d5542994c784ddb70	"It Girl" is musically classified in the middle of what terminology describing the speed or pace of a given piece?
5a88fa1c5542995153361219	Barry Murphy earned 1 cap under a footballer who was part of England's winning World Cup team in what year?
5ae1e4095542997283cd22bf	What is the genus and species of the bear in which the Florida black bear is a subspecies of?
5abd96fe5542992ac4f382d9	Australian Associated Press was established by a journalist born in which year ?
5a7c67c15542990527d55498	Who was the electoral division that James Tully  represented in 1928 named after?
5ae256c35542994d89d5b3e9	The transnational lottery Les Scadding won in 2009 held it's first draw on what date?
5ae1c3cd554299492dc91b87	In what English district is the town Digby, Victoria may be named after?
5a8a1a975542992e4fca8505	Deckers Creek begins west of an unincorporated area in what West Virginia county?
5ac160605542994ab5c67d02	Who coached the Indians and was the first Native American to win a gold metal his home country?
5a75ac415542992d0ec05fdb	The M104 155mm Projectile was specifically designed to carry about 11.7 pounds of what prototypical substance?
5ae5a63c5542992663a4f203	What is the nickname of the regional dialect from the city from which the English Footballer Tomi Ameobi was born in?
5a77d5b855429949eeb29f77	Which nationality is the international footballer, born 20 March 1984, who made his breakthrough La Liga debut in the 2002–03 Atlético Madrid season, scoring 13 league goals as a teenager?
5a8c5bff554299240d9c2139	How many members exist in the conference represented by the Michigan State Spartans in the 1993 Liberty Bowl?
5a8a573355429970aeb7029a	The "unofficial national anthem" of Australia is the basis for the nickname of what soccer team?
5ae4ca6355429913cc204507	What are the two categories of the non-electric version of the neighbourhood electric vehicle?
5a7264ed5542990c210a411a	What was the slogan  that came about from the idea of Lebensraum which had its most extreme form supported by the Nazi Party until the end of World War II?
5add2df85542992ae4cec4d6	Are Chumbawamba and Spin Doctors from the same country?
5a77e62b5542992a6e59dfea	What is the birthplace of the musician responsible for creating The Motion Makes Me Last?
5ac19ba355429963665198b7	Where was David Angell headed when he died aboard the American Airlines Flight 11?
5ab32256554299233954ff22	What position does Kyle York hold at the internet performance management company Dyn?
5a728b1c5542992359bc30e0	Which member of the boy group Shinee released their first studio album "She is"?
5abec8e45542997ec76fd364	Which conflict was this person whose assassination led to Mark Fulton taking over command the Loyalist Volunteer Force involved in?
5a8753c05542994846c1cd62	Before the 2004-2005 Minnesota Timberwovles season, what had Sam Cassell had been honored with what titles?
5ae6638555429908198fa5ba	What conference does Ralphie the Buffalo's football team play in?
5a77857155429949eeb29ebf	What 2-year worldwide tour had a round stage and a band that performed a song never before performed live?
5ae1f70c5542997f29b3c1c5	My Sentimental Friend was performed by which English beat rock band?
5ac10832554299012d1db687	How many episodes were in the 23rd season of a Fox network show which, in it's twenty-second season, aired it's twenty-first episode which was written by John Frink and directed by Bob Anderson.
5ae0b0ab55429945ae959423	The 2000–01 A.S. Roma season had several important signings, one of which was a player that Javier Zanetti referred to him as being what kind of player?
5ab7a1f65542991d3222378f	What is the middle name of the actress who played Lucy Baker in the TV series Lassie ?
5a7563a45542996c70cfaeec	What university employed the psychologist that inspired David McClelland's thinking on power??
5ae792f55542994a481bbdae	Which player selected out of the University of Florida with the third pick by the Hawks was born in June 3, 1986?
5ac3ac1855429939154138ab	What are both Eleutherococcus and Amaryllis?
5a802b595542995d8a8ddf51	What is the familiar name for the first operation in the Battle of Normandy, also codenamed Operation Overlord?
5a79c1095542996c55b2dc62	Who died first, Chester Erskine or Sam Taylor?
5adc93a4554299438c868e01	After whom was the area, where  The Phillips Collection is located, named ?
5ab91e3255429916710eb117	Where was the set for the winner of the WD Weatherford Award in 1998?
5a804f01554299485f5985bf	Which magazine has more issues per month, Club or Pro Football Weekly
5a7fa22b5542992097ad2fa6	"A Swingin' Safari" was a song written originally by German songwriter Bert Kaempfert but made popular by who?
5abc1ca15542993a06baf88d	Which acter/director is known for depicting the Russian working class life and directed a film that won an Academy Award in 1981?
5ab204795542993be8fa98ad	Peter and the Wolf was originally released as a segment of an animated anthology released to theaters on which day ?
5addf05a5542997dc79070cd	Were Maurice Tourneur and Greg Mottola both American film directors?
5a79bed05542994bb9457053	Who is younger, Dan Bejar and Makoto Koshinaka?
5a8ffd705542995651fb5096	Zamalek Sporting Club Centennial was a  friendly match against professional football club that plays in what?
5a8cac04554299240d9c21ce	The eastern coast of Ivan Zammit's birth city is located along what body of water?
5ab5fcae554299110f2199ad	Which son of Rick Barry was born first, Brent Robert Barry or Drew William Barry?
5a8f876e5542997ba9cb32a1	Have Marc Rosset and Max Mirnyi both been professional tennis players?
5adfb992554299603e418391	What year was the inventor of Rejuvelac born?
5adcc7395542990d50227d13	Which amusement park at Coney Island, Brooklyn, New York City,  without being the grandest, was the island's longest lasting?
5ab85d6c55429919ba4e22cb	What is another movie the director of Marvel Cinematic Universe's fifteenth film is known for?
5a796c805542990784727805	The brother of Ferdinand Alfred Friedrich Jodl served as what position in World War II?
5ae21154554299495565d9d4	Which film stars more animals, The Jungle Book or The Lone Ranger?
5adcc6765542994d58a2f6c9	Where did the host of the 2014 edition of the MTV Africa Music Awards begin their career?
5abd64cb55429933744ab7ad	Nevada's second busiest commercial airport was named after which career United States Army officer?
5ab7cc145542995dae37e9a1	Taylor Momsen and Craig Mabbitt from Escape the Fate have what in common?
5a77a14655429949eeb29f13	Widewuto, a legendary king of the pagan Prussians, was believed to have existed before which army launched crusade against the Prussian peoples?
5ae00b9f554299025d62a3c3	What former Los Angeles Lakers majority owner is the father of Jeanie Marie Buss?
5ab3acc9554299753aec5985	Which genus's family comes first alphabetically, Crepis or Isatis?
5a79cd395542994bb94570be	What year was the recipient of the 2016 Best Footballer in Asia born?
5ab236645542993be8fa98c9	August R. Lindt served as chairman of a UN program from 1956 to 1960 that won how many noble prizes ?
5ae8027d5542993210984031	What MLB pitcher nicknamed "Gander" was written about in "the Stratton Story">?
5a879dae5542996e4f308885	What was the company that was co-owned by the person who Abbe error was named after?
5a7a03225542996c55b2dcd5	What railroad in which Challengers were most common was completed in 1915?
5a7dc3275542997cc2c4749c	What stadium does the team who has Kent Baer as the defensive coordinator play its home games?
5a89f6235542993b751ca9c7	Were both Alvin Lee and Chad Gray lead vocalists for bands?
5a775cdb5542993735360244	Which U.S. State contains tropical wetlands and Diamondback Airboats?
5a8efba955429918e830d173	Who was the narrator of the 26-episode series which featured the British national museum organization with branches at five locations in England?
5ae2952a5542994d89d5b42b	What is the birth date of the person Richard Callaghan coached to Olympic, World, and national titles?
5adfa97555429942ec259ae1	What is the strongest focus of the Adelaide Fim Festical put on by CEO Amanda Duthie?
5a8b3d795542997f31a41cc1	Which band included more previously-known figures when it was formed, !!! or Puddle of Mudd?
5a7717635542994aec3b71e3	Who is the writer for an American teen sitcom created by Kim Bass for Nickelodeon?
5a83b01c5542996488c2e489	What Argentinian retired defensive midfielder, and current manager of C.D. Guadalajara, was traded to Parma alongside Sérgio Conçeicão at the end of the 1999–2000 season?
5ab7d33d5542992aa3b8c859	What actor starred in "Word of Honor" and "Miami Vice"?
5a8c6bd55542995e66a475ea	jean Sagbo, considered "Russia's Obama" is considered to belong to what ethnic group based on his having African heritage or dark skin?
5a773c7755429972597f14b5	O'Halloran Hill in South Australia has a suburb of what town, with a population of over 12000 people?
5ab1ec725542993be8fa9883	Who has lived longer in the USA, Ulli Lommel or Benjamin Stoloff?
5ae49bb755429970de88d9d7	Fash Mosque is 4.5 km away from which mosque originally built by Muhammad?
5ac2e9c45542990b17b154a0	When was the federal US law made that was responsible for shutting down Braniff Airways?
5a77c0c05542995d831812a1	What was the name of the person that was interviewed and later written about by John G. Neihardt?
5a80870d5542992bc0c4a752	Shaqtin' a Fool has included which television personality who worked for 8 yearst at ESPN?
5a772c925542993735360208	Which was published first Polarity or The Farming Game?
5a8a09765542992d82986e67	Which team was a Dutch former professional footballer sacked from in 2009 after the team underperformed in a string of games for the qualification for the Champions League?
5a7b220855429931da12c9e5	The Julian P. Kanter Political Commercial Archive has been designated an official project by an initiative to preserve and protect what?
5ac51c2255429924173fb5b4	Neil B. Shulman was the associate producer of what 1991 American romantic comedy film directed by Michael Caton-Jones?
5ab868e755429919ba4e22e3	Which company has more divisions within it, WPX Energy or Hewlett Packard Enterprise?
5ab3c7df55429969a97a81be	which is larger, Hunchun or Shijiazhuang?
5a7294b65542991f9a20c509	What is the name of the umcoming horror film adaptation starring Melanie Griffiths daughter?
5a8595a85542992a431d1b48	Where was the music festival Billy McFarland was charged with wire fraud for supposed to take place?
5a887771554299206df2b294	Which artist was Italian, Sergio Leone or Jon Paul Puno?
5a88b3b4554299206df2b336	What type of art does The Consul and Arlecchino have in common?
5ae6fee3554299572ea54670	The player who defeated Johnny Majors for the Heisman Trophy in 1956 was born in what year?
5ab97a315542996be2020517	Which actor that has performed as Inspector Javert in a Les Misérables production Has won the Laurence Olivier Award for Best Actor in a musical three times?
5a714b645542994082a3e78b	What year did Lindsey Broad star in the movie with Russell Brand and Jonah Hill?
5abd0553554299700f9d7963	Archie Norman will succeed Robert Swannell as chairman of what British multinational retailer that is headquartered in the city of Westminster, London?
5add1d435542990d50227de8	Where is the company, which designed the Glomar Challenger, based?
5a8a0ed55542992e4fca84e8	Charles Hurt is currently the opinion editor of "The Washington Times", Fox News contributor, Breitbart News contributor, and editor of which politically conservative American news aggregation website?
5ab2861b554299449642c8df	What American politician from Tennessee born December 13, 1943 is related to former United States Congressman Harold Ford Jr. as well as former Congressman Harold Ford Sr.
5a76394c5542994ccc918725	When was the band who composited "Discipline" formed?
5adc995d5542994ed6169ba8	What group of people are described as semi-nomadic and speak the Semitic language ?
5abd0b9a5542996e802b46b7	Glenn Quagmire is voiced by the creator of what 2012 film?
5ab7948b5542995dae37e969	Are both The Day the Universe Changed and Lennon or McCartney American documentary short films?
5a7f1d3c5542993067513639	Which European based oil giant bought the commodities trading arm of J.P. Morgan in 2014?
5a8661535542994775f60758	What schools of thought are drawn from in the academic discipline of Hafiz Rashid Khan?
5ab4396555429942dd415eed	What Kenya-based company owns the Tusker beer brand?
5ae3776e5542992e3233c40c	Are 13 Engines and Oingo Boingo both new wave bands?
5ac259585542992f1f2b3868	When was Erik Watts' father born?
5a77671255429966f1a36d21	What aspect of the board game Diplomacy is not found in the board game Uncle Wiggily?
5ae1b8075542997283cd2262	What muffler repair shop owner inspired Andrey Zvyagintsev's film Leviathan?
5ae773eb5542997b22f6a777	When did the HBO series that Alice Wetterlund star in premier?
5ab72b5855429928e1fe3828	"She's a Woman" is a song on the B-side of a single whose A-side has one of the first uses of what in popular music?
5ab7b3cc55429928e1fe3893	Are both Microcachrys and Protea endemic to the same continent ?
5ab8261655429934fafe6cf1	What Metropolitan City was Massimo Giordano born in?
5ab8848d55429916710eb07b	What country of origin does Stan Williams and Adelaide Oval have in common?
5ae26c435542994d89d5b420	Cagliostro-Walzer op.370 was composed by a man born in what year?
5ab6c181554299110f219a5f	In which album was American rapper Kendrick Lamar's first number-one single on the US "Billboard" Hot 100 included?
5ab707d65542991d32223761	Witkins Township is served what district that is represented by Tim Murphy?
5a7fa2ad5542994857a76792	What was the book that was centered around a rule that is expressed algebraically, or quantities "a" and "b" with "a" > "b" > 0?
5ae346365542991a06ce9985	The vynil collectible Vinylmation are all shaped with the body of a cartoon character created by who ?
5a8645825542991e771815eb	Deckers Creek is a tributary, and its beginning in the west is named after?
5a8e0d04554299068b959e3a	What country does Haringey Heartlands and The Mall Wood Green have in common?
5a7a96b055429941d65f26d7	What is the central institution of Cheyenne Indian tribal governance that Ehyophsta was not a member of?
5abc5955554299114383a118	Which movie was released first, Return to Oz or Midnight Madness?
5ae780bf554299540e5a55d0	The bomber who carried out a Provisional Irish Republican Army (IRA) assassination attempt against the top tier of the British government in 1984 was born in what year?
5ae1452c554299422ee99654	What famous New York burglar and freelance writer was involved in a robbery for which a book was written about?
5ac3ac8255429939154138ad	APB and Sleeper are both from britain?
5abdd30c5542991f66106052	The 2015 MTV Video Music Awards pre-show premiered the music video for a love ballad with a prominent what?
5a7fa1b05542994857a7678e	The Jodrell Bank Observatory was established in 1945 by what English physicist and radio astronomer?
5a88fa145542997e5c09a6e1	What was the benefit of reintroducing piston power and replacing the most popular turboprop engine in history?
5ab90db455429916710eb0f2	Alex Jesaulenko, former Australian rules footballer and coach won the award The Goal of the Year. In what year did he win that award?
5ab95dd8554299743d22eb13	Which film came first The Strongest Man in the World or Candleshoe?
5a7bbc59554299294a54aaa9	Steve Denton and Albert Costa are both tennis players, which one began playing at the age if five?
5a8595005542992a431d1b40	What product is being built at a 107,000 acre industrial park for Tesla Motors?
5a884adb5542996e4f308938	Are Eryngium and Arnebia in the same kingdom of life forms?
5ae0db8955429924de1b71a1	Pyne & Marles is co-hosted by Richard Marles and an Australian politician who has been the Liberal member for the House of Representatives seat of Sturt since what year's election?
5ae5fc345542993aec5ec1f8	Kiki Preston was the alleged mother of a child born out of wedlock with a prince born in which year ?
5a84800f554299123d8c2276	Alexandra Park in Greater Manchester, England was created in response to an event that ook place during what years?
5ab1d2585542997061209581	Has Lasse Hallström gotten more Academy Award nominations than Dionciel Armstrong?
5abd0077554299700f9d7954	Lafe Pence was a member of which lower chamber of the United States congress?
5ae0cf8355429945ae959464	Ben Folds and Nic Offer are both considered to be which type of artists?
5ae63cc55542992ae0d16298	Who led the Texian Army in the battle in whichJoseph L. Bennett served as lieutenant colonel?
5a7d70d45542990b8f50398a	Which movie came out first Muppet Treasure Island or Million Dollar Arm ?
5abd578a5542993062266c5d	The W. H. Shipman House is in what Hawaii county?
5ae361605542994393b9e69b	The facility where Robert Croft worked as a navy instructor was also known as?
5adc46665542994650320cc8	In what year was the composer of "Anthem" born?
5a87964c5542996e4f30885f	Romans stars which Tamil and Telugu actress?
5a842f705542996488c2e4fc	Stabat Mater was written by a composer of what nationality?
5ab2929a554299449642c900	Who is the US Olympian and Christian evangelist did the 2010 non-fiction book by Laura Hillenbrand focus on?
5a89d36e554299515336132a	Who directed the film based on the rock opera 5:15 appeared in?
5ae46c9d5542996836b02c9d	What prize was won in 1963by this physicist who was part of the Princeton Three?
5ae1cf785542997f29b3c12a	Tao Okamoto made her debut as the lead in the 2013 film featuring the character from what Comic company's line?
5a8de4595542995085b37348	What is the prefix given to the end of the name to avoid confusion for the winner of the 1996 Record of the Year Grammy?
5ab7f0995542995dae37e9fb	Are Portuguese Podengo and Russo-European Laika the same breed of dog?
5a7345ed5542992359bc32ce	Which field of studies did Semyon Aranovich Gershgorin and Anatoly Maltsev work in?
5abf92c45542993fe9a41e07	Southern California Logistics Airport is how many miles northwest of Victorville, California?
5a8ba67755429971feec4748	Orchard Gateway connects what shopping mall in singapore with 313 @ Somerset?
5a874f20554299211dda2bd6	Which European Space Agency astronaut flew more Space Shuttle missions, Hans Schlegel of Germany or first Belgian in space Dirk Frimout?
5abbdd6955429931dba145b5	Who directed the 1971 film in which Pat Ashton starred in?
5ae635505542992ae0d16282	Where was the comedian from And There's More born?
5a7a3d435542996a35c17154	The Swallow Bluff Island Mounds is a Mississippian culture archaeological site that is located in this river which was once known by what name?
5a7d598d5542995f4f402262	Which director was also a film editor, Burton L. King or Maheen Zia?
5ae0f8a05542997b2ef7d0bc	Phil Edwards is an American surfer from California whose photo appeared in the cover of what magazine which has over 3 million subscribers and is read by 23 million people each week?
5a7af4bb55429927d897bf1d	In what year was the son of Max Weinreich born?
5a81778355429926c1cdad2e	What lake in Australia is named after a Scottish Knight?
5a77b9a35542995d83181280	Who has written more #1 songs, Chris DeStefano or Brett Eldredge?
5ab724b45542991d32223785	Moss Side railway station is on Blackpool South railway station which is how far from Waterloo Road tram stop?
5a7c25895542997c3ec972e6	Arena Bowl XII included what team coached by current head coach of the Washington Redskins?
5ac415445542995c82c4acb7	Who played Amelia Vanek in the film adaptation of Monster?
5ab95a63554299743d22eb06	Who was a student of Rolls Gracie and ran the Gracie Humaitá school in Rio de Janeiro?
5ab3b50055429969a97a818c	On which river is the shipyard established by Andrew Sprowle ?
5ae1568a55429901ffe4ae6b	The southern terminus of State Route 102 is located in a town on the southwestern side of an island know to locals as what?
5a7f10e2554299306751360b	Are Bangkok Girl and Home both horror movies?
5a7af2a455429931da12c998	Palm Springs lies in Palm Beach County, the third most populated county in its state. Which major U.S. city is it near?
5ae1810555429901ffe4aecf	When was the improvisational troupe, which trained Amy Sedaris, Paul Dinello, and Stephen Colber, founded?
5ae0ae4555429945ae959419	Jal Pari, which translated in another language refers to which legendary creature which are sometimes associated with perilous events such as floods, storm,s shipwrecks, and drownings?
5abb8afe5542993f40c73b1e	Were both Roger Donaldson and André Cayatte french filmmakers?
5ab82e195542992aa3b8c8a8	The Russian-British physicist who shared the Nobel Prize in Physics in 2010 has established a reserach center dedicated to continuing the work with graphene in what country?
5a8d227a554299585d9e37b1	What annual event occurs on a property co-founded by an American who was the best-selling recording artist of the 20th century?
5add60905542995b365fab1d	What do Victor Salva and Emilio Fernández have in common?
5a77c6e05542995d831812c7	What is the name of the Minahasa journalist and novelist who was active in the colonies incorporated into the Dutch government in 1800?
5ae1ee6d5542997283cd22fd	Taylor Nichols was part of the ensemble cast of which 1995 American black comedy and psychological horror film?
5add2b865542992c1e3a2550	Which Persian historical figure was an astronomer, Al-Karaji or Ahmad Nahavandi?
5ab5ee055542997d4ad1f259	What sport does America's first openly gay, actively playing, professional team sport athlete play?
5ac514d05542994611c8b372	What is the name of the person that named Moltke Nunatak after the Chief of the German General staff that served from 1906 to 1914?
5a8836445542997e5c09a5a5	Professor A. Selvanathan is a professor at a university that is public or private ?
5a8010685542992bc0c4a69a	Jimmy Garcia lost by unanimous decision to a professional boxer that challenged for what title in 1995?
5a728dc65542992359bc30ef	What fellow Turkish footballer did Darko Kovačević form an offensive partnership with during his tenure at Real Sociedad?
5a7c38c955429935c91b5132	What characteristic meaning it's transferable between species, does monkeypox and cowpox virus both share?
5ab4378f5542991751b4d6f3	Are both Kaiping and Pingxiang, Guangxi located in Guandong Province?
5ab4028555429976abd1bd2b	Which city has a higher population, Shanghai or Hengyang?
5ac2a41e55429967731025d0	What year was the bank famously opposed by Brendan Bracken for co-operation with Adolf Hitler originally established?
5adeaec455429939a52fe952	The saint in "A Time for Miracles" was born on what date?
5a7f84225542994857a76756	The Pappas house is the largest of the Usonian Automatics built after a house located in what village?
5addce005542997dc790703c	How many daily flights are made by the Thai long-haul low-fare airline (part of the AirAsia Group) headquartered and based at Don Mueang International Airport?
5a87ef2f55429938390d3eb9	Which airport is further north, Valley International Airport or Aberdeen Regional Airport?
5abd1b5e55429933744ab728	The A5117 runs between Shotwick and a village with a 2011 population of what?
5a7a5ea15542994f819ef1c7	Who born earlier, Lewis Terman or  G. Stanley Hall?
5a8d42c95542994ba4e3dc43	Dr. Saleha Mahmood Abedin's daughter was born in what year ?
5abb342055429966062416e8	The world's greatest Super-Heroes anthology showcased one of four superheroes known for speaking the phrase "SHAZAM", what was their name?
5ab2b630554299545a2cfa17	Are the films Gasland from 2010 and Pumping Iron from 1977 both documentaries?
5a7320ac5542991f9a20c620	Which game was created first, About Time or Java?
5a8febb555429916514e73e4	Which animal races annually for a national title as part of a post-season NCAA Division I Football Bowl Subdivision college football game?\
5a86481b5542996432c571b5	When was the publisher of Traveller Supplement 4: Citizens of the Imperium in business?
5a7d93945542990b8f5039b8	Kurt Cobain: Montage of Heck documents the life of Cobain until his suicide in what state?
5ae150ab55429901ffe4ae53	How many seats does the jet airliner with which Boeing 777X was intended to compete have?
5a7528e955429929fddd850e	Which magazine began publication first, Reunions magazine or Money?
5ae5dae2554299546bf82fa4	Faruk Halibegovic was born in what city that is the capital and largest city of Bosnia and Herzegovina with a population of 275,524?
5ae12f105542997b2ef7d11e	Love Thy Neighbor starred an AMerican actor who was best known for his role as Jack Tripper on what sitcom?
5a72dcb45542992359bc31af	What company did Rex Maughan aquire?
5ae530e355429908b6326561	"Twenty Two" is an episode of the series "The Twilight Zone." adapted from an anecdote by a publisher who made appearance in what panel game show?
5abe3abb55429965af743ea1	What was the former name of the company which operates Hunterston Terminal?
5a77a15b5542995d83181226	What is another name for the people that the Torra di Tizzà was created to protect against?
5ae409d955429970de88d89d	Greetings! We're The Monitors was the debut album by the band who had what soul and R&B singer as their lead?
5ae3fe635542996836b02c07	Which American politician was the 61st Governor of Maryland and had help on his first campaign in 1998 from Richard Burton?
5a7322a25542991f9a20c634	Was the Metropolitan Life Insurance Company Tower [Met Life Tower] or the 15 Hudson Yards building designed by the firm of Napoleon LeBrun & Sons?
5a7324e055429901807daf8f	What rapper on the song "Wij zijn Ajax" plays for the Turkish club Beşiktaş?
5addcfd65542997dc790703e	Which company had a ten year contract with the anti-hero from Escape From New York played by Kurt Russel?
5abe92de5542993f32c2a16b	Which feature does the G-shock watch have that is tested by a leakage test?
5a80f42b55429938b614226c	When was the medieval fortress abandoned that is to the north of Yellowcraig?
5ab94ade554299743d22eac7	Persona Non Grata includes interviews by the political leader of what nationality?
5aba89fb5542994dbf019933	The World War I Air Force pilot who has been credited with 80 air combat victories has been the subject of what forms of media?
5a7651825542992d0ec060a3	Which university has more schools, Ateneo de Davao University or University of Rochester?
5ac3c1585542995ef918c21d	Baltic Neopaganism was a religious movement that included which poet and humanist?
5a797bd95542994bb9457016	What age was Georgia Middleman when she started singing in the seventh-most populated city in the United States?
5ade5a645542997c77adee0d	Which city is at coastal county-level, Wenling or Ruili?
5ae36ee05542992f92d822c4	On what date will the election for which Krishanti Vignarajah is a declared Democratic candidate be held?
5a8b231055429949d91db4c9	On what network did the series that Bradley Thompson started working on in 2014 premiere?
5addd41b5542990dbb2f7e94	In what capacity did the author of the book,  An Inconvenient Truth,  serve in the United States government ?
5a8a5bd355429970aeb702b9	Falling Stars is a role-playing game published by the company based out of what country?
5adbfc945542996e68525296	What year was the 2nd wife of the leader of the hussites born?
5adc294c5542996e685252cf	Which university's teams with a mascot called Stomper began competing in the Northern Sun Intercollegiate Conference in 2008?
5a7351785542994cef4bc539	Was Atom Egoyans biggest commercial success on stage or on film?
5adbc8e25542996e68525230	What award has the composer of "Shady Lady" received five times?
5ae0247955429925eb1afc22	Where did the character  Xavin  changed into a black female just for the sake first appeared
5a8cdcb0554299441c6b9f33	Was the film Splash released before the film Tangled?
5a888abc5542997e5c09a604	Which was released first, Kolejka or Ghettopoly?
5ab9e2055542994dbf019884	What kind of group does At the Drive-In and Muse have in common?
5a851b0d5542997175ce1f7f	Are Dogo Cubano and the Dutch Shepherd both breeds of dog?
5abd0eae5542996e802b46d4	Are Muzzle and Screaming Trees both alternative rock bands?
5ab930c75542996be202043a	What other series is the actress who plays Malory Archer well known for?
5abc0dfe55429959677d6a05	Who co-starred alongside John Wayne in the 1951 World War II submarine film Operation Pacific?
5a82ebb855429966c78a6a9c	whats the famous bavagheet by arun date?
5a7a1d305542990783324e66	What are the professions of Tom Johnston and Daryl Palumbo?
5ac290e85542992f1f2b3916	What facility is shared by RAAF Base Williamtown and Newcastle Airport in New South Wales?
5a7b116a554299042af8f6c4	What year did the prison where William Penn wrote No Cross, No Crown stop being used as a prison?
5ab553e2554299494045ef81	Which show was Andrew "Andy" Spade's brother in n the 1990s?
5ab587f85542992aa134a34d	Where did The Cure record their highest charting single?
5a732ab25542991f29ee2d25	In what school district is Governor John R. Rogers High School, named after John Rankin Rogers, located?
5ac283f7554299677310254a	Is Baiyin or Xinghua, Jiangsu a county-level city?
5a7aa5e75542992d025e66d9	Ho Iat Seng  is a member of a legislative assembly that has how many members ?
5ae237cf5542992decbdcc78	McLaren MP4/11 was driven by what Finnish former professional racing driver
5abe4a365542993f32c2a0dc	Rosi Golan's songs were featured in commercials for a brand of Artsana, that's been working for over 50 years, and is present in how many countries?
5a84f4c75542997175ce1f31	Which Italian composer was known for his long-flowing melodic lines and was included in the repertoire of Maria Callas?
5add64e35542992200553ae8	Which movie starring Tony Longo is based on Tonka toy line and Hanna-Barbera television series?
5ac02d59554299294b218f3b	The music composer of the film Angaaray, Aadesh Shrivastava died from what at age 51?
5adbe27c55429947ff173854	Which university has more campuses, Dalhousie University or California State Polytechnic University, Pomona?
5a84e0a45542991dd0999e11	Which is farther north, Steel Venom or Wicked Twister?
5ac2e97d554299657fa290c0	Where is the company that created Doravirine ( from?
5a8ec3205542995a26add506	Does Dashboard Confessional have more members than World Party?
5ae39e9c5542990afbd1e195	Wangaratta Wahine, an album featuring the work of an Australian Living Treasure, was recorded by what band?
5a8c92dd554299653c1aa0c4	Did Big Pig or Blur have more members?
5a81dbfc55429903bc27b9f2	What movie character was based on the martial arts actor known as JCVD?
5ab5e4e15542997d4ad1f229	When was the football club founded in which Walter Otto Davisplayed at centre forward?
5add00775542992c1e3a2503	The inventor of the Maxim Gun issued 1.9 million shares to what man?
5ae7a8d35542994a481bbdbb	Which contest in California pays homage to an American novelist that won the Novel Prize in Literature in 1954?
5ab439f055429942dd415eef	Which airport Albany International Airport and Dane County Regional Airport is nearer its local town ?
5a8b6efd5542997f31a41d2b	what are the low sea stacks in the Shetland Islands called?
5ac02d345542992a796decc0	Where are Abbey Clancy and Peter Crouch from?
5a892d6f55429951533612d1	The original serialized story of the Bride of Re-Animator film was titled "Herbert West–Reanimator" and written by an American author who achieved posthumous fame through his influential works of what?
5abd68d655429933744ab7c0	Were Dee Dee Ramone and Ben Weasel ever in the same band?
5ac3891f554299741d48a284	Is Central Illinois Regional Airport of Jacksonville International Airport further east?
5a8135eb55429938b61422fa	The nightclub Playboy Club was located at this hotel and casino located near the Las Vegas Strip that has how many rooms?
5a7e355055429934daa2fbf4	whodesigned the first theoretical mechanism for the detonation of an atomic bomb and was part of the group of scientists who first discovered nuclear fission?
5ab5d4eb5542992aa134a3aa	how many films has the director of "Girl 6" produced since 1983?
5a84e4bc5542997b5ce3ff81	In modern history of Syria this kingdom lasted for only four months, this kingdom surrendered to who?
5adfbd4655429942ec259b31	What American actress starred in the 1996 television film "Bastard Out of Carolina" directed by Anjelica Huston?
5ab85e195542992aa3b8c8c5	What profession does Alex Beard and Tony Hall, Baron Hall of Birkenhead have in common?
5ab6c65e554299710c8d1f58	What was the population of the town as of 2000 where the historic tugboat Catawissa is located?
5adf9b415542995ec70e904c	Where does the founder of The International Grenfell Association act as a missionary to?
5a7a5aea5542996c55b2dd6f	What country is the Selun located in?
5ae446175542995ad6573d1f	Who had a perfect game against The Ignitor's team in 1998?
5abbd3b4554299642a094b4f	What sort of dog did the same man who cared for the living gift that Martin Bormann gave Hitler have?
5a89875655429938390d4047	What profession does Kazuyuki Fujita and Gilbert Yvel have in common?
5adeab4555429975fa854f5f	The Robey-Peters Gun-Carrier was built at a commuter village with at population of what at the 2001 census?
5a72e4375542992359bc31bf	Who is older, Lucy Gichuhi or Bob Day?
5add64065542995b365fab25	What do Lavinia Greenlaw and Nâzım Hikmet have in common?
5ae0b4c15542993d6555ec21	What are The Ready Set and Cell?
5a8a42ec55429970aeb7027c	Are Marilyn Manson and Joe Lynn Turner both American singer, songwriters?
5ae113de55429901ffe4ad51	Berthold Louis Ullman died in a country that is approximately how many acres?
5add5f925542997545bbbd48	Tikkun and Moment are both what?
5a7fd1515542992e7d278db1	Grimsby Minster is located in which English Province?
5a7222b155429971e9dc92c4	Which film, The Happiest Millionaire or Mars Needs Moms, was created first?
5abb7e4f5542996cc5e4a00b	Umaru Mutallab had a son who tried to detonate materials about the flight that took place on what date?
5abcf84d55429959677d6b86	Mexican Indignados Movement is a response to a war also known as?
5a7d119d5542995ed0d165d5	Who was born more recent.y,Gunnar Nelson or Florence Welch?
5a8a4a4055429930ff3c0d77	Step Up 2: The Streets is the sequel to the dance film directed by whom?
5a7754d85542993735360234	Who was born first, Frank I. Cobb or Joseph Pulitzer?
5ac44813554299194317396b	Parafield, South Australia is very near the airport and what campus of the University of South Australia?
5adbe447554299438c868ccd	Are both Arizona v. United States and Reynolds v. United States Supreme Court cases?
5ae4b8fc55429913cc2044e5	When did the place in Canada where François Beaucourt (1740-1794) was mainly active acquired its present name?
5ae26fad554299495565da6f	Which historical drama filmed in the Winter Palace of the Russian State Hermitage Museum stars Sergey Dreyden?
5ab53436554299637185c504	where was the musician and stand up comedian who recorded and released a live performance at London's Bloomsbury Theatre in May 2008 born?
5a7e36815542995ed0d166d4	What two casinos border the hotel that hosted WrestleMania IX?
5a906f9f5542995b442420b3	What theatre in St. Martin's Lane often hosts the English National Ballet?
5ac0aab35542992a796ded5c	Meet Market is a 2004 film starring which son of a former prime minister?
5abc8507554299700f9d78de	Undiscovered Country is a reference to the concept of the afterlife as the "undiscovered country" from which opening phrase of a soliloquy spoken by Prince Hamlet in the so-called "nunnery scene" of William Shakespeare's play "Hamlet"?
5ae5d82f554299546bf82f9a	How many periods in office were held by the British Prime Minister who led the "Who? Who?" ministry?
5abcf51c554299700f9d7949	Carlos Hasselbaink is the older brother of the footballer of what nationality?
5a7a7dc15542994f819ef1f2	Who was born first, Andy Warhol or Alexander Butler?
5a77984d5542992a6e59df14	What occupation do Henry Moore and John Wesley have in common?
5a775bab5542994aec3b72a8	The National symbols of Albania are used in this part of Serbia that are composed of which municipalities?
5ab5574b554299488d4d994e	Robin R. Bottin is known for his collaboration with an American director and producer who won an Academy Award, Golden Globe and BAFTA award for what movie?
5a8e7c095542990e94052b22	When did the person for whom Tubman University was named serve as President of his country?
5ac2ad5355429921a00ab02c	Which son of Robin Fox MC, is an English theater and film producer
5a7f97c05542995d8a8ddeb0	Whom was the cofounder of Orange County Choppers and appeared with Paul Teutul Sr on American Chopper?
5a84f8555542997175ce1f3a	The winner of the FIA World Endurance Championship in 2013 drove the Toyota TF101 with who?
5ab9fe1255429939ce03dc40	What position did the current Leader of Fine Gael hold from 2016 until 2017?
5a77a8b45542995d83181253	What is the name of the Kegeyli District in the Turkic language spoken in Karakalpakstan?
5a7296815542991f9a20c515	Who brewed the first espresso coffee in space, Patrick Baudry or Samantha Cristoforetti?
5ae1925a554299492dc91b48	Which Victorian poet was born in a 15th-century castle home to the Earl of Southesk?
5a90997b5542995651fb51af	The song Justice was used for a WWE event that took place on what day ?
5ab42e55554299753aec5a53	San Marco and Medina are both what type of game?
5a83972f5542996488c2e46d	Roy Holder appeared in a 1967 film which was based on a play of the same name written by who?
5a7b47765542992d025e67d8	What sport do The Basham Brothers and Doug Basham have in common?
5ac0aa955542997d64295a49	In which region is the village after which lager Fucking Hell is named ?
5a8b3c0055429949d91db4f8	IS Paul Sloane noted for directing more musicals than  Jacques Demy
5a8361f35542996488c2e431	Underwater! is a 1955 adventure film starring an American film actress who was a leading sex symbol in what decades?
5ab54056554299488d4d9923	Did Yasuzo Masumura and Pitof hail from the same country and professional career?
5a8a06455542992e4fca84db	Are both Lukas Rossi and Terry Kath American?
5ae0b9b155429924de1b7152	Are Mina Loy and Raymond Carver both British writers?
5ae1384355429920d5234329	Both Tim Conlon and Kehinde Wiley have what type of occupation?
5ab946d7554299743d22eaaf	What is the rank of the incumbent that RJ Harris challenged in 2010?
5a8d427f5542994ba4e3dc41	Erik Wickberg was the general of an army linked to which religious sect ?
5a7268235542992359bc3081	What unit of the Air National Guard is located at a base that was home to the 509th Bomb Wing flying the General Dynamics FB-111A?
5ae26905554299492dc91c17	Are Dennis Locorriere and Maja Ivarsson both lead singers?
5adcd1665542994d58a2f6e6	Who directed the black comedy in 1984 that started the American actress and singer best known for her role as Sally Morrison on "My Three Sons"?
5adfd0d655429942ec259b4e	What is the name of the process used by a company that is located in New Jersey and invented Hexachrome?
5a8b24f255429950cd6afc56	What retailer did Albert Heijn start up that eventually merged with the Delhaize Group?
5a8008b95542992097ad2fcf	The Light Princess was inspired by "what" literary tale published by Charles Perrault in 1697?
5ae274dd5542996483e649ad	Jet Airways is the second largest airlien after a low cost airline located in which city ?
5ac1089f554299012d1db688	Does Shengzhou have more former names than Linchuan District?
5a81ad9855429903bc27b9a3	When did the 2005 Ladbrokes.com World Darts Championship begin?
5a8ac5595542992d82986f77	In 2001, Hampton Pirates men's basketball defeated a second seed team that was coached by who ?
5a75447b55429974ef308cbf	Which battle came first, the Battle of Okinawa or Operation Diadem?
5a87defa5542993e715abfec	Nicholas Scibetta's hit man brother-in-law, who confessed to being involved in the murder of 19 people, helped prosecutors convict what Gambino family boss?
5ae12a4b55429920d52342df	Baraki Barak District is situated in the western part of a province whose capital is what?
5a7b68525542997c3ec97151	What band has been around longer, Mazzy Star of Pendragon?
5ade18df5542990dbb2f7f53	Which television network that aired Gameshow Marathon has been owned by the Bell Media division of BCE, Inc since 2000?
5a8430335542996488c2e500	Orlando Maturana had to compete with what other Colombian retired footballer for the national football team's striker position?
5a875fee5542996e4f3087ab	Which has more species, Lysiloma or Hydrocotyle umbellata?
5ab3d5f355429969a97a81c5	Who is the original writer of the 1977 horror film?
5ae56fb85542993aec5ec1a9	What software company developed Fade to black and it's 1992 Sequel, Flashback?
5adea2435542992fa25da7e4	A small regional passenger airline from Killeen, Texas moved its operations from a city owned public airport 6 miles northwest of Downtown Dallas to what airport?
5a7b695f5542997c3ec97156	In 2106 this magnetically confine nuclear fusion device achieved the highest pressure of a gaseous mixture of negatively charged electrons and highly charged ions called what?
5ae164cf5542997b2ef7d1cd	What platinum selling track was included on the album "The Warrior's Code" with lyrics by Woody Guthrie?
5ac2070755429964131be2bd	How many episodes were there of the TV series where Julianna Margulies had the role of Carol Hathaway ?
5ae1892f5542997b2ef7d1f3	When was  Evelyn Waugh famous work first published
5ade636255429939a52fe896	Kresy, which roughly was a part of the land beyond the so-called Curson Line, was drawn for what reason?
5a8b128455429971feec463b	What city is the women's Vans Triple Crown of Surfing event hosted at?
5a8affca55429971feec45e3	Cliburn railway station was a station situated on This railway that  ran between Clifton Junction near Penrith and Kirkby Stephen via what?
5ae5a8435542992663a4f208	What is the nationality of the scientist who invented in Tribometer?
5a8e82ff5542995a26add4e2	Which pistol was replaced by a pistol manufactured by Spreewerk?
5ab874ba5542990e739ec904	The Twelfth United States Army Group commander was the first chairman of what?
5ae2d8fb55429928c42394fa	Who was the base where the 413th Flight Test Group is stationed named after?
5ab7ba7555429928e1fe38b5	The Dukes of Hazzard was inspired by the 1975 film starring whom?
5ae1894f5542997b2ef7d1f4	In what year was the director of the 2016 American-British biographical drama film which stars Rebecca Hall as Christine Chubbuck born?
5a7734ce5542993735360217	What was Randy Shughart's rank when he died?
5ab55e015542992aa134a2d3	The Hong Kong Museum of Coastal Defence is located on an island with a population of what?
5a8bcad45542995e66a47512	In 135 BC, a second campaign was sent to intervene in a war between Minyue and another ancient kingdom established at the collapse of whom?
5a7df25a5542990b8f503b02	What did the screewriter for a 2013 psychological thriller film directed by Denis Villeneuve get a Goya Award nomination for Best Adapted Screenplay at the 27th Goya Awards for?
5a8f6a025542992414482ab8	The series in which Sharon Gless played Debbie Novotny was developed and written by who?
5ac113e2554299294b21909a	Who wrote the lyrics for Linda Eder's Broadway debut?
5a72224755429971e9dc92be	Which was founded first, Dain Rauscher Wessels or Berenberg Bank?
5a84c66a5542994c784dda45	What show did the co-creator with Chris Spencer of Wild 'N Out debut on?
5adc2b6255429947ff173901	What nationality is the singer who recorded "Who I Was Born to Be"?
5a73984355429908901be307	What singer-songwriter performed the country pop sing "Fifteen"?
5a7a4f335542990198eaf11e	Who is from farther west, Kings of Convenience or Belle and Sebastian?
5a7c49dc55429935c91b514f	The head of the Foreign Relations Department of the Rastriya Janashakti Party holds a degree that can be abbreviated MS, M.S., or ScM, in what field?
5a8db2105542994ba4e3dd04	The Government Digital Service is overseen by the Chief Secretary to the Treasury, who is from which party?
5ae11bc455429901ffe4ad94	Who was the creator of the American political satire comedy television series in which Sufe Bradshaw plays an acerbic secretary named Sue?
5ae48d1755429913cc204499	Which actor in The Lieutenant Wears Skirts is named Samuel?
5ab521175542996a3a96a02d	In which European country was Aimé Félix Tschiffely born in?
5ae5559c55429960a22e02ba	John Roger Kirkpatrick Scott was a member of the U.S. House of Representatives from a Commonwealth that borders what to the east?
5ae75eb15542995703ce8bf8	Which former college football quarterback is the nephew Wade Watts?
5ae3305c55429928c423965f	In Person is a 1935 film starring an actress born in what year?
5a89dd4d554299669944a5e3	Flower Alley was bred by the trainer who was killed at what Fayette County, Kentucky airport?
5a8f51695542992414482a3e	What space mission is the Rear Admiral astronuat born 1923 known for?
5adc0f8d55429947ff1738ef	Between Parsifal and Saul og David which opera has more acts?
5a8da70a5542994ba4e3dcea	Ashly Burch is known for voicing Aloy in a video game released in what year?
5a8a5dd055429970aeb702c7	Domestic Disturbance stars an actor who voiced what character in "Monsters, Inc."?
5a74b4e555429929fddd84c2	Does MedStar Washington Hospital Center or Children's National Medical Center have more beds?
5ade7feb5542992fa25da799	What is the nickname of the island that is 1,415 km further to the east-southeast of Tokyo?
5a7293655542991f9a20c4ff	What 1996 book was written by the founder of Media Matter for America?
5a832a625542990548d0b1b4	What airport is off National Route A002 and is largest airport in Greater Buenos Aires?
5a7f87755542994857a76769	Belle Gold is a fictional character portrayed by an actress of what nationality?
5a7bae775542995eb53be995	Who was born first, Mary Collins or Polly Draper?
5a7c6e435542996dd594b933	What was the birthdate of the actor who starred in the movie Voodoo?
5ac259125542992f1f2b3867	Where was the sitcom filmed that Judy Greer played Kitty Sanchez in?
5ab2acbc55429929539467d2	What island is located  808 nmi northwest of the capital of Hawaii?
5ab54e145542992aa134a2a1	What three states junction is near the gap that Peter Hackett traveled along during the Scotish-Irish migration along the Wilderness Road?
5ae47fe255429913cc204482	This Australian racing driver currently drives the No. 22 Holden VF Commodore produced by Holden Commodore which manufactures what other models?
5a7b782455429927d897bfd7	Staten Island Summer, starred what actress who was a cast member of "Saturday Night Live"?
5aba05cb55429939ce03dc56	Tigerair is a budget airline and subsidiary of what Singaporean flag carrier?
5ae4f96755429913cc204551	Ndlela kaSompisi was a key general to Zulu King Dingane and a king born in what year?
5a7fb5ce5542994857a767ca	Here's Little Richard is a debut album containing a song written by Little Richard, Enotris Johnson and who else?
5a7336bd5542991f9a20c68c	Which game is a board game, Mensch ärgere dich nicht or Roulette?
5a77c1d95542995d831812a6	The Bee Cliff in northeast Tennessee overlooks a river that is how many miles long?
5a7723fa55429966f1a36ca0	Which was published earlier, La Belle Assemblée or VIVmag?
5a8b40b055429949d91db50c	John Michael Montgomery has had more than 30 singles on the "Billboard" country music charts, but what single from his fourth studio album What I Do the Best never reached the top ten on the Hot Country Songs charts?
5a79ad485542994bb9457036	What competitions does Lai Shiu Wing team compete participate in?
5a84b5f05542991dd0999da5	In the muti-sport games usually held every four years between nations around the Mediterranean Sea, Fatma Lanouar is best known for winning gold in which event?
5ae8161555429952e35eaa04	Where was the match held where Chicharito scored goals along with Antonio Valencia and Dimitar Berbatov?
5ae0fb8855429920d523425b	In which region is the town in which  Fort Kongenstein is located ?
5abb17e75542996cc5e49fa2	What city is the the Iranian Airlines involved in the 1993 Tehran mid-air collision based out of?
5a7b1e22554299042af8f6e4	What award won by only twelve people has a man who Ted Kooshian has performed with won?
5ab2d28b55429916697740ee	Oprah Winfrey narrated a documentary about this athlete who rode 400 miles across his country to bring attention to the plight of the disabled in the country?
5a7a43245542994f819ef19d	What is the birth year of the rapper who made The Cold Corner 2?
5a7d003b55429907fabef0a1	Who was born first, Vladimir Nabokov or Harper Lee?
5aba9813554299232ef4a357	Which is a choreographer, Yuen Woo-ping or Basil Dean?
5ae731c4554299572ea54781	Carl Barks is best known for his comics about the cartoon character created in what year?
5ae78d155542994a481bbd99	What did the UK's first Linux-specific magazine call Qvwm?
5a76a2b55542993569682c6c	WonderWorks made an adaptation of what novel created by Frances Hogson Burnett?
5ab455dc5542991779162c77	What relationship did Gordon Banks have to the person who killed American recording artist Marvin Gaye?
5ae63b2255429908198fa526	What is the date played of this college football game at Sun Life Stadium in Miami Gardens, Florida, where Clemson defeated the No. 4 Oklahoma Sooners, 37-17?
5a7cde68554299683c1c63ac	"The Simpson's" episode featuring the  "Itchy & Scratchy & Poochie" show satirized the world of television production just as the episode featuring the "Itchy & Scratchy & Marge" satirized what type of issue?
5a76641e5542992d0ec060d8	What American actress who died in 2011 starred in Fear Stalk?
5ade56ed5542997c77adee04	Gérald Genta, a Swiss jewelllery designer, worked with what luxury Swiss watch manufacturer which was founded by American Watch,aker Florentine Ariosts Jones?
5ade74285542992fa25da78c	Of the two genuses Gaillardia and Browningia which one is a genus of cacti?
5a7bbee85542997c3ec97270	Rafe Hernandez is a fictional character who played with Chrishell Stause's charachter on Days of our live?
5adf68ac5542993344016c79	Little Brown Stein is a rivalry trophy that imitates a mug made out of what item?
5a81937e5542995ce29dcc08	Disturbia is a 2007 movie that stars what American actor who starred in the Disney Channel series Even Stevens?
5ae665795542991bbc9760c9	What film did the mother of Karan Kapoor star in in 1970?
5a8cf064554299585d9e3775	What type of games are both Sector 41 and Enchanted Forest?
5abbc7a055429931dba1451b	In what order does Three Colours: Blue appear in the Three Colours trilogy?
5a7b01645542992d025e6734	What property do the films Sweet Crude and Tunisian Victory share?
5a81456855429938b614231e	Between Valparaiso University and Old Dominion University, which institution has higher student enrollment?
5adf72095542992d7e9f935d	The New York, Westchester and Boston Railway has a terminus at the New York city in what county?
5a771e3255429966f1a36c78	What German computer repair technician may have inspired Diary of a Cannibal
5a73551e5542991f29ee2d84	Who was born first, Lawrence Ferlinghetti or Luigi Pirandello?
5a75abbb5542992d0ec05fd9	Which auto club has sanctioned races run in California as well as Indianapolis?
5abc219655429959677d6a1d	Which comic book was also written by the writer of Crossed?
5abee70a5542994516f45476	What role did Anne Innes-Ker, Duchess of Roxburghe (daughter of the 7th Duke of Marlborough) serve to Queen Victoria?
5a776bd155429966f1a36d3b	Who was born first, Maurice Ravel or William Walton?
5a809fe75542996402f6a5ba	The Phillips Berlina is a neo-classic car that used stretched underpinings from a car that set a new sales record for what model year?
5a7cefcf55429909bec768af	Mis'ry's Comin' Aroun is by an American librettist that won how many Tony Awards?
5adf400a5542993a75d2644e	What type of submarine was the non-nuclear U-32?
5adfa1f9554299025d62a308	What is the full name of the captain of the Australian team that won the 1930 Ashes series?
5a7797175542992a6e59df10	Where were the presenters of the 2016 Brit Awards from?
5ac4c16b5542997ea680cab4	Are Mick Jagger and Brett Scallions both musicians?
5a863b87554299211dda2ab7	Who is the former pentecostal preacher who released the comedy album Leader of the Banned in 1990?
5a81a63c5542990a1d231e45	Charles Haughey held what position when he dissolved the list of members who were elected to the lower house of the Oireachtas of Ireland on 25 May 1989?
5a8ac38855429970aeb70300	When was the colony William Bradford was governor of founded?
5a7653d25542992db9473765	Nick Hexum of which American rock band helped produce Decomposer by The Matches?
5ab9988b554299131ca4238e	Who is the American actress that stars in the movie "Innocesnce" and is best known for her role as Alexandra Cabot in a long-running NBC series?
5a88a8f4554299206df2b320	Which battle took place closer to New York City, Battle of Fredericksburg or the Western Allied invasion of Germany ?
5adcc5715542990d50227d0a	What album starring Ed Sheeran was released on 3 March 2017?
5a7455eb55429979e2882908	Which Avalanche happened first, Rigopiano avalanche or 1999 Galtür avalanche ?
5a88ca4e55429938390d3fc2	The Grosvenor Museum takes its name from the family name of a title currently held by whom?
5a8a410655429970aeb70279	Pyotr Verzilov is married to a Russian conceptual artist and what kind of activist?
5ac2ed41554299218029db96	Which genus has more species, Monstera or Cercis?
5abdb7ff5542993f32c2a011	Lauri Markkanen was traded for which player who was born in Houston?
5ab1e7685542993be8fa9877	On what street was the hotel located where the fire happened that ranked one above the MGM Grand fire in severity?
5a773ec45542994aec3b7245	Who was born earlier, Simone Bolelli or Caroline Wozniacki?
5adf6aca5542993344016c8d	Ocean Springs School District is located in the city in what Mississippi county?
5a70ff335542994082a3e49c	Which Indian actress who earned filmfare award for Best female debut in "Refugee" acted in K3G movie?
5ade25ed5542997c77aded70	During what war were the Russia-United Kingdom relations in a state of rivalry after the abdication of Emperor Nicholas II?
5ae46b615542995dadf24327	Who has more scope of profession, Edward Dmytryk or Otto Preminger?
5ae682c45542995703ce8b6f	Which Record Company reissued an Avenged Sevenfold Album that only sold 300 copies?
5a7ba8fc5542995eb53be986	Who was born first, Umar Israilov or Ramzan Kadyrov?
5a7d1868554299452d57bae2	The Shrewsbury & Newport Canals Trust promotes the restoration of what navigable canal in England?
5a87556d5542994846c1cd65	The Dalmatian parliamentary election, 1861 was held in what crown land of the Austrian Empire?
5abffafe5542997d64295988	Nick Jr Too was launched on the same day as what rival channel that was created by Turner Broadcasting, and is the sister station of Cartoon Network?
5a8460d5554299123d8c2229	Have singers Yang Yo-seob and Kim Tae-yeon both appeared in group bands?
5ac2db67554299657fa290a6	What is Michael Nakasone job at the college prep school in Honolulu?
5ae25c815542992decbdcccc	What trio was the songwriter of "What Are We Doin' Lonesome" from?
5adfc8cf554299603e4183ad	Which driver has been in less races, Marlon Stöckinger or MatthieuVaxivière?
5ac3a7ce554299391541388f	Dichroa and Lathyrus, both native to Europe?
5a8f0de35542995b44241f40	Which musician obtained fame first, Terry Kath or Róisín Murphy?
5ae37d265542994393b9e6e7	Which of the people featured on Wall of Fame is the daughter of Bernie Ecclestone?
5ae66d785542996d980e7b67	When was the company that produced rectangular crackers that have 18 holes in a 3x6 pattern founded?
5a7768cb5542993569682d88	What Guatemalan Latin pop singer and songwriter  and writer of "El amor es un fantasma" shared a stage with Cristian Sáez Valdés Castro?
5a8f503c5542992414482a34	The Prodigal Daughter, though a book about an American, is by a novelist of what nationality?
5ae4e2ca55429908b63264aa	Who founded the company that Robinsons-May is a subsidiary of ?
5a733b835542991f9a20c6b2	Which movie is loosley based off the Brother Grimm's "Iron Henry"?
5a8b67b655429950cd6afcde	Who is the controlling shareholder of the world's fourth-largest tyre manufacturer?
5a806aca5542996402f6a503	Which characters are akin to goblins and were added to a Tilted Mill Entertainment video game in 2009?
5a89d26b5542992e4fca83d1	Leo A. Harris was also known for his handshake deal with Walt Disney that permitted the University of Oregon to use the likeness of what cartoon character created in 1934 at Walt Disney Productions?
5adec5055542995534e8c707	Mark Newhouse finished 9th in a 2013 series of poker tournaments sponsored by what corporation?
5ae2120c5542997283cd23ac	What is the name of the record label owned by one of the three artists responsible for creating the 1993 album Honky Tonk Angels?
5a75c02f5542992db94736b4	Which mountain is higher, Tongshanjiabu or Himalchuli?
5a8483b45542992a431d1a40	What star of Two and a Half Men won two young artist and TV-land awards for his character?
5ae0ff95554299422ee995b0	What son of Larry Johnson was born on November 19, 1979?
5ae12f16554299422ee9961f	Who directed the film that Mads Mikkelsen won the award for Best Actor for his performance in at the 58th Bodil Awards?
5adc3aff5542996e685252eb	What star in the film Up at the Villa has earned the title of knighthood?
5adde99b5542992200553ba1	Thunderbirds was a film featuring the exploits of what part of the Oklahoma Army National Guard?
5a8c493e554299653c1aa020	John ruskin named his album due to a removal of what?
5a728fbd5542992359bc30f8	Who was convicted of murdering the director of Schoolboy Crush?
5ae395d85542992f92d82313	What US city between New York and Quebec Canada was the most effected during the Taconic orogeny?
5ab7ff1d5542990e739ec7b9	Which American rock band is from Chapel Hill, North Carolina - Polvo or The Black Keys?
5a846da0554299334474611e	Which bird-themed team did the baseball player, who frequented the Red Cedar Inn and was also known as Dizzy Dean, play for?
5a78f89055429974737f792b	In his book Mathematical Foundations of Quantum Mechanics, John von Neuman devles into which major field?
5ab9788155429970cfb8eb1a	What year did the CEO of Tata Consultancy Services takeover as Chairman?
5a8534305542997b5ce3ffc4	Between the two operas, Mosè in Egitto and Lucrezia Borgia, which one has more acts?
5abbc4f955429931dba144ff	Brendon Urie wrote new perspective after firing which bassist?
5a7af23a55429931da12c994	Candace Flynn was voiced by the actress who achieved mainstream success on what show?
5a77101d5542994aec3b71d7	Who was born in 1922 and published a book in 1985 by Delacorte Press?
5a84b2995542994c784dda11	What movies has Juno Temple starred in?
5abc7bc45542993a06baf8ef	Which as more species Cassiope or Deutzia?
5a75441c55429916b01642cf	Which building will have more floors, 15 Penn Plaza, or 247 Cherry?
5add22bc5542992ae4cec49f	Southrey is a village in the civil parish of which village in the West Lindsey district of Lincolnshire, England?
5abff9905542997d64295980	Egremont Castle is located in what market town, civil parish, and two electoral wards in the Borough of Copeland in Cumbria, England?
5ac31602554299741d48a1bf	Which of the actress starred in  Zombie Night appeared in the 1998 erotic thriller "Wild Things"?
5ade5b835542997c77adee10	What is the name for what was formerly called Grenier Army Air Field which is located in the two communities of Manchester and Londonberry?
5ab811395542990e739ec80f	Which continent have a distribution of both the Ternstroemia and Cussonia genus of plants?
5ab51dbd5542996a3a96a023	Along which river is the Kentucky Department of Corrections headquarted?
5a78e86f55429974737f78fb	What does the unique calendar system in Japan, who the first Emperor of Japan created, emphasize?
5a714de95542994082a3e7a8	Alexander Young, also known as George Alexander, is the uncle to which Scottish musician who replaced Malcolm Young in the band AC/DC in 2014?
5ae254565542992decbdccbb	In what year was the writer of the drama "Ingenious" born?
5a8ad6db55429950cd6afba7	What field of study is related to Ovamir Anjum's work and is known as Islamic mysticism?
5ac55ba05542993e66e8233d	An cricket star who played a supporting role in the film Sinhawalokanaya was a former captain of which cricket team?
5a89bb0b5542992e4fca83a0	Who created the series broadcast on the WB that Leigh-Allyn Baker had a recurring role on?
5abe7c515542993f32c2a128	How many marchers were in the protest that Pelham D. Glassford ended?
5abdcea955429965af743e5a	David Wayne Hull (born 1962 or 1963) is a leader of which group that originated in Mississippi in the early 1960s under the leadership of Samuel Bowers, its first Grand Wizard?
5a831fc955429954d2e2ec28	What city is the most populous city in Australia and Oceania and the birthplace of a silver and bronze medalist from the 1992 Barcelona Paralympics?
5a83870f554299123d8c2149	What party was the man who largely repealed the Black Act a member of?
5ab431e65542991751b4d6e2	Until when did this region exist as an organized incorporated territory of the United States, for which Samuel Thurston served as its first delegate?
5adf1b8a5542995534e8c750	What band did Gator Country guitarist that co-wrote Bloody Reunion come from?
5a7ad6045542992d025e6706	How many Academy Awards has the writer for the music of The Road to Hong Kong won?
5a88f7bf5542997e5c09a6dd	What movie did Chris Duesterdiek work on that was directed by Seth Rogen and Evan Goldberg?
5a76fda05542994aec3b71b0	Martin Flavin and Peter Benchley both did what occupation?
5ae762985542995703ce8c04	Which single was recorded in 1989 at the first Tubronegro rehearsal by the Norwegian punk rock band, initially active from 1989 to 1998, whose style is "deathpunk"?
5a7184675542994082a3e864	What is the manufacturer of the car used by the Ford CD2 platform's design inspiration?
5abfdc185542994516f45513	The chairman of Westfield Corporation has a son who holds a Bachelor's degree in what?
5ac00584554299012d1db575	What date was the person born that Samuel Flores Borrego was the right hand man of?
5ab5cc4a554299637185c61b	Which director is from the US, Wayne Wang or W. D. Richter?
5ae0c7b055429945ae95944b	The Admiral's Men occupied which kind of theatre in the 1590s ?
5a7391b655429978a71e902c	Who died first, Andrei Platonov or John Masefield?
5a90213255429933b8a20482	Who was the returning coach for the singer whose breakthrough album was named Tragic Kingdom?
5adcba885542994ed6169bd9	Performers that have played at the L.B. Amphitheatre include an American rock band that originally formed in Jacksonville, Florida, in 1964, as who?
5a8512035542992a431d1ace	What is the name of the one of the hosts of the Race for the Pennant sports show who is a retired american baseball pitcher?
5abff00c5542994516f45537	What film genre links Baghdad ER and Olympia?
5abd14c455429924427fceec	Who will conduct the firing cannons in Victoria as part of a musical piece written to celebrate the defeat of Napoleon in Russia?
5ac448185542995c82c4ad1b	Which video game featured the Houston Rockets player named NBA Sixth Man of the Year in 2012?
5a810221554299260e20a1f9	Who wrote the 1970 international hit song Murray Head is most recognized for?
5ac4e9ab5542996feb3fe974	which American political consultant was a former Trump campaign
5ac1276c554299294b2190bc	Heinrich Gross participated in the Nazi regime's Aktion T4 more commonly referred to as what?
5add7c9c5542990dbb2f7e60	Ellie Parker is a 2005 American drama-comedy film whose title character is played by an English actress who made her screen debut in what Australian drama film?
5a8351fd55429954d2e2ec98	What superhero is followed in the American comic book series that started as a horror comics anthology and introduced the fictional realm based on Norse mythology?
5a8318955542990548d0b177	How many Grammy awards were won by an album named after the Joni Mitchell song from Love Actually?
5ab51ddf5542990594ba9d11	Do both Lancaster Cathedral and Peel Cathedral belong to the Catholic religion?
5abaca935542996606241610	"Text Me Merry Christmas" is a song performed by Kristen Bell and a group that originated at what univeristy?
5a7c634c55429907fabeef79	Which writer died later, Agatha Christie or Clement Greenberg?
5abe9b095542991f661061ad	What, in 2011, was the estimated population of the city from which Numidia TV broadcasts
5a7369da55429901807db037	In what group was the writer of Songs and Dances of Death in?
5a8511185542992a431d1aca	Are Tímea Babos and Jack Sock tennis players?
5a77ace855429967ab105223	What entity with the capital city of Ciudad Victoria is a home to the northern grasshopper mouse?
5ab97c0255429970cfb8eb1f	What football team did Mario Gomez and Javi Martinez both play for?
5a8f08c2554299458435d530	Sian Gibson co-wrote which British sitcom, set around a supermarket and car share scheme?
5ade64b655429939a52fe89a	What is the relation of Sulley Muniru with the central midfielder of Intalian club Pesacara?
5abbeb7d554299114383a09b	Pulsed Pressure Cavitation Technique was developed at a natioal laboratory sponsored by what U.S. department?
5a7149595542994082a3e76f	Who starred in Love and other drugs and The Simpsons?
5aba7d8655429901930fa7ec	Where is the University Joe Odom played football for located?
5add65355542995b365fab27	What type of comedian was cloned in a series centering on Mitchell Reynolds?
5a75fbe855429976ec32bcde	Which documentary is newer, War/Dance or The Sorrow and the Pity?
5ade5e335542992fa25da766	What was both John Cheever and Laura Ingalls Wilder occupations?
5a7cc59c55429909bec767fb	How many miles west of Phoenix, Arizona is the base where the 63d Fighter Squadron is assigned?
5a7c8a3b55429935c91b5204	Town's first season in their new stadium was under the leadership of an English Football manager who was born when?
5a7f962655429969796c1ac8	Which skyscraper has more floors, the SNCI Tower or 8 Spruce Street?
5ac0c1cf5542992a796ded7c	Crestfallen's artwork is done by a photographer of which nationality?
5a82c51055429966c78a6a8d	Where did recording sessions take place for the Michael Jackson hit "Beat It"?
5ae3287f5542991a06ce993b	When was the group formed whose Japanese debut EP/ video album is called Nobody for Everybody ?
5a7329a15542991f9a20c65f	What record officially started in 1519 in the same state that holds the city Augustus Chapman Allen used his inheritance to fund the founding of?
5a71231a5542994082a3e5c4	What edible, juicy fruit is grown on a deciduous tree called 'pesco' in Italian?
5abc41315542993a06baf8bb	Mía Maestro had a role in the 2002 biopic directed by whom?
5a8622ae554299211dda2a7e	When was the son of Kingsley Amis born ?
5abdc8e755429965af743e3f	Ist das Ihr Fahrrad Mr O’Brien? is a German biographical radio play about life, works and legacy of an Irish novelist whose many satrical columns were written under what name?
5abba3cd554299642a094aee	How many different schools does the university, in which Andrew J. Elliot is a professor of psychology, have?
5ae7cb9b5542994a481bbde2	Who was the great grandfather of Franklin Seaver Pratt's wife?
5adbd1d25542994650320bf6	What is the current job of the former partner in ice skating of Vladimir Fedorov?
5ab741005542992aa3b8c800	Dan Hurley is the brother of which head coach of Arizona State's men's basketball team?
5ab3ec51554299753aec59f1	Sachin H. Jain served as Chief Medical Information and Innovation Officer for one of the largest pharmaceutical companies in the world called what?
5ae7d03b55429952e35ea9c2	What american singer,had Warren Fu as one of their video directors, and also had to face allegation of illegal marriage with R. Kelly?
5a7a06485542990198eaf04e	When was the actor who plays Marius Josipovic in Sneaky Pete born?
5a865e785542991e7718161b	Which building is located a higher numbered street, Americas Tower or One Penn Plaza?
5ab29b07554299194fa93440	Which city in the Baltimore metropolitan area includes a lake and surrounding park?
5a8f533d5542992414482a4c	The runner-up in The Celebrity Apprentice 2 has written an autobiography titled what?
5ade04a65542997545bbbe20	Don Holmes played for the football club that is based in what eastern suburb of Perth?
5a772c395542993735360207	What else was Baghdad known as during the Abbasid Caliphate?
5ab2958a554299449642c911	3:10 to Yuma starred what American actor also known for his role as Hoban Washburne?
5ae603a65542996de7b71af3	When was the Indian film actor, producer and playback singer born who debut with the 2000 War film, "Refugee" and had lead role in Main Prem Ki Diwani Hoon?
5add13b15542994ed6169c65	Why did the Japanese occupy the westernmost and largest island in the Near Islands group?
5a8f15ec554299458435d552	The 2006 NCAA Wrestling Championships crowned Jake Rosholt and another athlete known for powerful punches from what hand?
5abbf9b355429931dba145fe	Lean on Pete stars the actor best known for playing what role in Granite Flats?
5a75a4135542992d0ec05fcd	The Woodvale Historic District was built buy a company headquartered where?
5abc550e554299700f9d7870	Are Lochner v. New York and Cooley v. Board of Wardens both Supreme Court cases dealing with labor laws?
5ae152a65542990adbacf74f	When was the novel published  in 2010 which is part of the series of The Maze Runner?
5ac561315542993e66e823a9	Which writer also enjoyed boxing, Amy Tan or Norman Lindsay?
5a82119155429926c1cdae28	Charice is the first international studio album of a singer who rose to popularity through what?
5a85a37d5542997175ce1fe5	How many termini does the train that runs on the C&M subdivision and runs between Chicago and the Pacific Northwest serve?
5a886c0c55429938390d3f51	Who owns the broadcasting platform where Games Done Quick is broadcast?
5ab7fbbb5542990e739ec7b0	Does Bazhong or Kaiyuan, Liaoning have a higher population?
5abbe09d55429931dba145c0	What did one of Electron Blue writer who is also an american musician found?
5a7147fd5542994082a3e758	When was the king that started coin production in Copenhagen born?
5ac26d4d55429951e9e685b7	when did the black Angolan was one of the earliest African-American landowners in what would become the United States.acieved his freedom
5a7f74975542992097ad2f77	In 2010, what was the population for a state which is known for Annalee Dolls?
5abefbc15542990832d3a117	Michael Lent is best known as the co-writer of the memoirs of Hugh Rowland, a star on a reality television series that premiered on what date?
5ae3df6e5542992e3233c48e	Indian Mound Cottage was owned by the financier that co-founded which company?
5ae0bf3a55429906c02dab21	Which Democrat running for president in 2020 currently holds Maryland’s 6th district in the US House of Representatives?
5a8e8bed5542990e94052b47	What United Kingdom Prime Minister was succeeded in the 1990s by the Leader of the Conservative Party?
5a859a9c5542997175ce1fd6	In which year NGC 166 is located by an american astronomer who also discovered Frank Muller and Ormond Stone
5a721bbc55429971e9dc9279	Which Grammy Nominated album was created by a band whose members include John Bowman?
5a75d35d5542992d0ec05ffe	Which pizza shop opened first, Toppers Pizza or America's Incredible Pizza Company?
5ae32c935542990afbd1e0bd	What English campaigner for the suffragette movement did Angela Down portray?
5ab43179554299233955004d	What is the female star of Klepto best known for performing in?
5a7cd280554299452d57ba7f	What star of a Matthew Senreich and Zeb Wells comedy was born in July of 1983?
5a8f64e0554299458435d60b	Which documentary film was released first, Chicken Ranch or The End of Suburbia?
5a712beb5542994082a3e61c	What Golden Globe Award actor starred in the film Little Fugitive?
5ae4885e55429970de88d99d	How many records has the singer which Robert Gale tour with during his fifteen year of tour sang with dropped
5abbdb335542992ccd8e7fc1	Are NRG Energy and Raymond James Financial  based in Great Britain?
5a8b2dc055429950cd6afc62	What year was a film made that starred Michael Bean and was directed by Terry Gilliam?
5ab91799554299753720f6ea	When did the third international spin off of Pawn Stars debut?
5ae3c0245542990afbd1e1c3	What other jobs did the actress Olivia Munn from Mortdecai have?
5ab846e155429919ba4e229c	Who won more Grand Slam doubles titles, Tony Roche or Jamie Murray?
5abc546b554299700f9d786c	Kingdom Hearts 358/2 Days was made by the company based in what part of Tokyo?
5adfde09554299025d62a369	Robert Lewis "Bob" Pruett coached many high-profile National Football League players, including a wide reciver that holds what 2007 NFL record?
5ab681ea55429953192ad2e0	Are Gael and Fitness published in the same country?
5a77dadd5542997042120b59	Hall of Fame Racing was created by Troy Aikman, Bill Saunders, and which Dallas Cowboys quarterback known as "Captain Comback"?
5a80abb65542996402f6a5df	What organization affiliated with the National Collegiate Athletic Association Division were the 2012 Hawaii Warriors football team first year members of?
5abd5b0355429933744ab789	McLemore Avenue is to Booker T. & the M.G.s as what road in the city of Westminster in London is to the Beatles?
5a8642045542991e771815e2	What is the man who Hofstadter's law is named after's profession?
5aba926f55429901930fa83e	Which Formula One World Champion had a teammate named Richie Ginther?
5a84a5385542990548d0b2d9	Tedrow, Ohio lies close to which 241. 26 mi highway?
5a73b0975542992d56e7e387	Which market town in Lancashire is part of the BB postcode area?
5a73b55855429978a71e9086	Which major international airport in south-east England ranks as the 8th busiest airport in Europe and replaced Croydon Airport?
5abb14d85542996cc5e49f92	Are Alexander Kluge and Sidney Salkow of the same nationality?
5abaa954554299232ef4a362	Are the writing from Maurice Level and Alice Hoffman focused on different audieces?
5a88dc5a5542993b751ca890	What Australian Electoral Division in New South Wales created in 1906 covers suburbs like Alexandria?
5ade7fa3554299728e26c727	what is the english name of Émile Verdets editorial?
5ab80e1455429916710eafd7	What part of the great power concerts such as the EU trio, the Nato Quint, the G7, and the G20, is Italy associated with?
5ae5faf555429929b0807a4c	What kind of political party that combined conservative policies with liberal stances were Pio Cabanillas Gallas and Jose Maria de Areilza the leaders of?
5a745a6055429974ef308be4	Which of the following works was completed first, Something Wicked This Way Comes or The Wind in the Willows?
5a7c78c955429935c91b51d2	What was the population in 2016 of the city that Norman Foote is originally from?
5ab6a78b554299710c8d1f28	What Author reflected on the contrast between Ethiopian Airlines and other African Airlines?
5adf38ae5542993a75d26433	Both Alexander Hall and Pierre Morel are involved in which profession?
5add84a15542997545bbbd5e	What type of movies are 101 Dalmatians and G-Force?
5a834cea5542990548d0b1c6	What college did the person who defeated Fedor Emelianenko play football at?
5a7787b655429949eeb29ed3	What novel is a followup the Heir to the Empire trilogy?
5ae234e85542994d89d5b395	Which  princess of French origin did Conrad IV of Germany married to
5a899b6455429946c8d6e955	For what film was an actor in Alligator nominated for an Academy Award?
5ae6e0485542996d980e7ca6	Who was the winner of the season of The Rap Game where a contestant named Lady Leshurr as one of her influences?
5add016e5542992c1e3a250b	What made the man who abolished the Consell in 1718 resume the throne?
5a7d2b2b5542995ed0d1661b	What concert hall is located on the northern edge or South Kensington, London, and had songs chosen from a number of concerts there?
5ab28b395542993be8fa9941	Is Dappy or Tobias Sammet German?
5ac29aa655429967731025b2	Eduard Schweizer teaches at a German university with over how many students?
5a81018755429938b6142287	Who is the fictional head of a British Secret Service division and for which a one-time missionary was the inspiration for?
5ac3d21e554299204fd21e8b	Which composer was wrote his music most recently, Michael Tippett or Luigi Cherubini?
5a7f8d755542992097ad2f9d	How many visitors per year does the first stop of OC Transpo Route 97 attract each year?
5a85b2ac5542991dd0999e90	Brad Budde played professionally for a team in the NFL that was founded in 1960 as the Dallas Texans by who?
5ab3bacc55429969a97a8197	Who sang lead vocals on the Oasis hit single which had an acoustic debut in drummer Tony McCarroll's last concert ?
5ab9dbc2554299232ef4a224	Which musician's band contains more letters in it's name, Micky Dolenz or Jesse James Dupree?
5add7a335542992200553b37	Which genus of plant is named after a person, Amesiella or Cucurbita?
5aba74ad55429955dce3ee35	Are Ural Federal University and California State Polytechnic University, Pomona both public universities?
5ab288a05542993be8fa993b	Which Royal Air Force is located in a town that had a population of 2,841 on 15 April 2012?
5ab1d49b554299722f9b4c8e	Which company owned by a Pakistani media mogul produced the Pakistani romantic drama film Dobara Phir Se?
5ab2da13554299194fa93542	ho is the brother of the American transgender actor known for his work on MTV's "Faking It?"
5a800ddd5542992097ad2fd0	what 6-story building was listed on the National Register of Historic Places in 1980?
5a90a14d5542990a98493672	The movie "100 Million BC" continues the urban myth of an experiment allegedly carried out at waht shipyard?
5ac3a76e554299741d48a2be	Who released the song "With or Without You" first, Jai McDowall or U2?
5ab959905542996be2020497	Pontiac marketed the 2+2 as the "big brother" to an automobile built by Pontiac between which years ?
5a76067e55429976ec32bce9	What Box Codax group musician was also the guitarist, backing/lead vocalist and keyboardist of another Glasgow-based band?
5a8f92fb55429918e830d271	Professional cyclist Sara Symington competed in which Olympic Games held in Sydeney, Australia?
5a7ced4355429909bec76895	Which was released first, Gasland or To Shoot an Elephant?
5a8701b3554299211dda2b9a	Werner Christie served under the politician who was also Director-General of what other organization?
5a87a47c5542994846c1cdbd	What is the name of this French former footballer whom football fans refer the football player Wilfred Bamnjo to as?
5ae518655542993aec5ec139	Ken Pruitt  was a Republican member of an upper house of the legislature with how many members ?
5a77e96c5542995d8318132d	Which super bowl that took place at the Miami Dolphins home stadium, featured the San Francisco 49ers defeating the San Diego Chargers?
5a7d32af55429907fabef0ca	Straight to Hell was the first ever country music release to merit this what organization's Parental Advisory label?
5ae76d185542997ec2727641	What is the occupation of the Miami Dolphins owner's wife?
5ab7f1b65542991d322237d3	Bridge of Spies stars a Soviet intelligence officer with what name?
5adead1855429939a52fe948	The person "Planet Earth Rock and Roll Orchestra" was the final solo album for died on what date?
5a7ccc1e55429909bec7680e	On what UHF channel is the station that Cindy Williams is on broadcast?
5abce7d755429959677d6b3a	Docks has hosted the funk rock band formed in what city in 1983?
5ae5ead6554299546bf82fd0	Home was an animation film that included which Rihanna song that premiered on February 24, 2015?
5a80b4d1554299260e20a134	Are Harry Kizirian and Howard Kazanjian known for the same industry?
5ae1e4e2554299492dc91bab	Which football club did Michael Whitham briefly manage in Lincolnshire, England?
5ac1c4e85542994ab5c67e0c	What cover for the main game of NBA 2K16 earned a gold medal playing with Team USA at the 2012 Summer Olympics?
5ae388ea5542994393b9e6f0	Who is both an Austrialian-born British independent filmaker and is known for his work  with the YouTube series THE PERIODIC TABLE OF VIDEOS?
5a86b13f55429960ec39b6c3	Where was the second World Junior Ice Hockey Championship in which Miroslav Přerost coached the men's national junior ice hockey team hosted?
5a78f35455429970f5fffded	What character did the star of Into The Homeland play on the TV show Nashville?
5a7d2b5755429907fabef0c2	To what team was the 2014 NBA Rookie of the Year traded in October 2016?
5a89a92a55429946c8d6e98c	Are John Tardy and Stza from the same country?
5a77685e5542993569682d83	Which came first, Battle of Antietam or Battle of Guam?
5a79fc8b5542994f819ef114	Rimo I and Passu Sar are both part of which mountain range?
5abc817c5542993a06baf8fd	"This Ole House" topped the UK chart in 1981 in a recording by a platinum-selling British rock and roll singer whose recording and performing career began when?
5a8549c65542997b5ce3ffe6	Are both Barry Unsworth and P. G. Wodehouse from the same country?
5ab487f55542990594ba9c4f	The 2015 Cotton Bowl was played at the stadium that was the home of which NFL team?
5ae406f055429970de88d874	What Cason, CA soccer team features the son of Roy Lassiter?
5a8f25d755429924144829ea	Are Dutch Smoushond and Sussex Spaniel's both dog breeds?
5a78cc7c55429974737f789f	What Lithuanian producer is best known for a song that was one of the most popular songs in Ibiza in 2014?
5ade66f055429939a52fe8a0	Easter Airways' head office is located at which airport owned by Manchester Airports Group?
5ab8effd5542991b5579f062	Bure Family Wines is named after former ice hockey player?
5a737dc455429908901be2c9	What is the name of the multi-use sports and recreation facility that currently houses professional football club Dynamo Kyiv?
5add0f635542994ed6169c56	Are The Man from Snowy River II and Miracle of the White Stallions filmed in different countries?
5adfa92d55429942ec259ae0	Are both Superdrag and Collective Soul rock bands?
5ab7ece25542995dae37e9f3	What 4 divisions make up the company of the wealthiest person in Georgia?
5a7da8065542995f4f4022a7	Where did the opera in which Iva Pacetti starred as Elena first premier?
5a7269fa5542992359bc308d	Which tennis player was born first, Kimberly Po or Leoš Friedl?
5abc0ba05542996583600409	Of all the teams John Nyskohus played for, which team was known as "the Black and Whites?"
5ae2196b554299495565da02	What  profession did Mike Robbie's father practice?
5adf3c155542993a75d2643a	What is the given name of the character depicted as Juliet Hulme in Heavenly Creatures?
5ae12b6755429920d52342e4	Valuair was acquired in 2005 by a low-cost airline based where?
5ae0616255429924de1b70ca	Are Steve Perry and Dennis Lyxzén both members of the same band ?
5abd830455429924427fd033	Love Child is a 1982 biopic starring Beau Bridges, Mackenzie Phillips, and an actress that was nominated for the Academy Award for Best Supporting Actress for what 1985 film?
5a7e86245542991319bc94ce	Who was the New York City Fire Commissioner at the time of Providenza Panno's death?
5a8eed625542995085b374b9	Which system of parliament was modeled after the United Kingdom and is also used in Canada?
5ac0c3275542992a796ded7d	The reporter who digs into the campaign of a former Marine Colonel, worked where in Cleveland?
5a776a7055429966f1a36d32	What was the nationality and profession of the person responsible for the concept of a dimensionless number in physics and engineering?
5adbd3405542994650320bf8	Who was a member of "Cheney", who won 'Song of the Year' in 2009, Chris Cheney or Mikael Åkerfeldt?
5a8c781c554299653c1aa083	What athletic team has its football and basketball games broadcast on KFST and has a mascot who is named Bevo?
5a72f1cf5542994cef4bc414	Which English actor starred in the 1995 american romantic drama film The Scarlet Letter alongside Demi Moore and Robert Duvall?
5ac313145542995ef918c0ed	Chantal Thomas wrote a book that was turned into a 2012 film directed by whom?
5a7b8f66554299294a54a9f7	What I Saw: Reports from Berlin, 1920-1933 is a book by a writer born in which year ?
5adda7275542995b365fab57	Who was the last monarch of England to be overthrown before The English General Election, 1690?
5a7bf0d75542996dd594b85c	What American actor born in 1946 was in a 1996 martial arts film written, produced, and directed by Donald G. Jackson and is also the uncle of Charlie Sheen?
5ae4d9985542990ba0bbb175	Were Logan Leistikow and Guru Dutt alive at the same time?
5a758f775542992db9473682	Jamil Walker was born in a city with how many residents ?
5a8af3b155429950cd6afc2c	Which musician was a member of the rock band Silverchair and signed under Eleven: A Music Company?
5a87aa135542996e4f3088b8	Jolyon James performed the role of Moonshadow in a musical by a composer of what nationality?
5ae31ee75542992decbdcdde	Stitch's Great Escape! replaced the theater-in-the-round attraction in which section of the Magic Kingdom theme park?
5ae17cd055429901ffe4aea3	Between Pinanga and Alopecurus which genus is more common in temperate regions?
5a907d1855429933b8a2052a	Who produced the film that featured the the song "No Matter What" on the US edition of the soundtrack?
5ac3a049554299741d48a2ba	Philadelphia, Here I come! is a 1964 play by an Irish dramatist who has been likened to an Irish Checkhov?
5ac41b9e5542995c82c4acc4	what species of plants are Chamelaucium and Vanilla derived from?
5a89cc99554299669944a5ae	Wiener Werkstätte Style was part of the movement that took place during what eras?
5ae1ab2f554299234fd042ba	Who was the director of the 1987 American psychological thriller film in which the actor, who played Bob Charles in "Not Necessarily the News", appeared?
5a70f0e75542994082a3e408	Which of these universities, Northwestern University or Johns Hopkins University, have a campus outside of the United States territories?
5ae4094655429970de88d896	Santa Bring My Baby Back was released on which fourth Elvis studio album in 1957?
5a83ef745542996488c2e4f8	What novel about a murderer inspired Till Lindemann's music?
5a820897554299676cceb1f4	Which founding member drew critical acclaim as a bass guitarist with melodic basslines  on Murmur?
5a7b41b555429931da12ca3f	Air Chief Marshal Hugh Caswall Tremenheere Dowding was unwillingly replaced in command by a senior commander in the Royal Air Force born on what date?
5a7bb52355429927d897c01a	The song by English indie rock band Florence and the Machine written by Florence Welch and Francis "Eg" White and released in 2011 is named after the painting which was completed in which year?
5ab2b7405542991669774069	Have James Schuyler and H. G. Wells both published books?
5a73d33e5542992d56e7e3a9	What is a crime that is punishable by the type of sentence that Madame Le Corbeau received in Canada?
5aba8f1b55429955dce3ee85	The 2011 FA Community Shield annual football match saw Manchester United win the game 3-2 with goals from Nani and this English professional footballer who played as a center-back?
5a8d0c1b5542994ba4e3dbb3	In which language is the notable song by Suresh Peters from "Gentleman "?
5abbd72d55429931dba1459e	WrestleMania XXX took place at the home venue of which National Football League team?
5abd848455429924427fd03a	Are Edward F. Cline and Floyd Mutrux both screenwriters?
5a7a633a55429941d65f2609	Who was born last, Dave Peverett or Jang Hyun-seung?
5a81b99c5542995ce29dcc56	Atlas Shrugged was a film based on the books by a proponent of what philosophy?
5a8aa5835542996c9b8d5f4e	Which rock band chose its name by drawing it out of a hat, Switchfoot or Midnight Oil?
5a88cf7e5542993b751ca85b	Who directed a 2005 supernatural horror film starring an actress who appeared in The Patriot and Kill Your Darlings
5ab8eabb5542991b5579f03d	Frank Blake's longtime protégé was also the chairman and CEO of what company in addition to The Home Depot?
5a7525405542993748c897ce	What is the name of the American author, songwriter, educator, lawyer, diplomat, civil rights activist and husband to Grace Nail Johnson who was the first African American executive secretary of the National Association for the Advancement of Colored People (NAACP)?
5a862f985542991e771815af	Who wrote and directed the American film, Elephant?
5a8a3dd55542995153361360	Did Nicholas Hytner and Maya Deren work in the same role in the film industry?
5ae377415542992e3233c40a	Which author was a dentist, Zane Grey or Bhabananda Deka?
5add00805542992c1e3a2504	Beyond the Edge was a docudrama about the mountaineer that was part of the Everest expedition led by whom?
5aba5dfd55429955dce3edf0	Where do both the New Jersey Devils and the Seton Hall Pirates play?
5a7f63645542992e7d278cf1	Did Vertical Horizon or LCD Soundsystem start their bands first?
5a80ddc555429938b6142224	The American actor Chip Zien is best known for this Broadway production by which American composer and lyricist who received an Academy Award and Tony Awards?
5ade157e55429939a52fe802	Jaroslav Kvapil the Czech poet was born in the Kingdom of Bohemia, also referred to by what name?
5a7a06525542990198eaf04f	Who was born first David Draiman or Terry Kath?
5ae5d008554299546bf82f7d	The 2015 CrossFit Games were held at what multiple-use sports complex that is approximately 14 miles south of Downtown Los Angeles?
5ae68fb45542991bbc97612a	What stadium in Pyongyang, North Korea hosted the Collision in Korea and is also known as the May Day Stadium?
5ab3952e5542992ade7c6de8	On what day of the week did the eleventh season's finale of American Dad air?
5a843f305542996488c2e51d	When will Flicker, created by a member of One Direction, be released?
5a8587dd5542997b5ce40000	What program did this Basham brother who appeared with World Wrestling Entertainment between 2002 and 2007 participated in 2007?
5ae73d415542991e8301cc2b	Who co-wrote Taylor Swift's song that had its music video premiere during the pre-show of the 2015 MTV Video Music Awards?
5a7b77d95542997c3ec971a5	The ninth The Desert Sessions LP was released by by what kind of band?
5a820cb355429903bc27ba2f	Who helped initially design the Gotha Go 229 and later died in Argentina in 1994?
5abaee4f5542996cc5e49f15	Were Cinderella and The Emperor's New Groove released by the same picture company?
5ac2dc4b55429921a00ab083	Are Donald Fagen and Lauren Laverne of the same nationality?
5ab5a3fb5542997d4ad1f19b	Which South African politician won the indirect presidential election with 277 votes?
5ab295eb554299194fa93412	Were both Ernst Messerschmid and Reinhold Ewald ESA astronauts?
5ae4bc7955429913cc2044e9	To which competition did the University at Albany, SUNY send a Puerto Rican hurdler and sprinter?
5ae62c385542995703ce8b3e	How many albums have been sold by the band who was supported by Iron Maiden on their World Wide Blitz Tour?
5ade8b2655429975fa854eff	What is the nickname of this American retired airline captain celebrated for his water landing with Jeffrey Skiles, after a bird strike and being unable to reach an airport?
5a7afdc85542992d025e672e	What basketball player elected to the National Collegiate Basketball Hall of Fame released music through Rendezvous Music?
5a7e96f655429934daa2fc39	What is the name of the actress who played as Blair Cramer from the daytime drama series "One Life to Live" for 20 years who is also currently playing as Eve Donovan on "Days of Our Lives"?
5a8b8b3a5542995d1e6f13e5	What is the relationship between the singers on the album Tales of Old Grand Daddy?
5a7e3117554299495941991b	Are the mountains known as Trivor and The Crown both found in Asia?
5adf0d2d5542993a75d263e1	Which private Catholic liberal arts college in Standish did  Don Ashley Turlington graduated from
5a860d09554299211dda2a53	What was the address of the building on U.S. Route 3 that was the tallest building in New Hampshire when completed in 1972?
5a86ac555542996432c571e4	Are Glenn Bidmead and Jacob Hoggard both guitarist?
5a86d7825542996432c571ec	In what year was the American singer, who with Kiely Williams, Sabrina Bryan, and Raven-Symoné made up The Cheetah Girls, born?
5a762d53554299109176e6a7	What was the the origin of the player that the Bull's traded with 76ers during the 1999-2000 midseason?
5a75357c5542996c70cfaeab	Who was born first, Bobby Keys or Joe Cocker?
5ac07fff554299294b219006	What sport does Simon Aspelin and Thomaz Koch have in common?
5ac2b2e2554299218029dafa	In "Bon Cop, Bad Cop", Canadian actor Rick Howland played the role of Harry Buttman (a parody of Gary Beltman), who is the current commissioner of what National sports league?
5a728f505542992359bc30f5	Gail Matthius co-anchored the Weekend Update segment of "Saturday Night Live" with the actor who played the villain Nicholas Andre in what movie?
5ae55dda5542992663a4f1e9	What is the estimated population of the province where Winnipeg Jewish Theatre is located?
5a8cfa2e554299585d9e378b	What career did the British actor born in 1965  and star of Lock, Stock and Two Smoking Barrels have before acting?
5add47085542997545bbbd13	What English-American actor known for his role in "Raiders of the Lost Ark" starred in The Lodger?
5ae2eda355429928c4239570	Who wrote the tragic play which also has a 1968 film with a soundtrack by Nino Rota?
5ac0e064554299012d1db64e	the municipality of Mirditë is in a country that had how many inhabitants in 2016 ?
5ab746c8554299110f219aef	Are Angostura bitters and Springbokkie an alcoholic mixture?
5a72bbfa5542992359bc318d	Which university was established first, University of Washington or Texas Christian University?
5a7fa5b05542994857a7679b	In addition to the individual born on August 21, who else wrote He's The Great Imposter?
5addbf645542997dc7907014	Who hosted the ITV show Celebrities Under Pressure and All Star Family Fortunes?
5ac50c0355429924173fb581	when did they start the award which  Russell get for his  "Little Green Apples"
5a7929c8554299029c4b5f11	Which breed of dog has origins outside of the United States, Old German Shepherd Dog or Black Mouth Cur?
5a7195a05542994082a3e881	in what year did the Israeli presidential elections take place after the resignation of the seventh president of Israel?
5a8c9641554299585d9e36f5	Which season of Alias does the English actor, who was born 25 June 1961, appear?
5a7fc41455429969796c1b51	The rapper whose debut album was titled "Thug Misses" has sold over how many records worldwide?
5a7131565542994082a3e64f	Q: Which actor played a role in the comedy series "30 Rock" as well as the drama series "Mad Men"? A: Jon Hamm
5ab7f0b9554299366779405d	What type of vegetation does Tabernaemontana and Crinum have in common?
5ac54cef5542993e66e822da	Brian Newman's wife performs for what genre of variety show?
5aba725455429901930fa7cc	The community that contains Downtown Summerlin occupies how many acres?
5a7774e155429967ab10518d	What studio helped produce both Return to Never Land and McFarland, USA?
5ab680d15542995eadef0011	Which is a flowering plant, Pueraria or Pleiospilos?
5a75e67d5542992db9473709	What was a series of battles during the Revolutionary War, for control of New York City and the state of New Jersey, fought on October 28, 1776 near White Plains, New York?
5adcf3a45542994ed6169c38	José Baviera starred in the 1962 film by the filmmaker who worked in what countries?
5ac1928655429964131be234	What national team has the brother of Arturas Javtokas been a member of since 2004?
5ab5d9af554299494045f07e	The son of former Giants co-owner Bob Tisch worked with who to produce The Testimony?
5ab2d15e554299545a2cfaa6	Extract starred what American actress who is known for her work on Saturday Night Live from 2005-2012?
5a72df8d5542992359bc31b4	What East of Piccadilly star apperared in dozens of stage performances?
5a8843cd5542994846c1ce75	What river can a  large African bovine be seen bathing in in the Mwabvi Wildlife Reserve?
5adf51e05542995534e8c78a	What is Diego Tonetto's Italian passport called?
5ac274fc55429963665199c1	The host of PokerFace is from where?
5a7f5f655542994857a7670b	A pakistani photogropher was the personal photographer of a Pakistani politician who served as Prime Minister of Pakistan from 1973 to 1977,and who also served in what political office prior to that?
5a7736ef55429972597f14a7	Which of the 2017-18 Cheshire League divisions is Ashton Town Association Football Club currently a member?
5ae52bc75542992663a4f12d	Where was Nexon who was composed by Adam Gubman located at?
5ab5c984554299488d4d9a21	How many minutes outside of Carson City is the Moonlite BunnyRanch on Moonlight Road?
5a7d1e685542995ed0d165f7	How many women in total competed at the Asian Games the year Lee Young-Sun achieved her personal best throw of 58.87 metres?
5a7d97205542990b8f5039c7	What member from The Clinch Mountain Boys plays at the Huck Finn Jubilee Bluegrass Music Festival?
5ae241005542994d89d5b3a4	What nationality was the pirate who along with Robert Culliford stole Jean Fantin's ship ?
5a7b537555429927d897bf90	The trophy given to the winner of the college football game between University of Idaho Vandals and University of Montana Grizzlies is derived from which European culture?
5ab989f755429970cfb8eb38	The creators of the product designation TSR 2002 was the first to publish what kind of game?
5ae33a3b5542992f92d8224a	Viking: The Ultimate Obstacle Course was a game show that aired in Europe with the British presenter who was an Olympic participant in what sport?
5abec12b5542997ec76fd358	Which person is known for playing in punk bands, Keith Morris or Rome Ramirez?
5ae2c416554299492dc91c67	Which American actor portray Steve Urkel in "Family Matters"
5a7a43f25542996a35c1716c	Which film was was made first The Young Black Stallion or Wild Hearts Can't Be Broken?
5a87a7235542996e4f3088a8	This Zimbabwean singer/songwriter co-wrote a song recorded by a Barbadian singer for her fourth studio album named what?
5a85c3225542992a431d1b95	The 2000 ICC KnockOut Trophy was the debut of a Jamaican cricketer who is a right-handed what?
5ab928c255429934fafe6e6e	Die Nacht was composed by German composer, Richard Strauss. What other well known operas did he compose?
5a7aa2a255429941d65f270e	Who was born first, Chester Bennington or Mikael Stanne?
5ab61798554299488d4d9aaa	The Church of England's Oxford Movement was opposed by a clergyman who wrote what type of literature?
5a7662745542992db9473786	Who founded the collective which released the album Messe I.X-VI.X?
5ae53fcb55429960a22e029e	Who created the show with Wendy Schaal doing the voice of Francine?
5a7adaa35542992d025e670c	Which movie was Valeria Golino in that also stared Tom Cruise?
5abe407155429976d4830ab4	Are Joe Orton and Bernard-Marie Koltès both playwrights ?
5ae340a85542994393b9e668	In which city is a football club that uses Gabriel Barbosa?
5abe36aa5542993f32c2a08f	Was American Scientist or Dwell published first?
5abbf519554299114383a0ad	What other occupation did the "Law West of the Pecos" have?
5a7b1c0a55429931da12c9c9	This Experts Network sports analysts was inducted into the Pro Football Hall of Fame in 2000 and played in the NFL for how many seasons?
5ae29d8a5542996483e64a0f	What National Park contains the Thornton River and the Blue Ridge Mountains?
5ae157ed5542990adbacf75d	When was the English writer and screenwriter,died who was creator and writer of "Are You Being Served?" with David Croft?
5ae17e4255429901ffe4aeae	Which musician played in the band Soulfly, Max Cavalera or Billy Idol?
5a8a2e465542996c9b8d5e32	In what county did Michael Ola attend high school?
5a8aff3d55429971feec45df	Which American-Canadian actor starred in the Disney Channel's "Good Luck Charlie, It's Christmas!"?
5ae6152d5542996de7b71b38	The Cat in the Hat was a comedy film directed by which production designer and director?
5a8eaa74554299068b959e88	Which American digital media company and news satire organization that publishes articles on international, national, and local news did the comic artist of Jim's Journal co-found?
5a8de02b554299068b959e13	What team did Robbie Keane play for after Inter Milan?
5a8c7703554299585d9e36b9	For what ogranization does a commentator of Press TV serve as associate director?
5a72688c5542997f827839b2	The Atik Valide Mosque and Valens Aqueduct are found in what country?
5a77789d55429949eeb29e4e	License to Drive featured what future president of the Screen Actors Guild?
5ab57fc4554299488d4d99c0	In which county is the town in which Raymond Robertsen was born ?
5a72a5a75542992359bc314e	Who is the British explorer and holder of several endurance records who partnered with Mike Stroud on polar expiditions?
5a8b2f2b5542995d1e6f12fa	What are these two Malaysian businesses, Theme Park Hotel and Genting Highlands, considered?
5ab96ecb5542996be20204e6	Which had a bigger population in the 2016 census: Queens or Staten Island?
5a710d155542994082a3e520	Who was the defense counsel of a German woman who underwent Catholic exorcism rites during the year before her death?
5a77388e55429966f1a36cb1	Which star on the Mexican telenovela "Amy, la niña de la mochila azul" is also a singer, model, fashion designer, and recording artist?
5ade0fbb5542995b365fabfb	No Smoking is a film loosely based upon the short story Quitters, Inc., which of three stories that are connected by the presence of what animal?
5ab2e8ad554299340b525562	Who starred alongside South Korean actor and singer Kim Ki-bum in the 2012 romantic comedy series I Love Lee Tae-ri?
5aba971a55429955dce3ee94	The extended play (EP) "Calibraska" by the American pop-rap duo Jack & Jack, known for their 2014 single "Wild Life," is a portmanteau of what two U.S. states?
5ae7f7ec554299540e5a56de	Still Reigning is a live performance DVD that showcases an album described by Kerrang! as what?
5ac557975542993e66e8231c	What team was led to victory in 1939 by a two-time All-American basketball player nicknamed "Scat"?
5a85f8665542994775f606ce	Runaway Scrape events of the Texas Revolution, culminating in this Battle, was a fight that lasted how long?
5aba72d75542994dbf019912	Which is located in India, University of the Philippines or The Northcap University?
5ade78e255429939a52fe8d0	What series was Emily Bergl in that is set in Chicago?
5a746ddc55429929fddd8423	Who is older, Thomas Friedman or English author David Lodge?
5ae21ef35542994d89d5b35d	What college teamdid the point guard that led the way for Philedlphia 76ers in the 2017-18 season play basketball in?
5a8dafbd554299068b959da0	How many episodes were made for the science fiction series with Gus Birney?
5ae3006c55429928c423959f	Where was the singer born who performs Pon de Replay and was born Robyn Fenty?
5a7905ca554299148911f9c8	What year was the player the Los Angeles Clippers aquired from the Atlanta Hawks born?
5ae678915542996d980e7b70	What was the other name for the war between the Cherokee people and white settlers in 1793?
5ae195bf5542997b2ef7d207	Are the Galata Tower and Süleymaniye Mosque located in the same city?
5a733caa5542992359bc32a3	which board game has been around longer Obsession or Battle Sheep ?
5a7ccb3655429909bec7680b	Who bestowed Kaganoi Shigemochi with a blade made by the person that founded the Muramasa school?
5addc2b75542997dc7907017	The Voyage is a wooden roller coaster located at a theme park divided into how many sections ?
5a89a13c55429946c8d6e97a	Of what county is the city 7 miles east of Trace State Park the seat?
5adbc9a4554299438c868caf	Carroll County, Ohio is named after the only Catholic signatory to the Declaration of Independence, who is he?
5a71474b5542994082a3e74f	What was triggered by the resignation of Conservative MP Stephen Phillips on 4 November 2016 and was when Caroline Johnson became a Member of Parliament?
5ae5c27b554299546bf82f4c	During the 2012-13 Blackppol F.C. season, their top scorer was what English professional footballer who plays as wither an attacking midfielder, winger, or forward for Premier League club Huddersfield Town?
5ae40b2b55429970de88d8b3	In between  Polytechnic University of the Philippines and California Polytechnic State University which was founded as a vocational high school?
5abe54585542991f66106148	What president was assassinated and had Worthy Stevens Streator as one of his pallbearers?
5ae6529a55429929b0807b32	Both WAGS Atlanta and WAGS are what?
5a8e43455542990e94052aa1	Did Greg Costikyan have the same profession as John Dolmayan?
5ae68a065542991bbc97611e	How many newspapers are in the group that Hills Valley Weekly is a part of?
5a8b64695542997f31a41d04	Which southern Georgia city features the Blazers college athletic teams?
5ac44b47554299194317396c	Which became a Cathedral first St Chad's Cathedral, Birmingham or Chelmsford Cathedral?
5adeda67554299728e26c7db	Are Water dropwort and Costus both in the family Apiaceae?
5abd0f4b55429933744ab6e3	Are Gabe Saporta and Robert Plant both English?
5ade9c2155429939a52fe8fe	The Walkley Heights suburb is located on land that was the home of a prison built in what year?
5ab900045542991b5579f0c0	Where is the concert venue which hosted the first US performance of "Libuše" located?
5a7f0c4b5542993067513600	WHICH GROUP OF PEOPLE NICKNAMED THE US ARMYS REGIMENT "BUFFALO SOLDIERS" IN WHICH THOMAS SHAW WON THE MEDAL OF HONOR DURING THE INDIAN WARS?
5ae524415542992663a4f121	In what city did the 23rd overall pick of the 2015 NHL Entry Draft helped the United States national junior team win a bronze medal?
5ae28c0a554299495565daaa	What is the length of the river into which Pack Creek runs after it goes through the Spanish Valley?
5ab3fc215542992339550027	Gloria S. Butler can find her constuancy in what directional sections of DeKalb County, Georgia?
5a88f180554299206df2b3cc	"Outside of Heaven" is a popular music song which a recording by Eddie Fisher was made at a building that in 1976 was purchased by who for $3 millon?
5a80afcf554299485f5986b9	Who else beside the  American university administrator and politician from the state of Oklahoma was part of the  Boren-McCurdy proposals?
5abc7d6d5542993a06baf8f3	Kevin Yorn an American entertainment attorney who represents an Australian actor who  played the role of Josh Taylor in what soap opera?
5a7265a95542992359bc307a	In what year did construction begin on the stadium where the 2013 America East Men's Lacrosse Tournament was held?
5ab6f39c554299110f219a79	The focus city for Israel's third largest airline is located where?
5a77414155429972597f14d7	Who starred in Umm-e-Kulsoom whose mother was Afshan Qureshi?
5a8e07b25542995085b3738d	Skyplex has which roller coaster that will become the tallest in the world when it opens in 2020?
5ae72f75554299572ea5476c	The Black Star Line was a part of the Marcus Garvey movement that was also known by what names?
5ab90a2055429916710eb0ea	Daniel Walcott was selected by the New York Rangers in the 5th round of a NHL draft that was held in what city?
5ab28120554299449642c8cc	What kind of film are  The Silent Historian and The Betrayal – Nerakhoon?
5a8afb9955429971feec45c2	The eighth-longest rollercoaster in the world is located in what theme park?
5a8080365542992097ad2fed	A vehicle that uses hydrogen as its onboard fuel for motive power is cosidered which, Flex-fuel or Bi-fuel?
5a73d4385542992d56e7e3b1	Yves Apollinaire Pede made sand paintings of which South African anti-apartheid revolutionary?
5ab2e84855429929539468a6	What state was the dissenter in Kessler v. Treat from?
5a81cf64554299676cceb0ed	An english lawyer had Christopher Mont as an agent and was awarded denization where?
5abbb64455429931dba144b4	The Trans-Tasman Challenge winning car was based off which second generation North american Ford compact car?
5ae49b705542995ad6573dbc	Where are people with ADolf Bestelmeyer's nationality from?
5a7e279d5542995ed0d166b5	What is the population of the birth city of Daniela Scalia?
5a7dbb605542997cc2c47486	Many jack-in-the-boxes use an English nursery rhyme with a Roud Folk Song Index number of what?
5ae1afe9554299234fd042c6	Who was the founder of the network on which the Pakistani drama serial "Meri Beti" aired?
5a8ceb4955429941ae14df43	What was the nickname of the player who played his final season for the 2016 Miami Dolphins before dying in an accident?
5a88082055429938390d3ed2	Abba Kovner  was a Jewish Hebrew and Yiddish poet, writer and cousin of the youngest and longest surviving signatory of what?
5ab2f53d5542991669774157	Larry Mosley and his cousin Shane Mosley both box in which division?
5ae8295955429952e35eaa6d	Henricus Antonius "Han" van Meegeren sold a forged painting to a military leader who was the recipient of what?
5ab6a261554299710c8d1f07	Manni Sandhu worked with what singer that was born in 1977?
5a78d70b55429974737f78d1	The Nazi architect that was most rewarded and favoured by Adolf Hitler alongside Hermann Giesler held what type of ministerial office?
5ae4bcfc55429913cc2044eb	Which genus has more species, Leitneria or Tricyrtis?
5ae5f9b355429929b0807a4b	Which of the writers of "The Telltale Head"  was born on February 15, 1954?
5a7286865542991f9a20c4cb	Which 1949 British black comedy film does the Skindles hotel appear on?
5a8ba60b554299240d9c205b	Which composer, who was a crucial figure in the transition between the Classical and Romantic eras in Western art music, wrote Piano Sonata No. 16 ?
5a7a32225542990783324eb4	Future Rhythm is the fourth album from a rap group that is from what city?
5ae0e0125542993d6555ec79	Ross Pople worked with this French dominant figure of the post-war classical music world.
5a7c75045542990527d554b2	Who was born first out of Nick Grinde and Karel Reisz?
5add8f055542990dbb2f7e6d	Who conducted the negotiations  with the owners and the longest serving commandant of Auschwitz concentration and extermination camp?
5a85f2f55542997b5ce40036	Which genus of flowering plants has the most species, Caesalpinia or Achimenes?
5abbd4035542993f40c73bcb	"Show 'Em (What You're Made Of)" is a song written by a group of people including an American singer/songwriter who was inducted into what on April 10, 2015?
5addb7b65542997545bbbdba	Which genus contains more species, Ortegocactus or Eschscholzia?
5a8b69f45542997f31a41d19	What was another title published by the owner of the pseudonym Frank Talk?
5ac3e68b5542997ea680c98b	What do Susan Stafford and Vanna White have in common?
5ac54f8d5542993e66e822f5	When did the author of "Computing Machinery and Intelligence" die?
5ac3bff15542995ef918c213	Alexander S. Wadsworth served during the war that was faught between which two countries?
5ab283d9554299449642c8d8	How close to Louisville was Randal Malone born?
5a9092cc55429916514e74fd	What was the Steven Seagal film Under Siege Oscar nominated for?
5ab9bb8355429970cfb8eb8b	At what school is the individual who was awarded the 2012 Nobel Prize in Physics, jointly with David J. Wineland, a professor?
5a8a70ea55429970aeb702e4	VEU, the American television channel owned by Golden West Broadcasting was similar to a defunct television servied owned by who?
5ae5a0765542992663a4f1fb	In what year did the Irish Politician who led the Introduction of the Constitution of Ireland resign as President of the legitimatist government, the Council of State?
5a8fa89c55429918e830d29f	Where did the military engagements that Captain Lewis Cunningham Broadus served during take place?
5a711ef85542994082a3e5ac	Which hospital, the Psychiatric Institute of Washington or Howard University Hospital, is known for serving the African American community including former slaves?
5a7fa97d5542994857a767a9	Felicia Pearson is a rapper who appeared in the single "Here I Am" by who?
5a7336d05542992359bc3293	Lady Elizabeth Delmé and Her Children (1779) is a portrait given to the National Gallery of Art in 1937, which is located in which state?
5add559e5542992ae4cec511	22 years earlier, the predecessor to The Magic Mouse and Mighty Mouse was what?
5ade45c75542992fa25da720	Is Rice University or Stanford University further west?
5ae47cab5542996836b02cb9	In what league does the team play that has Marko Dmitrović as a player ?
5ac2cb3e5542996773102627	What is the population of the settlement that is next smaller than the city with a population of 67,038 on the Argentine side of Tierra del Fuego?
5ab965bb554299743d22eb56	National Stadium BTS Station is near the shopping center in what Thai city?
5a81549055429938b6142338	The Rhymers' Club met at Ye Olde Cheshire Cheese listed as what type of house?
5ac3b40a554299741d48a2e5	Pajottenland has historically provided beers that include are fermented through yeasts native to what valley?
5ab6e848554299710c8d1faa	When was the advisor of Alpher–Bethe–Gamow paper died?
5a7fb6625542994857a767cc	Ali Eren Balıkel started a restaurant which hosted a number of famous figures including an English actor who won three consecutive what?
5ae537e45542990ba0bbb235	When was the American singer, songwriter, record producer, dancer and actress born who's second studio album is Chapter II?
5a76244c554299109176e65d	What was the album by Coldplay after the one with a song referencing Chris Martin's unrequited love?
5ab568af554299494045efaf	Who performed the Simon & Garfunkel song that was a follow-up single to "The Boxer" on Australian Idol?
5a89a99f55429946c8d6e98f	Are Jerome Storm and Andrés Wood from the same country?
5adbfa38554299438c868d00	What is the birthdate of this Australian dramatic coloratura soprano, who taught Simon Gilbert?
5a74e93e55429974ef308c92	Pedro Duque and Mark Shuttleworth both went where in their life times?
5a75b7475542992d0ec05feb	Carlo Buccirosso had a role in a movie that premiered at what film festival?
5ab7fd6b5542990e739ec7b5	What city has had an NFL football team with the same name as a Los Angeles NFL team?
5a769b0d5542993569682c50	Which documentary film was created first, The End of Suburbia or Super High Me?
5ae086d35542993d6555eb97	Are Ari Up and Boz Burrell both guitarists?
5a7183575542994082a3e85e	Who was the architect of a Dutch museum dedicated to the arts and history in Amsterdam, located at the Museum Square?
5a769b115542993569682c51	What American bluegrass singer performed the song Restless with The New Nashville Cats?
5a8f2ba155429918e830d1b9	What theme park was seen as a competitor for Ocean Park Hong Kong and opened in September 2005?
5a729cc25542991f9a20c532	Which author wrote about a woman captured by the Symbionese Liberation Army?
5abbf8be554299114383a0c1	The 1996 film "The Christmas Tree" stars Andrew McCarthy and an actress that has won how any Emmy Awards?
5a7d27f05542995ed0d1660d	In what country does the director of Shirin in Love, live?
5a77666555429966f1a36d1f	What is the nationality of the foreign born victim of Singapore's caning punishment before Oliver Fricker experienced the same?
5a8b24f955429949d91db4cd	Where is the airline company that operated United Express Flight 3411 on April 9, 2017 on behalf of United Express headquartered?
5ae27b535542996483e649b6	The chorus of "On the Radio" contains references to the song "November Rain" whose band's lead singer is?
5a7f7b365542992097ad2f80	Did the Beaulieu Mine or the McIntyre Mines yield gold and copper?
5ae4a1ef55429970de88d9e7	When was the  Argentine former footballer which  Dutch manager Ronald Koeman replaced in  2014–15 Southampton F.C. season born
5a876cd55542993e715abf36	Kim Jong-hyun's first studio album was distributed by whom?
5a7e4414554299495941995c	Vincas Kudirka is the author of both the music and lyrics of a national anthem which has how many words?
5ae5064e5542993aec5ec113	Who won more awards, Frank Sinatra or Nivek Ogre?
5a7770f855429966f1a36d4e	Which Indian cricketer was the penultimate holder of the title Nawab of Pataudi?
5ae1e80b5542997f29b3c197	Progress MS-09 was used to resupply the satellite that first launched into orbit in what year?
5a7fc6645542992e7d278d6e	What type of tours does the host of Tosh.0 conduct?
5a8331f15542993344745fe8	What other jobs did the man that co-produced Gyara Hazar Ladkian have?
5ab85c8d55429934fafe6d84	What is the name of this Austrian association football club from Vienna for which Raphael Holzhauser was a player?
5a772e465542994aec3b7209	What do Wrigley Park and social networks have in common?
5a8f7e785542992414482ae6	Are both Pomeranian and Sporting Lucas Terrier named after a particular person?
5a7def0d5542990b8f503af9	Who graduated from The SC Bastia Reserves and Academy  and was born 9 September 1987?
5adcde475542994d58a2f709	Ganjam district is located in an indian state located in which part of India ?
5ae1b44c554299234fd042cd	At which arena does the team, for which Adam McKenzi is currently a member, play their home games?
5a79e7b45542994f819ef0ff	What is the best known novel from the author of "Laura Warholic"?
5a84ac585542991dd0999d72	What former city, now the fourth-largest Russian city, was the Belarusian State Technological University evacuated to in 1941?
5ae1ce895542997f29b3c11e	Are both Yixing and Shaoshan county-level cities in China?
5adc99cf554299438c868e0d	What is the middle name of the singer who recorded Would You Like to Take a Walk? with Louis Armstrong in 1951
5a7c07e15542997c3ec972c7	What staff member of the editor of "London Review of Books" wrote a semi-fictionalised account of working for her?
5ac3a8525542993915413895	LJM was one of what type of company Andrew Fastow used in the Enron scandal?
5ac3caa15542995ef918c23a	Who were the live-in lovers of the founder of "Playboy" magazine in 1999 and 2000?
5addf0fd5542997dc79070d2	Which record producer from Stockbridge, Georgia is the lead singer of Collective Soul?
5a8f60175542992414482a90	When was the game, in which Drew Gehling voices Gord, released for PlayStation 2?
5a87bd4e5542996432c57279	Who does the minister at The First Church of Springfield help make teaching evolution illegal?
5a76f7e855429972597f1404	In what Chennai location are trade laws different from rest of the country?
5ab97b27554299131ca4233c	What characteristics do Rosario Castellanos and Arthur Hailey  share?
5add7ce55542992ae4cec585	When was the Swiss author and dramatist died who's novel is "A Dangerous Game"?
5ac3a2fa5542993915413857	This One's for the Children had lead vocals by the singer and songwriter of what nationality?
5ae1fc24554299492dc91bbd	John Paesano wrote which film for DreamWorks Dragons?
5abce2fc5542993a06baf994	The board member of Goldman Sachs also founded a company with a man who co-founded what?
5ae328f45542991a06ce993c	On which station did the 2014 South Korean television series, starring the main rapper of boyband SS501, air?
5a7a83b3554299042af8f652	WHAT WAS THE NAME OF THE BOOK MADE INTO THE 2015 SOUTH KOREAN CRIME THRILLER, THE DEAL, DIRECTED BY SON YONG-HO AND FEATURING SOUTH KOREAN ACTOR PARK SUNG-WOONG (BORN JANUARY 9, 1973) AS A SERIAL KILLER?
5ab414295542996a3a969f1d	What career led Brandon James Routh to move to the city where Brian Ralston lives?
5ae184185542990adbacf7ac	Are Waco Regional Airport and Idaho Falls Regional Airport both city owned airports?
5ab529b8554299637185c4e7	Who commanded the Anglo-Canadian 21st Army Group and was nicknamed "Monty"?
5ae733dc5542991e8301cbd1	This English indie pop band formed in 2005 consisting of Oliver Sims, and also inspired My Wicked Heart is from what city?
5a8900c75542997e5c09a6ed	What ingredient is in both Cosmopolitan and Cuba Libre?
5abbf43d5542993f40c73c2f	Which band The Innocence Mission or Starflyer 59 was formed first ?
5abb9928554299642a094ab9	Which brother of John F. Kennedy had a memoir released September 14, 2009?
5a88bedb554299206df2b35a	What river does Waterloo Bridge and London Eye have in common?
5a858dc85542997b5ce40002	Whataburger in Richardson Square is loacted in what city and state?
5a8c5b635542996e8ac88a75	Which breed, Chinese Chongqing Dog or Kanni, is used for hunting?
5ae707a25542991bbc9761a7	How many Grands Prix wins did the Formula One driver from Brazil that holds the record for the most races contested score?
5a8abcab5542996c9b8d5f67	Which was the last of four Alien films to feature Sigourney Weaver?
5ae622495542995703ce8b20	Which Genre of Television did Charles Quinton Murphy act for?
5ac385f8554299741d48a279	The memorial commemorating a 1941 Japanese surprise attack was designed by whom?
5a7739e255429972597f14ad	Who is older, Gabe Saporta or John S. Hall?
5ac3def75542997ea680c95f	Where was the Danger Mouse produced U2 album exclusively released?
5a78f05155429970f5fffde3	What award has both Nicole Kidman and Tom Cuise been given?
5a778a8e5542992a6e59deca	The American comedy film Krystal stars which actor who appeared in numerous films such as "Contact", "Armageddon", "The Perfect Storm", "Crash", "Blades of Glory", "Black Hawk Down", "Nine Lives", etc.?
5add21555542992ae4cec496	What is the start date of this tour that was the third concert tour by an American singer-songwriter and was completed in support of the album Red?
5adff056554299603e4183cc	What year did The Chronicle of Philanthropy's publishing overlap with Antic?
5ae4d1a355429913cc204513	Which American BMX rider hosted a show that spun off from "Real World" and "Road Rules"?
5ab4355555429942dd415ee3	What novella was "Eyes Wide Shut," starring Vinessa Elizabeth Shaw, based on?
5a7bc42e554299294a54aabe	What award was an actor born in 1955 that acted in the movie Ransom nominated for?
5a8bc29a5542995d1e6f1446	when was Quiet in Heaven/Song of Liberty recorded?
5a87560d5542994775f607d9	In what year was the soft drink that the Coca-Cola Company designed Red Flash to compete against created?
5a77372b554299373536021c	The Victoria's Secret Fashion Show features what fashion model who was born in 1988?
5abdf8c45542993f32c2a072	The Death of Cook depicts the death of James Cook at a bay on what coast?
5a7128b05542994082a3e5f2	Which film was released first, Laura's Star or Wonder Woman?
5ac3e07b5542997ea680c96c	Which airport does Travel Service have their head office located in the capital of the Czech Republic?
5abd8bf95542996e802b47ba	Stamford Baron St Martin was a parish that has a church south of what river?
5a875cd65542996e4f30879d	What kind of producer is the person who helped created "The Spiderwick Cronicles" with Holly Black?
5ac3a928554299391541389f	What is the park that that People's Choice Classic is a criterium around in close proximity to?
5a84ad3a5542992a431d1a8b	What notable work from French music video director Yoann Lemoine features an apology and plea for forgiveness?
5ab7de455542992aa3b8c864	Janet Williams has performed with an internationally recognized solo pianist whose recordings have earned him five what?
5ae4cb2f55429960a22e01e8	Which American popular music and country music singer recorded J. D. Souther song
5ae3d2715542990afbd1e1e9	Are Control Room and Meeting Resistance both documentary films that involve Iraq?
5a8b42be55429949d91db515	What profession does John Lanchester and Alan Dean Foster have in common?
5a8afa4d55429949d91db44c	Not About Angels was used in the film adaptation of what novel by John Green?
5a7f5da85542992097ad2f3e	In addition to Hyerim and the individual who left the group in January 2010 to pursue her academic career, who were the other two final members of the group Wonder Girls?
5a87b30c5542994846c1cdcf	Which actor, who also appeared in "The Usual Suspects" (1995), does the 2017 action crime comedy Baby Driver star?
5abd72d155429933744ab7e0	Both William Friedkin and Jon Paul Puno are both directors of which type of media?
5a724dc25542990c210a40df	Which was released later, The Strongest Man in the World, or Roving Mars?
5ac24cc45542996366519963	Both Andrew and Jeremy Get Married and The Last Lions are what type of films?
5ae4a45b55429970de88d9ed	Although he mostly provided backing vocals as part of this group, Mark Owen's first single "Four Minute Warning" released on 4 August 2003, was once part of this English pop music group.
5ae3d5ec5542992f92d8238c	Smith Morrill was responsible for what advantage to Land-grant university?
5a81b92a5542995ce29dcc52	Which college is located in the United States, University of Delaware of University of Debrecen?
5a732ca45542992359bc325d	Which conflict involving the Mende ethnic group lasted for eleven years?
5a85d6d95542996432c570fb	What is one element of House dance where the dancer ripples his or her torso back and forth?
5a7a11c85542996a35c170b4	What is the English translation of the name of the novel series which the Four III is the final installment of?
5abfa18f5542990832d3a176	The mother of  Megan Phelps-Roper is best known as the former spokesperson of a church located in what city?
5ae0f4645542997b2ef7d0aa	What kind of subgenre of a dark wave music, developed in 1980s in the UK, is using the musical duo from Melbourne, Australia?
5a714dea5542994082a3e7a9	Which 2009 animated film is from Japan, Summer Wars or The Secret of Kells?
5a7cdc54554299683c1c63a5	What is the name of the 1988 film starring Gene Bervoets that was based on the Dutch to English translated novel, "The Vanishing"?
5ab42ae95542991751b4d6c4	What is the nickname for the artist who released "Sings the Country Music Hall of Fame Hits, Vol. 2?"
5ac0b1835542992a796ded65	Bordan Tkachuk was the former CEO of which company, which provides IT products?
5a73bddb55429978a71e909d	During the 2009 St. Petersburg Bowl on December 19, 2009, which future Atlanta Falcons wide receiver was the game's MVP?
5ab3ddbc55429969a97a81dc	The 2017 European Short Course Swimming Championships will be held in an Arena which began construction when?
5ac4deff554299076e296e26	Are Siping, Jilin and Linhai both in the same province in China?
5ab73eaf5542992aa3b8c7ef	Humanzee is a hypothetical hybrid of humans with what great ape?
5ab92f52554299131ca422a9	Of what ethnicity is the founder of the Orchestra which debuted on January 1, 1988?
5a7943c655429970f5fffe89	Which of the teams that Sun-woo Kim played on never won a division title?
5a860baa554299211dda2a4c	What football club was owned by the singer of "Grow Some Funk of Your Own"?
5a731a635542994cef4bc458	What series has Smith worked on that is based on a novel by Margaret Atwood?
5ab953a45542996be202047f	When was the first stud book created for the breed of horse that came from Rotrou introducing Arabian horses to Perche?
5ae26c795542992decbdccfb	What footballer beat out a German professional footballer despite his 18 clean sheets?
5a8fb65d5542997ba9cb32fa	Steven S. Crompton is a Canadian-born artist known as the artist for a a fantasy role-playing game designed by Ken St. Andre and first published by who?
5a7ef18c55429934daa2fc84	The actor who played captain hook in Peter Pan Live! won the academy award for which film ?
5a75e67f55429976ec32bc8b	Robert Jan van Pelt testified for the defense in this "Churchill's War" author's civil libel suit?
5a81967a55429926c1cdad44	Where does the Husband character reside in the book published in 1847 under the pseudonym "Ellis Bell"?
5ae0fd9655429920d5234264	Which show aired first, "Rudolph the Red-Nosed Reindeer" or, "A Charlie Brown Christmas"?
5a7a103b5542990783324e27	What album succeeded Kendrick Lamar's album that had the song Money Trees in it?
5aba510f5542994dbf0198d6	Yakuza Kiwami is a remake of the first video game in what video game series that is an open world action-adventure beat 'em up video game franchise?
5a7602d8554299109176e5fb	What actress and and writer starred with Jennifer Saunders in bothe "The Supergrass" and "French and Saunders"?
5adcca7f5542994ed6169c06	In what year was the drummer from the album "Angel of Retribution" born?
5a73471a5542991f9a20c6d7	Who was an American senior operations officer for the Central Intelligence Agency for 30 years and worked for Eclipse Group?
5ae64b015542992ae0d162bc	In what country did Irvine Gerald Sellar develop the second-tallest free-standing structure?
5a7380e855429905862fe041	What relative of Charles Hirshberg made important contributions to the study of solar wind particles and fields, as well as sun-Earth relations; and magnetospheric physics?
5ac21ac05542991316484bee	Are the magazines American Heritage and Bon Appétit both published in America?
5ae7247b5542992ae0d163c1	...Ready for It? is a Taylor Swift song from the album scheduled to be released on what date?
5ae446825542995ad6573d21	What character did G.D. Spradlin's collaborator Marlon Brando portray in "On the Waterfront"?
5ae6c7b35542992ae0d1639c	What is the magazine that listed "Jump Around" by House of Pain at 325 out of "500 greatest songs since you were born", known for?
5a84c0885542994c784dda28	In which year was the American politician, that both represented New York in the United States Senate and served as an adviser to President Richard Nixon, re-elected for a fourth term as U.S. Senator?
5a84be845542991dd0999dcf	Was the Mark-8 microprocessor different from the one in the Comx-35?
5adf03765542995534e8c72b	What's the function of Axess, an IT company spun out of Japan Airlines, the national flag carrying airline?
5ae35b035542992e3233c3ae	William Bromley-Davenport held political office under the Prime Minister who was of which party?
5adebc9b554299728e26c79d	Agnes Body was the founding head of a state secondary school located on what road?
5a7b22f8554299042af8f6ff	Who was the opponent of the Republican of Indenosia when Nugroho Notosusanto served as a member of the Student Army
5ae0432a55429924de1b7081	Were Rosario Castellanos and Lucy Maud Montgomery both authors?
5ab55455554299488d4d993b	Mount Stimson is the second highest peak in national park that encompasses how many acres?
5ae676915542995703ce8b66	Simon Walker released a historical novel by James Fenimore Cooper named what?
5a7782b95542995d8318117f	What insurance company sponsored the Curling Skins Game in 2014?
5a81e8ea5542995ce29dcc73	Who played the role of Nettie Harris in the 1985 film directed by Steven Spielberg?
5a879fe05542996e4f30888a	How many operas are among the artist who composed The Prelude for Clarinet in B-flat major best known works?
5adffd4755429906c02daa9b	The actress that plays Charity in the drama series "Greenleaf" is a member of a musical family from what city and state?
5abcf1ce554299700f9d7930	Jayaraj made the 2016 epic historical drama that is an adaptation of what Shakespeare play?
5ac13d5c5542996f0d89cc78	Macaulay Carson Culkin was regarded as the most successful child actor since which actress, who was Hollywood's number one box-office draw as a child actress from 1935 to 1938?
5a7aa9425542992d025e66e4	Who passed away first Robert Graves or Dino Buzzati ?
5a8241a855429940e5e1a819	The Sports Museum is a non-profit museum currently located in what multi-purpose arena that opened in 1995?
5ab29caa554299545a2cf9d3	Which gaming console was both Yakuza Kiwami and Yakuza 0 released on?
5a7a33a35542994f819ef14c	What is the middle name of the female MSNBC journalist critiqued on the Daily Howler?
5ae4dd0955429960a22e0201	Which American former competitive swimmer was Mitzi Kremer team mate
5aba7d7d554299232ef4a303	The Juan Trippe Professor at Yale School of Management is named after a pioneer in which field?
5ab2c0de5542992953946870	Football at the 2006 Asian Games with Wisoon Wichaya as its coach was played how many days prior to the opening ceromony in Doha, Qatar in 2006?
5a8459aa5542996488c2e51e	Kenneth Anderson served under the General who was which President of the United States?
5a7481d755429974ef308c12	On which television network did Joe Penny play an investigator named Jake Styles?
5ac31bbd554299741d48a1f9	Vincent Drucci was a member of a rival gang to the mob boss who was known by what nickname?
5a7780e855429949eeb29e9f	What actor portrayed that characters "Kick-Ass" and "Count Vronsky"?
5a7c9ead5542990527d554e4	As of 2010, what was the population of the county that was named after the 13th Speaker of the House of Representatives?
5ab2eff05542991669774140	Which of the following is home to the 642nd Aviation Support Battalion: Greater Rochester International Airport or Valley International Airport?
5ab67c0055429954757d32f6	What author wrote a three book series of memoirs that are studied in school systems around the world?
5ae0198455429942ec259c1e	How many times did the man who coached the 1986-87 UNLV Runnin' Rebels fail to win 20 games in a season?
5a75da235542992db94736f9	One of the signatories of the Chicago Statement on Biblical Inerrancy was which Presbyterian pastor, known for taking a more presuppositional approach to apologetics?
5ae532e955429908b632656f	Does the genus Cunninghamia or Chilopsis contain only one species?
5a73aeb855429908901be311	Who is a guest in the final two episodes of season eighteen of South Park?
5abaccd1554299660624161b	Curious is a women's fragrance by a singer born in what city and state?
5a7f6fd75542992e7d278cfa	Which Canadian rock band released a song called "Counterparts" and had a drummer who was inducted into the Modern Drummer Hall of Fame?
5a75b7bd5542992d0ec05fec	Harold Brent Wallis as producer and Humphrey Bogart as actor collaborated to make what 1942 film?
5abd7aba55429924427fcfed	Were both Eugene Dynkin and Vladimir Voevodsky mathematicians from Russia?
5ae4c7c65542990ba0bbb12b	Which Argentine Marxist revolutionary, author, guerrilla leader, diplomat and military theorist did Arther Quinlan interview?
5ab6d04c554299710c8d1f70	What family are the genus' Sinofranchetia and Stauntonia from?
5a8b768655429949d91db5a9	What country of origin does Witness and Pamela Wallace have in common?
5ae1c214554299234fd042ed	Which  Australian singer-songwriter wrote  Cold Hard Bitch
5abdb4a755429965af743df0	What was the country which has border with the village where an Austrian forest caretaker, naturalist, pseudoscientistref>Ronald Engert: "Die Forellenturbine als Prinzip der kostenlosen Energiegewinnung born?
5a81df4b55429903bc27b9f8	What mall was known as a twin of the mall located on I-45 on the Southeast side of Houston?
5ae3f6775542991a06ce9a3f	While Jennifer Granholm was the Govenor of Michigan from 2003-2011, Ray Wert was responsible for doing what for her?
5abc7bf5554299114383a129	Between The Goldeneye and Monkey Gland, which cocktail requires more ingredients?
5ae26197554299495565da51	American singer-songwriter, Taylor Swift, self-penned the song, Change, alongside Nathan Chapman, which was featured on her second studio album released by who?
5a8391f55542996488c2e45c	Lear's and Oh Comely are both what?
5a8a367a55429930ff3c0d03	Where is the company that came out with VisionPLUS headquartered?
5adf41a45542993a75d26456	In what year did Australian-born comedian Peter Helliar write I Love you Too?
5a8e92b55542995085b37458	What type of rock makes up the formation where Douglas Crabbe drove into a bar?
5ac029655542992a796decb3	Which game is designed by more persons, Elfenland or San Marco?
5ade09a15542995b365fabdf	Which Naperville Central High School quarterback, became the 1988 starting quarterback for the Leicester Panthers?
5abae1725542996cc5e49ece	Creolized forms of which language are found in traditional African religions of Africa with some influence from Christianity?
5a7ca74c55429907fabeefe9	Who was born first Edward Keonjian or Aram Saroyan?
5a82ffef55429954d2e2ebf2	How many United States House of Representatives does Maine's congressional districts have?
5a8da0b85542994ba4e3dcd3	Were Guillermo Cabrera Infante and Guillaume Apollinaire of the same nationality?
5a8193275542995ce29dcc07	Frankenweenie featured the voice of a Canadian American actress who is known for Second City Television, as well as what 1996 movie that was directed by Christopher Guest?
5a861c0d5542994775f606f7	C. Bernard Jackson founded the center that started the career of which actor, who played the part of Marty Castillo in "Miami Vice"?
5a863114554299211dda2aa5	What man won an Academy Award for his work on a drama based on the life of Rocky Graziano?
5ae37ca55542992f92d822d5	Criss Angel generated $150 million in tourist revenue for his live performance show in what city?
5ae6196d5542995703ce8afd	Arthur Saint-Léon was the "Maître de Ballet" of the ballet company now known as?
5ae4b5935542995ad6573e27	Which of these artist lives closer to Canada, Koshi Inaba or Jonathan Davis?
5abffdec554299012d1db55d	Which client of Lindka Cierach played Queen Elizabeth II in "The Queen"?
5a86458b5542991e771815ec	What is the population of the city where the Akademisches Kunstmuseum is?
5a8a59c955429930ff3c0da6	Maximilian Büsser was the CEO of a company that produced timepieces from which country?
5a81d69055429903bc27b9de	When was the sequel to the 2000 mystery by Dan Brown released?
5a7299465542992359bc3131	What company was Luca Cordero di Montezemolo the chairman of that merged into a new Netherlands-based holding company Fiat Chrysler Automobiles NV?
5a8af1e255429950cd6afc28	Who is the English Professional Footballer that is the niece of a former footballer born in the same place as where he plays?
5a773ec355429966f1a36ccb	Kate Ashfield plays what role in the 2004 British horror comedy film about a zombie uprising?
5a7da6c25542995ed0d16652	Which ocean would the ingredients likely come from for the She-crab soup?
5ab1e75f554299340b525422	What is the name of the director from a country which has only one-tenth of its historical boundaries?
5a7a99db55429941d65f26ea	What is the first name of the author who wrote the play in which Rønnaug Alten made her stage debut at Den Nationale Scene in 1930 as "Viola"?
5adbd68155429947ff173842	As former head of Orange County Ironworks, what has his hit TLC show called?
5a78f3d255429970f5fffdf1	The National Council meets where in the Federal Palace?
5a8c51f0554299240d9c2111	What party does the person that represents Stoke Newington Central belong to?
5a808afb5542992bc0c4a76b	Which writer of French descent actually lived in France, Maurice Level or John Dufresne?
5a84a7f95542992a431d1a85	Who was the wife of the United States Army lieutenant general who received the Distinguished Service Cross, and was the first of his West Point class to be promoted to brigadier general, major general, and lieutenant general
5ab5f372554299488d4d9a60	Which opera has more acts, La jolie fille de Perth or Mitridate, re di Ponto?
5aba916c55429901930fa83b	Which Canadian Province was captured with the support of the Mi'kmaq, Maliseet, Passamaquoddy, Abenaki, and Penobscot?
5ae5669755429960a22e02ec	Which of the campaign that brought out the term Vichy Republican on social media was formally launched on June 16, 2015, at Trump Tower in New York City?
5ab5cd0d554299488d4d9a30	The not-for-profit company which owns a Mark VI monorail was assisted in bond financing by whom?
5ae6c2285542995703ce8b9a	Sparking the Marian civil war, who helped the recently abdicated queen to escape her imprisonment?
5a843cf35542996488c2e51b	What industry did both William Todd Field and Zoltan Korda work in?
5a76db3555429972597f13e7	When did the first bank come into existence that is part of an organization that serves rural areas of India with basic banking and financial services?
5a74524455429979e28828f6	which star of Hwarang: The Poet Warrior Youth was born on November 16, 1991 ?
5ac531ea5542994611c8b419	What team was formed in 1996 that starred players like Robert Parish?
5ab2fccb5542991669774176	Which rapper released the album Big Fish Theory featuring a number of styles of music including Detroit techno?
5a7618d85542994ccc9186cf	Who served as the head coach for the Grizzlies in the 2004-05 season and as head coach for the Brooklyn Nets?
5a8d75f35542994ba4e3dc8b	The Lowry Hotel is named after an artist, many of whose drawings and paintings depict what town?
5a7790ed5542992a6e59defb	Name three common things that are used in playing Monopoly and King of Tokyo?
5a8c7623554299653c1aa07a	when the Marlins are the home team, games are played at this park which was LEED certified as the greenest MLB park in what year?
5abcd77755429965836004ce	Where did the steamship company whose former director was an Australian politician born in New South Wales operate for its first 100 years?
5abe0e4e55429976d4830a62	Tim O'Kelly was cast in a film because he resembled a killer nicknamed what?
5ab6fc8a5542991d32223714	What famous pawn shop do Richard Kevin Harrison and Core Harrison own?
5add9bfa5542990dbb2f7e85	What type of product is the sponsor of the Premiership Rugby Sevens SeriesSeries ?
5adfc06d55429906c02daa2a	What is the name of the largest shipping facility in the Northeastern United States, where the Boston Red Socks play?
5ac298805542990b17b15429	This sister company  of Líneas Aéreas Privadas Argentinas is most commonly known by its shortened name Austral?
5a8089dc5542992bc0c4a765	The current coach of the Los Angeles Clippers was signed as a free agent to the San Antonio Spurs during what season?
5ae4e29855429908b63264a9	Where does the team that Flavio de Jesús Santos  plays for play home games?
5a8e942b5542995085b3745c	At what summer festival might you find music by Bakermat?
5abaf0e055429966062416a3	In which period was this German composer, pianist, organist and conductor born in 1847 active, whose work "Wedding March" became reference to any "wedding march?"
5aba3bb855429955dce3ede7	Chien-Shiung Wu's expertise in experimental physics evoked comparisons to a scientist who passed away in which year ?
5a81e107554299676cceb12a	Ed Oxenbould plays Tyler in a film directed by which famous director?
5ae2133e554299495565d9e3	The first female correspondent for Inside the NFL was replaced by who on the show American Ninja Warrior?
5a738a5955429908901be2f6	A book that attracted 600 people at a 2015 reading is based on a person who is documented for what attribute of the transgender movement?
5a7f354b5542992e7d278c8c	What is the name of the band that had a song featured in the second installment of a 2005 horror film starring Donnie Wahlberg?
5a8656ca554299211dda2afc	Which black comedy sequel to "Forgetting Sarah Marshall" starred an Australian actress?
5ae6c0f35542991bbc97616f	What two positions did the man who broke Buzz Arlett's home run record play?
5a776f8555429972597f1534	Which politician represents a city on the Flathead Indian Reservation?
5a81db0b5542990a1d231ee2	The 2005 film Remedy featured Frank Vincent from The Sopranos and several mob movies by which acclaimed director?
5ab90d8955429916710eb0f1	Jalen Jones plays basketball for an NBA team that plays their home games in what arena?
5aba8d4655429901930fa82b	Which writer, Karen Blixen or Woody Allen, has a broader range of artistic talents?
5a8f15d2554299458435d551	Heikki Seppa studied metalsmith at Goldsmith's school in Helsinki, and later at a silver factory founded by who?
5add352b5542990dbb2f7dc4	Who were the lead members of the group of actors who were in the film which was remade as the first film of "Ocean's Trilogy"?
5a8249b85542990a1d231f8f	What title did the actor who worked with Sivaji Ganesan in a 1970 drama film other than actor?
5ae4a91d5542995ad6573e09	What movement was the the person referred to as Mumia part of?
5ab57022554299637185c59e	Are Isaac Asimov and Michael Cunningham both American writers?
5a7fc5c25542992e7d278d6a	How large is the lake that is near Wyee Point?
5a7300b85542994cef4bc41a	Gaia is a space observatory of the European Space Agency, what is Astrosat?
5abffda6554299012d1db55b	What is the main nickname of the professional association football club where Ewan Fenton spent thirteen seasons?
5ab9b7d555429970cfb8eb7a	Which actor from the South Korean-Thai drama film Final Recipe debuted as a member of Super Junior-M in 2008?
5a70f4695542994082a3e435	Which canal was built between 1836 and 1847, Washington City Canal or Whitewater Canal?
5a82ffe755429940e5e1a949	Lou Pai is a former executive of an energy company that went bankrupt in what year?
5a7b5aff55429931da12ca6d	University Visvesvaraya College of Engineering has an affiliation with what member of the Association of Indian Universities?
5a78e49855429974737f78f3	How many small-box format stores are there for one of Newell Brands' brand that sells scented candles, candleholders, accessories, and dinnerware?
5a7bcc0f554299042af8f7e2	How many top 20 singles did the singer that released the 1990 album "Reputation" have?
5ac29a835542990b17b1542f	What role was the English actress. who starred in The Priory known for
5abd245555429924427fcf0f	Under which ring name does the wrestler who participated in a taser match with Bam Bam Bigelow, associate himself with in the World Wrestling Federation?
5adcd7325542994d58a2f6f6	What year did the person who beat Alex Clark for mayor in 1967 stop serving as a US senator?
5a74994a55429974ef308c2e	Who was the American congressman whose actions led to a CIA program to arm Jihadi warriors in Afghanistan in the 1980's?
5a90b7f355429916514e752d	In which city did he painter and printmaker associated with "Les Nabis" found Salon d'Automne?
5adfc11e55429942ec259b3a	Which of the role of Cindy Robinson was an anime adaptation of the "Blue Dragon" video game series?
5ae8242455429952e35eaa54	What bitcoin start up featured Erik Voorhees as Director of Marketing?
5ac3d1d9554299204fd21e8a	How many albums had been recorded by Talking Heads by November, 1980?
5a7724715542994aec3b71fd	Pierre Benjamin Monteux conducted the world premiere of which play by Maurice Ravel?
5a862da855429960ec39b640	Who sponsors the award Alex Rodriguez won two of?
5a7f677455429969796c1a37	Were Stanley Kubrick and Elio Petri from different countries?
5a72429355429971e9dc9375	What machine has the same name as another machine created by Ludwig Boltzmann?
5a73cf5e55429978a71e909f	After coaching the red raiders to several winning seasons, where does Mike Leach currently coach at?
5ab916e155429919ba4e23a4	12 Years a Slave starred what British actor born 10 July 1977)
5abae1055542996cc5e49ec9	Which genus has more species, Mahonia or Diplazium?
5addd5965542997dc7907047	Which President did the American model who posed nude for Penthouse and whose story is recounted in the book 'Their Lives' gain notoriety after revealing a sexual encounter with him?
5ae547f85542990ba0bbb254	Who was the original recording artist of the song which was chosen over If You've Got Trouble for the Beatles' "Help!" film?
5a75321555429916b0164290	What is the title of the person who is Head of the Department of Biological Sciences at the University of Lincoln
5ab2d61155429916697740ff	What kind of creative artist was Howell Conant, famed for his work with Grace Kelly?
5ab29bdc554299545a2cf9d1	Which tendencies does a group like Uyoku dantai fall under?
5ab4da5b55429942dd415f96	Are Floor Jansen and John McCrea from the same band?
5a76d15e55429966f1a36bfa	What actress from "The House of Mirth" played an FBI agent involved in the cover up of extraterrestrials?
5ab29486554299545a2cf9a4	Which has more members, Dada or Alt-J?
5ac282875542996773102546	Is James Bourne a band member of both McBusted and The Auteurs?
5a7ee0d05542994959419a88	What was the first role in television for the actress who played Lindsay Lohan's best  friend in the Disney Channel's  original movie "Get a Clue"?
5a823fc055429940e5e1a810	The Norse-Gaels language emerged from the intermarriage of the Norsemen and what other ethnic group?
5ae322b75542994393b9e622	Gérard Dubois opened the first La Rose Noire in which complex of office towers and hotels in Hong Kong?
5ac173d85542994d76dcce37	Toby Scott worked with which American singer born on May 24, 1941?
5a7b57155542992d025e680f	What type of industry does Tony Bill and Flyboys have in common?
5a7f3c8f55429930675136c9	Buck Rogers XXVC is a published campaign setting or a homebrew campaign setting?
5a8333115542993344745feb	What summit is located in the county who's county seat is Helena?
5adf8ade5542993344016ce8	Dutch-born American businessman, Harry Koch, fathered a son born in 1900 that founded which oil refinery firm?
5ab850795542990e739ec8bd	Erskine Academy is located in a village in what county?
5adcf37e5542994ed6169c37	BMW X5 is a mid-size version that was produced alongside which newer model, produced in 2009?
5a7cdd1c554299683c1c63a8	A 2013 Smurfs moving is based on what short story that was originally published in 1820?
5a8b8a745542995d1e6f13e4	What is name of the city in Istanbul which has both Column of the Goths and Gül Mosque?
5ac325495542995ef918c12e	Which region of Ghana was the city where Akrofuom is located?
5adf29f05542993344016c09	Which guitar brand was endorsed by the band centered by Ann and Nancy Wilson?
5abd605155429924427fcfc9	The person who established the Human Biology journal had released how many publications at his death?
5a8a4b9955429930ff3c0d88	Who wrote the lyrics to the 2016/2017 Australian production that stars Gretel Scarlett as Kathy Selden?
5aded1595542995ec70e8f29	Juhi Parmar who appears in colors TV's high rated mythological show shani which premiered on November 7 2013 was born when?
5a7eb9f355429934daa2fc53	The St. Louis Bay Bridge runs between Bay St. Louis and a city in what county?
5a7f96a95542995d8a8ddead	IS Universidad de Oriente part of the same public university system as California State University, Dominguez Hills?
5ab92e3c554299753720f777	Was High Times or National Geographic published first?
5abc2e1c554299700f9d7806	How many months apart are Johan Mjällby and Neil Lennon in age?
5adc7f4a5542994650320d28	How many cards can a player choose from to be part of their hand in the card game that was the culmination game of the United States Poker Championship?
5ae083e855429924de1b70fb	By how many points did Dion Lewis' team trail by, in the third quarter, of the Super Bowl that they won ?
5a7755c65542993569682d54	What is the name of a Sri Lankan political party associated with the aim of developing a national identity based on shared characteristics and preserving the nation's culture?
5adf36c55542993344016c3e	In what category did the composer of "Elliot, a Soldier's Fugue" win a Tony Award in 2008?
5ae140f95542997b2ef7d182	Ivan Simson was under the command of the officer who was most noted for a defeat at what WWII battle?
5ab5820e554299488d4d99c3	What is the capacity, for basketball games, of the venue for the 2014 FIBA Basketball World Cup Final ?
5abaaf9355429955dce3eecb	What do Park So-yeon and Michael Crafter have in common?
5ac19bf55542994ab5c67d97	High Water is a song by Bob Dylan it was based on the 1927 Lousiana Flood. Another song recorded by Dylan about the event is When the Levee Breaks who is the Husband and Wife team that wrote and recorded this song in 1929 ?
5a8dab16554299068b959d89	What type of elevation does Aldgate railway station, Adelaide and Aldgate, South Australia have in common?
5ab29cef554299449642c936	In which year was the University where Joost Alois Businger is an emeritus professor established ?
5ae7b001554299540e5a5645	Brandy was handpicked by a producer that herself had been recognized by the "Guinness World Records" for what?
5ab5e13c5542992aa134a3bf	What type of musician does Beau Bokan and Jason Scheff have in common?
5a88ba465542993e715ac089	Jessica Ashley has recorded her own songs and has also written songs for which singer known for her song "Leave (Get Out)"?
5a7efa7a55429930675135ea	How did the prominent member of the Astor family who was a lieutenant colonel in the Spanish-American War die?
5ab82d345542990e739ec854	Following The Simple Things a featurette directed by Burny Mattinson was produced, called what?
5ac3dc9e5542997ea680c950	Maria Radu is best known for winning the 3000 meters at which Edmonton, Alberta, sporting event?
5a81d92f554299676cceb0f9	Where are the 17th Street Canal and the Beaver and Erie Canal located?
5a710a1e5542994082a3e4fd	What is the genus of the viral disease that has symptoms such as fever, chills, loss of appetite, nausea, muscle pains, and headaches, and has a chance of causing liver damage?
5a8f55f9554299458435d5bd	What profession did Willi Forst and Elmer Clifton share?
5abc089b5542993f40c73c57	MacBook offers what brand-type of displays that are higher-resolution than other portable computers?
5a74ae6a55429916b01641c9	What famous composer leveraged microtonal music and unconventional methods of musicianship to create his contemporary reknown?
5a7380b955429908901be2d4	Which film is older, Monsters, Inc. or Earth?
5ab2b61d5542991669774065	Who did the actor who played a bellhop in Dead Heat on a Merry-Go-Round play in Star Wars?
5ac2f79e5542996773102661	Chun Woo-hee's notable films include a South Korean horror film about  a policeman who investigates a series of mysterious killings and what?
5adea8cf55429939a52fe92d	The musician who did "Khalaara" was born on what date?
5a84e1095542997175ce1f25	What city is home to the private research university Jung Seul-ki swam for?
5ae29d92554299492dc91c36	What building in the capital of city of Brandenburg has a roof that is 1 m bigger than the roof of the Der Oderturm?
5a7e1cd955429965cec5ea76	During which months of the year does the goalkeeper for Bengaluru FC play?
5ac4a7615542996feb3fe92a	Dulce Maria García Rivas took part in a "Mask vs. Hair" match with which female wrestler at Guerra de Titanes?
5ade4da055429939a52fe878	My Neighbor Totoro was produced by a Japanese animation film studio founded in what year?
5a7cd8da55429909bec76845	Which The Wind's Twelve Quarters story depicts a summer festival in the utopian city of Omelas?
5a89019a5542995153361259	Mazda's Mazda6 belongs to which country's car manufacturer?
5a7518cb55429916b0164259	What Was the name of Juan Manuel Márquez's  WBO champion holding younger brother?
5ae3b30f5542994393b9e74f	Droga5 has done advertising for an American fashion designer who is the founder of what besides Ecko Unlimited?
5ab5cedf554299488d4d9a34	Cudjoe Kazoola Lewis was brought illegally to the United States on board a ship that was how many feet long?
5abc0ac455429959677d6a01	In what city was the song "Where is Love" first staged and did Oliver Twist meet the Artful Dodger?
5a8c8828554299653c1aa0ae	Edward Fitzalan-Howard, 18th Duke of Norfolk is the son of what British Army general and peer
5a84bbb35542991dd0999dc0	Mother and daughter duo Indian actresses appear in which type of films
5a7cf3d655429909bec768bf	Which breed of dog is extinct, the Hawaiian Poi Dog or the Dandie Dinmont Terrier?
5ac1620855429964131be1bc	Who was an American cartoonist and publisher who had Fred Carter working for him?
5a7148005542994082a3e759	What tower house near Aberchirder, Aberdeenshire did David Gregory inherit?
5a87868c5542996e4f308828	Which restaurant was founded first, Papa Murphy's or Gino's Pizza and Spaghetti?
5a8a5c9855429970aeb702be	Why I Write was penned by which English novelist and critic?
5ae0f73d55429920d5234252	Where was the Super Bowl, that Alan Faneca won, played ?
5a84ed765542994c784dda8b	What type of word play does "What Are Little Girls Made Of?" and "What Are Little Boys Made Of?" have in common?
5ab42a2b5542996a3a969f5a	What is the name of the historic figure whom participated in surveying the borders of the District of Columbia and had a premier African American recreation center named after him?
5adfee9c55429906c02daa8a	The music magazine launched by Rob Stone and Jon Cohen that interviewed CupcakKe about her album Audacious in September was the first print publication to be released where?
5ab29842554299194fa93420	What is the name of the third act in a play where a character named Carlo Gérard is partly based on a revolutionary figure?
5ac0b8395542996f0d89cc21	In which European language is "Olympischerer" an adjective?
5ac3a10b5542995ef918c1c3	On which 2012 American military science fiction action film, directed by Peter Berg, did Jason Snell work?
5abfea825542994516f45527	Who directed the film that had "The Distance" in the soundtrack?
5a77baac5542992a6e59dfa2	Barbara Streisand's 34th album Partners features a duet with which of her children?
5abdf7055542993f32c2a06c	What is the population of the city as of the 2010 Census where the band Quincy Mumford & The Reason Why is based?
5a900b575542995b44242099	Which director, Christopher Guest or Elem Klimov, is known for writing, directing and starring in his movies?
5ac38ce255429939154137c2	What do a Flaming beverage and a Gin and tonic have in common?
5ac0c5805542992a796ded80	The thid episode of the first season of The Simpsons, features which character voiced by Harry Shearer?
5ae3dce45542994393b9e783	Oak Beach, New York and Great South Bay are both situated between what same island?
5ae32e1a55429928c423964e	Which is a beauty magazine, Allure or Claudia?
5ac45cfd554299076e296db5	How many years in prison did the Norfolk farmer defended by Anthony Scrivener serve?
5ab472a35542991779162c98	Who is the cofounder of Big Gates Records that collaborated with DJ Khaled on his second album “We the Best”?
5ac23f5255429951e9e684d8	Jeff Perry the current star of the ABC political drama Scandal is in an upcoming thriller direct by who?
5ae6dba85542996d980e7c9b	On what continent is the business port that was struck by one of its worst typhoons in history on 2 September 1937?
5a8f47785542997ba9cb3217	Does Frank Pepe Pizzeria Napoletana or Donatos Pizza have more locations?
5a8ba07d5542996e8ac88985	What event in 1920 was established by the director of the play "The Miracle?"
5a746a4455429974ef308bf6	Which tennis player is older out of John Peers and Simone Bolelli?
5a75642c5542996c70cfaeed	Where is the investment firm that acquired TI Automotive in 2015 headquartered?
5a845b2d5542996488c2e520	Back Up n da Chevy was an album by the rap group from what city?
5a74c1c05542996c70cfadd8	What flag features 13 stars, and has a creator who also has a memorial bridge named after her connecting Pennsylvania and New Jersey?
5a8c6ebd5542996e8ac88aa9	What city is the army division that conducted Operation Blue Hearts in the Korean War based out of?
5ab430f655429942dd415eca	"The Chance of a Lunchtime" is an episode of a BBC sitcom writtem by who?
5a7cfea2554299452d57babe	Which aired first, Life After People or Werner Herzog Eats His Shoe?
5a7bc0755542995eb53be9a5	The series of novels that reference numerous locations and incorporates themes from multiple genres is titled what?
5abfdfcb5542997d642958fe	Double Dragon starred the actor and martial artist who played which character in "Brotherhood of the Wolf"?
5ac4a94a5542996feb3fe92b	The winner of the 1984 United States Senate election in Maine took on what political role from 1997-2001?
5ab2082f554299722f9b4c9f	What award did both Victor Heerman and Lloyd Corrigan win?
5ade61fd554299728e26c704	Get Off is an album by a group using which style originating in NYC in the early 1970s?
5a8e482c5542995a26add4c3	What past honoree from the New Dramatists Organization is a powerful baritone who won the Tony Award for Best Actor in 2000?
5ae537a855429960a22e0266	"Let's Get Ready to Rhumble" is a 1994 song by a music duo from where?
5ab5895f554299637185c5c2	The Schumann–Runge bands are named for at least one German what?
5adcc975554299473435379f	Don Swayze was one of five children.  His older brother was trained in dance by their mother, Patsy Swayze, leading to his role in "Dirty Dancing".  Who is his older brother?
5a829fab55429954d2e2eb83	Between Joe Orton and Henry James, which author is the adjective "Ortonesque" used to refer to his work?
5a90970d5542995651fb51a5	Rainforest Ecological Train runs through a national park with an area of how many Kilometers ?
5ae1dadf5542997f29b3c14f	Who is the player that is Dutch who was the head of the Arsenal Football Club?
5ab819065542995dae37ea3c	Between Mike Muir and Paul Di'Anno, who has worked with more bands?
5ab5fddb554299110f2199af	Where was one of Sergei Prokofiev's most well-known operas first performed in 1921?
5ab3f6b9554299753aec5a03	How many films were directed by the director of Wise Blood?
5ae1bc7b554299234fd042df	In what county is the community, to which the character Everett Turner is travelling to in the book "Away West", located?
5ac07327554299012d1db5f2	Who is Colin Kaepernick and what is his preferred nickname?
5a8e612b5542995085b3741b	Welcome to Nollywood and Out of the Shadow are both what?
5a72ac8a5542992359bc3164	Which body of water required more intensive man made barriers the Dundee Canal or Lake Worth Lagoon?
5a826d2f5542995ce29dcd05	What did the person in which the Toronto Pearson International Airport is named in honour of organize to win the Nobel Peace Prize?
5abea85f5542990832d3a070	Timothy J. Sloan was the CEO of Wells Fargo who succeeded the CEO who took the job in what month?
5ae66d515542992ae0d16346	In what year was the singer who popularized "I'll Keep the Lovelight Burning" born?
5ac1b95655429963665198fd	What was the codename for the atomic bomb that is dropped by someone other than the weaponeer Frederick Ashworth?
5ac3e1075542995c82c4ac78	The Hip Hop Republican was credited with giving blacks emphasizing traditionalism and capitalism a sense of community during which presidential election?
5adebc51554299728e26c799	What band did both Delores Holmes and an inductee to the Rock and Roll Hall of Fame sing in?
5a8ce851554299441c6b9f6c	The actor that plays Phileas Fogg in "Around the World in 80 Days", co-starred with Gary Cooper in a 1939 Goldwyn Productions film based on a novel by what author?
5a78ce79554299029c4b5ea1	Jacques Coghen is a direct ancestor to the spouse of which Belgian Queen?
5a8a03985542992e4fca84d6	When was the star of the 1982 remake of The Spider's Web appointed to Dame Commander of the Order of the British Empire (DBE)?
5ac5630e5542993e66e823d5	When did the mother of Joseph Ferdinand Leopold of Bavaria die?
5a7dbf4e5542990b8f503a68	The actress known for her role in "Lost in Translation" also appears in Untitled Avenger film with which male actor who plays the character Thor?
5ac324ad5542995ef918c127	What king was the intended victim of the plot that Thomas Arundell was briefly suspected of being a part of the same year he became the 1st Baron Arundell of Wardour?
5a8888e35542997e5c09a5f6	In what town is the university which the Bryant Bulldogs represent?
5ae72fd95542991e8301cbb4	The King who opened Newcastle Civic Center in 1968 was born in what year?
5abc3f725542993a06baf8b3	Electoral district of Bragg currently includes which suburb in the city of Burnside, Adelaide?
5ab3c270554299233954ff9e	Midland F1 Racing was a racing team that, in 2007, competed under what name for sponsorship reasons?
5a746abf55429929fddd8417	What anchor store in the Stratford Square Mall has 728 department store locations in the continental United States?
5ac42c6d5542997ea680ca1a	What was the previous name of the Italian town that is about 15 kilometres from a former Cistercian monastery?
5a7a69365542996c55b2dd9b	Which film was Shannyn Sossamon in that was directed by Michael Lehmann?
5a737fff554299623ed4abb9	What was built near the residential neighborhood of Ramsay, Calgary in 1983?
5ab3b2fb554299753aec59af	When did the man for whom St Vincents Hall, Grantham was built found his eponymous company?
5ab6654455429954757d3281	Arbutus and Aspidistra are what types of plants?
5a7385c45542992d56e7e359	Who was born first, British novelist Doris Lessing or American writer Philip K. Dick?
5ae71d2d554299572ea546f7	Gül Train is a project of which Eurasian political and economic intergovernmental organization?
5a836ce55542993344746012	Which genus has more species: Sarracenia or Butea?
5ade0cc85542990dbb2f7f37	Is Ordos City more west than Yangzhong?
5a802fb8554299485f598582	Careers and The Really Nasty Horse Racing Game are both what kind of game?
5ac3e22d5542997ea680c976	Michelle Lewis has written songs for which "Lizzie McGuire" actress?
5ac2ca84554299218029db55	Choi Jun-hong  is best known as a member of a group formed in which year ?
5add695a5542992ae4cec557	What bluegrass singer provides vocals for a song on the album which was released in September 2013 through PRMD Music?
5ae71c4c554299572ea546ee	Toyota Innova is part of the IMV program along with which light commercial vehicle?
5ae16bce5542997b2ef7d1e8	When is the election held for the position former policy director Krishanti "Krish" Vignarajah is running in?
5adbfb3f55429947ff17388a	What award was won by Niels Henrik David Bohr, a Danish physicist who established the Nordic Institute for Theoretical Physics?
5a79a26d554299029c4b5f63	The founder of The Covenant, The Sword, and the Arm of the Lord is a close associate of what man responsible for the Oklahoma City bombing?
5ab9405c554299743d22ea7c	In what city did the 1959 William & Mary Indians football team lose against the #13 Naval Academy?
5ade6fcd55429975fa854ecf	Often seen at the Academy Awards pre-show, what is Robin Roberts's occupation?
5ac275e755429921a00aaf81	From what nation is the football player who was named Man of the Match at the 2001 Intercontinental Cup?
5a8cd291554299441c6b9f14	What is the name of the basketball team that trained under assistant coach, Steven Michael Henson at the University of Oklahoma ?
5a72aec45542994cef4bc3d7	Which author lived longer, Nelson Algren or Nathanael West?
5a745a2955429929fddd83f8	How many members does the Tennessee Volunteers football team's Conference have?
5a737ef85542992d56e7e336	What British rock band released the album Brothers in Arms in 1985 which also featured a song with the same title?
5ac43c7b5542997ea680ca34	Danglemah, New South Wales is between which town and the town on the south-eastern edge of the Northern Tablelands, New South Wales Australia?
5a7f66f155429969796c1a33	What 3 countries are part of the legal name of the airline that merged with Braathens in 2004?
5a8b99a45542997f31a41d7f	Who played the female lead in a 2007 Indian Telugu film that was an unofficial copy of a remake of Lina Wertmuller's 1974 film?
5a851cc85542997b5ce3ffa3	Are both French Spaniel and Beagle universally recognized breeds?
5ab678f455429954757d32d3	What river runs near the tidal island of Eilean Tioram?
5ac0a18a5542992a796ded41	What genre did the writer whose novel was based on "I'll Take Manhattan" writes?
5a7b88b45542997c3ec97201	Which of Damon Stoudamire's cousins once played college basketball for the University of Kentucky?
5ab8524f5542990e739ec8c4	William Hodges visited a polar region as part of a voyage, the region is how big?
5a8fa4a5554299458435d6a3	What is name of the business unit led by Tina Sharkey at a web portal which is originally known as America Online?
5ac0d9a35542992a796ded90	Are Hungry Hungry Hippos and Parcheesi both published by Parker Brothers?
5a72f7df5542991f9a20c5d7	Piers Bizony has written articles for which magazine based in Bristol, UK?
5a8f43555542992414482a21	This film is an adaption of a Jacques Offenbach's opera that was written by a Hungarian British screenwriter?
5abe48675542991f66106119	A man who played in the 1986 FIFA world cup played for what team during the 1982 Scottish League Cup Final?
5ae0b8bb55429924de1b7145	Who is a guitarist, Saffron or Myles Kennedy?
5a793ea55542994bb9456fce	Which magazine was first published earlier, The Chronicle of Philanthropy or Skeptic?
5ab682f85542995eadef001f	Old Bushmills Distillery was in the process of transitioning from the ownership of the company that had a headquarters in what English city?
5abdc0ad55429933744ab81b	Which band was formed first, Goldfinger or The Fray?
5adcf2b55542992c1e3a24cd	How many children's books has the writer of the sitcom Maid Marian and her Merry Men written ?
5a7571835542992db9473669	What is the name of the city 200 km north-west of Sydney, Australia that the Armstrong 500 race was moved to?
5abe9c1a5542993f32c2a183	Who was a species of Alerce tree native to the Andes mountains named after?
5ab90d2755429916710eb0f0	Steven Rattazzi provides the voice for the character of Doctor Byron Orpheus on an animated series created by who?
5ac16c2b5542994d76dcce19	What does the brewery that is located in the home of Neuhaus produce?
5a7b48b15542995eb53be8eb	These three apps that have similar functionality to Google for Education are compatible with what Microsoft file format?
5abe84a95542991f6610619b	Which contributor to the CBS News program "60 Minutes" also contributed to The Great American Dream Machine?
5a7e43c9554299495941995a	How many Studio albums did the group that released the debut album The Cactus Al/Bum release in their initial career?
5ae151985542990adbacf74d	Which music group has the most members, DC Talk, or Manchester Orchestra?
5a81ee385542995ce29dcc88	Lt Col. Stewart Francis Newcombe was a British army officer and associate of a military officerthat was given what title?
5a8c301d554299240d9c20cb	Casino and Culto A La Vida are cocktails, one of which contains Havana Club 7 and what else?
5aba749855429955dce3ee34	Minneapolis hip hop collective member that released album in 2006?
5abb291355429939ce03dd9e	What other name is the Moor Park Mansion known as?
5a80297f5542992e7d278e08	Which singer is also a comic book writer, Max Bemis or Robert Palmer?
5ae5f82a554299546bf82feb	Who wrote the 2009 American home invasion horror film which Andrea Roth was known for her role in
5ae088525542993d6555eba1	Are Stan Lee and Mark Helprin both comic book writers?
5adec53655429975fa854f87	Are Kim Dong-jun and Charlie Harper both singers?
5ae2c4b8554299495565db31	What New York city is 60 miles northwest of the Glen Iris Inn?
5ae328df55429928c423963c	Dorothy Sarnoff's personal client list included what AMerican novelist, who has sold over 800 million copies of her books?
5ae71bee554299572ea546ea	Dean O'Banion was the main rival of which mobster, known as Scarface?
5ab57759554299637185c5a5	Princess Marie-Clementine Bagration was the illegitimate daughter of the Austrian Empire's Foreign Minister whose resignation was forced by what?
5ae724ec5542995703ce8bd8	Where is the home of the common party princess voiced by Idina Menzel?
5abbdaac5542992ccd8e7fc0	Were Frank R. Strayer and Krzysztof Kieślowski both Directors?
5abf1ad15542997ec76fd3c2	Which French aristocrat and military officer who fought in the American Revolutionary War visited this historic home located at Enfield, Halifax County, North Carolina, known as The Cellar?
5a81141855429938b61422ad	What team does the third place winner from the 2006 San Marino Grand Prix currently compete with?
5ab2f4c95542991669774155	What is the name of the field marshal and strategist who was the mastermind behind the Schlieffen Plan?
5ae5429355429908b63265c5	In what year was the aviator in whose honour the Quai d'Auteuil was renamed born?
5ac3e5de554299204fd21ebc	How many records did the boy band who released "Said and Done" sell worldwide as of 2013?
5adf81105542992d7e9f9388	What is the origin of the name of the neighbourhood in which the building at 359 Broadway is located ?
5adcfb5f5542990d50227d81	Are Grant Nicholas and Danny Shirley both American singers?
5a750ccc5542993748c897a8	Which mine first entered into production, Beaulieu Mine or Con Mine?
5a7103b35542994082a3e4c0	Which mountain, Masherbrum or Khunyang Chhish, is a taller mountain?
5ae688065542996d980e7beb	What was the population at the 2010 census of the city which, along with Clayton, is covered by the Mount Diablo Unified School District?
5a8ba0855542995d1e6f1427	A writer for The Kenyon Review won a Pulitzer Prize in what year?
5ae2f97555429928c4239582	Peter Bales and Raphael Holinshed both worked on what project?
5ac3a7f75542993915413890	The actor who starred in "The Hearse" gained worldwide film by starring in whose series of 1940s films?
5a8f5b6f554299458435d5e7	Sand Mountainis part of the southern tip of a mountain chain in which part of North America ?
5add53fe5542992200553ab1	Since what historic period has the area known for its Crottin de Chavignol goat cheese been inhabited?
5a8b3e985542995d1e6f131c	Where is the brand "Moe's Southwest Grill" owned based?
5ae25e835542992decbdccd1	A British sports, health and leisure business hosted the World Games on what dates?
5a74d7685542996c70cfae0a	Who was the murderer sent to "Old Smokey" for allegedly commiting "The Crime of the Century"?
5a866fa855429960ec39b6a5	Ella Purnell appeared in this 2014 film loosely based on what fairy tale?
5adde8a05542997dc79070a4	Which of the former British Leyland companies is best know for it's two-seat open sports cars?
5a9087ac5542990a98493668	How many movies did the "Comic Book Villains" star born on march 20,1970 apprear in since the early 1990s?
5a840a9e5542992ef85e2397	What is this group referred to as that this Russian composer, who wrote "The Songs and Dances of Death," is a member of?
5ae791a55542994a481bbdaa	Which of the university at which Jack M. Guttentag  is a professor emeritus of finance was established in 1881 through a donation?
5ae357745542992f92d8229b	What company produced the 1978 movie based on a book written by a radio playwright and children's book author born in 1900?
5a823b355542990a1d231f6e	Orson Scott Card first published his short story "Killing Children" in this American science-fiction magazine whose first issue was published when?
5a7effeb5542994959419aa0	Which crop first domesticated in Mexico has its price regulated by a Mexican parastatal created in 1962?
5a81a2055542990a1d231e2d	Whose father is the name of the son of the chief counsellor to the king in Hamlet taken from?
5ade6eb65542992fa25da782	What two singers who worked together on the song I Would Like to See You Again also performed as part of a country music group which was active between 1985 and 1995?
5adc6a3b55429947ff173953	What musical was inspired by the films that included Ruth Leuwerik's best known role?
5ac3b8b8554299741d48a301	Which Kevin Costner movie included an actor who also starred in "Little Big League"?
5ae320f855429928c4239620	In which year was the coach of the 1917 Pittsburgh Panthers football team inducted into the College Football Hall of Fame?
5a8bd49d5542997f31a41dd7	Who is this American cartoonist, writer, producer, animator, and voice actor that worked with this multiple Shuster Award, Harvey Award and Eisner Award nominee and an Eisner Award–winning comic book creator?
5ae0ba9055429924de1b715c	Tony Leung Ka-fai is a four time winner of the award that has been on offer since what month?
5a74b4dc55429979e2882a00	Which former lead guitarist has a solo album named two disc compilation album?
5ab5f75e554299637185c64b	What is both Grimaldi's Pizzeria and Papa Gino's primary menu item?
5ae0fe8855429945ae959495	Were both Tom Gullikson and Jürgen Melzer professional Austrian tennis players?
5ae3c1515542992f92d8236a	Which magazine was founded first Science News or High Times ?
5a77b6325542997042120af7	Who was born first, Bobcat Goldthwait or Maurice Elvey?
5a7750de55429966f1a36cf0	Who was the winner of the European Cup the year that 39 people were killed?
5a7cc700554299452d57ba4e	What speech by Abraham Lincoln was part of Richard Heffner's A Documentary History of the United States?
5ac39d22554299391541381f	The Patriotic front promotes the interests of what nation particularly with the aim of gaining and mainting self governance.
5a81c90a5542990a1d231eb4	Are the bands Tiger Please and Black Rebel Motorcycle Club from the same country?
5abd332e5542993062266bdd	what season of shark tank did Roominate get invsetments
5ae641f65542992ae0d162a3	What is the mononym of the Fillipino singer that released the album "My Inspiration"?
5a7912f655429974737f796c	What is the birthday of the man who played Lex Luthor in Superman IV: The Quest for Peace?
5a765fe85542992d0ec060c5	The Black Star identified closely with this American magazine magnate who was called what?
5abd82dc5542993062266cb6	Why did the CEO of the football team based in Denver, Colorado step down in 2014?
5ae10572554299422ee995cd	What was the name of the storm that was the fifth hurricane of the season where Miami, Florida became the new National Hurricane Center?
5ac4c0fc5542997ea680cab1	The Parc des Buttes-Chaumont was opened during the reign of the President of what era in France?
5a88644455429938390d3f3f	The Battle of Uddevalla occurred during what 1675-1679 wars?
5ac2716f5542992f1f2b38cb	What type of area did Michel Thomas work in when he was in the French Resistance?
5ae0aaf35542993d6555ec02	What was the former name of the stadium, from 1997-2017, where the Aztecs play?
5ab56555554299494045ef97	As a Nazi hunter, Simon Wiesenthal, was apart of a fued in what time frame?
5a83b1e75542990548d0b220	Worker: What professional title to both Christopher Nolan and Paul Schrader boast?
5abd02605542992ac4f381a2	When was one of the fresco mural, one of the greatest treasures of the Hood Museum of Art, painted?
5ae701b2554299572ea54680	The subject of the biography "Name Dropper" was born in what year?
5a7b2a2255429927d897bf4c	A 2005 computer animated short film by Pixar, and directed by an American director that was born in 1957, is based on what film?
5a8f979255429918e830d288	What park is just south of the location where the New York Jets played prior to moving to Shea Stadium?
5a810006554299260e20a1f6	George Lucas created what character to raise Boba Fett?
5a90740a5542990a98493658	Where is the summer retreat the American mining engineer, inventor, and self-made member of fashionable society and his wife, who was a survivor of the "RMS Titanic"?
5ac261265542992f1f2b3896	Who described the person who started the current American Independent Institute in 2014 as "one of the most influential operatives in the Democratic Party"?
5a809e9f5542996402f6a5b1	Ricky Martin's concert tour in 1999 featured an American heavy metal band formed in what year?
5a8fb0be5542997ba9cb32ed	What was the previous name of the hotel Bill Cosby recorded his comedy album, For Adults Only, in?
5ab6f222554299110f219a78	Were the films "Ten Who Dared" and "Tonka" distributed by the same company?
5a7a562355429941d65f25ba	With what team did the player who eclipsed Bill Madlock's batting title record for a third baseman win the World Series?
5addfe1c5542995b365fabaf	Are Wolfgang Becker and Jacques Audiard both German film directors?
5ade28cf5542997c77aded85	Is Rutgers University or Brown University public?
5a7720d05542993569682cde	What American actor amd director is the son of Debbie Reynolds and Eddie Fisher?
5a7cb2ed5542990527d55505	When was the stadium that held the 2015 Magyar Kupa demolished?
5ae2e8e05542991a06ce98fb	For which band, was the female member of Fitz and The Tantrums, the front woman for ten years ?
5ae358c05542990afbd1e10f	Who sparked the 972 unrest in Lithuanian SSR?
5ab9e477554299232ef4a25d	Which was built first Woolworth Building or 1 New York Plaza?
5abb07e95542992ccd8e7ec4	"The Parasite" is a kind of text that has how many words?
5a75e06155429976ec32bc60	Who was the running mate of the man about whose candidacy the 2016 book Insane Clown President: Dispatches from the 2016 Circus documents?
5ab8e70b5542991b5579f031	Besides dísir, what is another Nordic term for a ghost?
5ae3a3835542990afbd1e19c	The driver know for doing backflips off his car lost to which driver in the 2009 NASCAR Nationwide Series?
5a8c620c554299240d9c2141	Are Karl Shapiro and Elie Wiesel both American writers?
5a871e265542991e771816d1	The man nicknamed "the Mayor of Silicon Valley"  was credited along with what engineer that was awarded the nobel prize for physics on December 10, 2000
5ab7af9d5542993667793fe9	Are both Dodgy and Massive Attack based in the same country?
5a8aed1755429950cd6afbf1	Are Fastbacks and Local Natives both from the same US state?
5ac46a8b5542991943173980	Was Princess Charlotte of Cambridge born before or after the repealing of the Royal Marriages Act 1772?
5a77731955429972597f1541	What town in Piscataquis County, Maine, housed the smallest railroad in the United States in 1890?
5abc17555542993a06baf858	Lisa Howard had a role in the comedy that had music and lyrics by whom?
5a7f8b8c5542995d8a8ddea1	The term snake eyes is used in a particular casino game that uses what game pieces?
5a8fab8c5542995b4424208a	Who set Nietzche's philosophical novel to music?
5a7e1f5655429965cec5ea81	Which footballer who is an attacking midfielder for Premier League club Stoke City, has Jim Cassell developed?
5ae7fd085542993210984007	Who was President of the United States when Jennifer Hunt served under Secretary of Labor Seth Harris?
5adff34555429942ec259baa	Robert Bobby Noble's third football engagement was with a association station where?
5a7a7e9f5542994f819ef1f4	What was the budget of the prequel to Beyond Skyline?
5ae1054055429920d5234284	To which taxonomic category do both Hyacinthoides and Anthriscus belong?
5ae3281a5542991a06ce9939	Are both Frank Lloyd and Olivier Assayas American film directors?
5a7365b155429901807db02a	Which war was HMS Clonmel in where over nine million combatants died?
5a8835245542994846c1ce27	Do Tropical Fish Hobbyist and Curve cover the same topic?
5a7dc7895542995ed0d16673	Which writer is older, Joseph Epstein or Milan Kundera?
5abb03325542992ccd8e7eae	The magazine that nominated George Rainsford for their Best Actor award in 2017 comes out every week on what day of the week?
5a82f05255429966c78a6aa2	Stanley "Tookie" Williams founded which African-American gang in Los Angeles, California in 1969?
5ab524595542996a3a96a034	What is the name of the US battleship best know for the setting of the film Under Siege and the site of the surrender of the Empire of Japan to end World War II?
5abdff775542993f32c2a082	At what theater is the composer and lyricist for the musical Big Fish a residential artist?
5ab997ad554299131ca4238c	Lakshmi Shankar is the mother-in-law of an acclaimed Indian violinist who was noted for what?
5a73987c55429978a71e9039	Which production company was involved with both of the movies A Kid in King Arthur's Court and The Great Locomotive Chase?
5a901d6c5542995651fb50bd	Which was formed first, Noori or Test Icicles?
5ae237ac554299492dc91be1	What was the population in 2010 of the town where The Stelljes House is located ?
5a7f18a35542994959419aa6	On which coast can the California Aqueduct and the Lake Washington Ship Canal be found?
5a79f37a5542996a35c17045	Butautas tried to depose his uncle who between which years ?
5a792f3e554299029c4b5f20	What was the name of a land where Maria Anna of Spain's husband was king?
5ae7cb575542997ec27276ea	Shinola LLC, an American luxury lifestyle band is owned and operated by Bedrock Brands a texas investment group launched by this man one of the founders of  Fossil Group
5ab2a308554299340b52553b	What is the nationality of the author of Fifty Shades Freed?
5a7e72dd55429949594199bf	Among the prominent members of the Walla Walla expeditions was member of tribe whose reservation is how many square miles in total?
5a8f84505542992414482aef	What occupations do Toshi and Emily Haines share?
5abc030e554299642a094bdc	The Distribution of Industry act was passed by a man who was prime minister when?
5add6cf45542992ae4cec55f	What is the current occupation of the footballer replaced by Zdenek Zeman at the beginning of the 2012-13 A. S. Roma season?
5ae7e9af5542994a481bbe0e	What is the 2010 census population of the city in which Antonio Carmona Añorve was the director of police?
5a88651b55429938390d3f45	Which play is set in one act, Bluebeard's Castle or Agrippina?
5a74f3f55542993748c8974b	What movie was the actor born on May 4, 1946 involved in in 1972?
5a8f608d5542992414482a94	The Pollution Prevention Act of 1990 expanded a publicly available or private database?
5a831fcc55429940e5e1a96a	Does Kurt Cobain and Glenn Frey work in the music industry?
5ac1a4ed5542994d76dcce90	Are William James and Bret Easton Ellis both screenwriters?
5a874ec35542994846c1cd57	What German is Arthur Wesley Wheen best known for translating?
5ae07e5b55429945ae959381	Drachen Fire was a roller coaster located behind which suspended coaster at Busch Gardens Williamsburg?
5a7137dc5542994082a3e68a	Kevin Wayne Durant was named what ?(An Award initiated following 1952-53 NBA Season?
5a89fea655429970aeb701eb	In which film did Emilio Estevez star in in the same year as Nightmares
5ae234005542994d89d5b392	Who has the highest scope in profession in  Rob Thomas or  James Dean Bradfield
5ab4ec2755429942dd415fa6	Nelson Chai is the former president of what financial holding company that was founded in 1908, and is headquartered in New York City?
5a72d3525542991f9a20c5ab	What was the founding year of the county where Weber's Store is located?
5ae1d1a55542997f29b3c138	Which of the fighter in Battle of Gavinana was created in 1422, and came to an end when the Holy Roman Empire was wound up in 1806, as the result of the Napoleonic Wars?
5a8b397955429971feec4674	Are both John Corabi and David Byrne musicians?
5ab84de95542990e739ec8b4	Yau Ma Tei North is a district of a city with how many citizens?
5adbdc8a55429944faac238e	What nationality is the sport club that the current coach of Werder Bremen played professionally for?
5a88981c554299206df2b307	What type of conflict does Nathaniel Starbuck and Bernard Cornwell have in common?
5ac2943a55429921a00aafce	Who directed the 2001 film that featured Yu Rongguang?
5a89ddf25542992e4fca83ff	Do singers Lee Donghae and Dappy have the same nationality?
5ae18ae6554299234fd04289	When was the British economic historian who established "The Economic History Review" born?
5adfb4b8554299603e418381	What do Káťa Kabanovát and Der ferne Klang have in common?
5a8b7dab5542997f31a41d4c	In the 1973 NFL season, the Pro Bowl took place at what football stadium that is part of the Truman Sports Complex, along with what other stadium?
5ae361d15542990afbd1e126	What is the original surname for the actor who sang "It's a De-Lovely" in the 1962 revival of "Anything Goes"?
5a804032554299485f5985a0	Which magazine ran for only one year, Kilobaud Microcomputing or Humbug?
5a7d215255429909bec76979	Water Night was composed by what Grammy-winning American composer?
5ae203d6554299234fd04394	Where is the  highest level of baseball which Koichi Sekikawa is a former outfielder in located
5adea61155429939a52fe922	What was the Canadian movie called in Italy that stared a professional American football defensive end of the National Football League along with Michael Ironside?
5ab6e6c7554299710c8d1fa4	What team had Tony Roberts replaced by an American sportscaster from Buffalo, New York when he retired?
5ae16d9655429920d52343ce	"Collateral Damage" is an episode of the television series "Millennium" and features the host of a late night talk show that airs how often?
5ae28058554299495565da90	In what year was the fantasy and science fiction author of the short story "Recovery" born?
5a827e8455429940e5e1a8dd	Les Patterson Saves the World was a comedy film starring the author of which autobiography?
5adcb7eb5542994ed6169bd0	Which Spanish football team did Ángel Dealbert Ibáñez  played for
5a76f22055429972597f13fa	What position in their bands did both Christopher Amott and Johnny Edwards have in common?
5ac281e355429963665199eb	What film debut in 2006 with a South Korean actress born in 1972?
5abdd0f15542991f6610604d	The Rome Protocols were signed by three Prime Ministers one of which was assassinated as part of what?
5add1eed5542992ae4cec485	Which band was active the longest, Spirit of the West or Big Pig?
5adc126f5542996e685252c5	What part of Australia is Alice River and Rupertswood in?
5a7d1765554299452d57bade	The 1919 Mississippi gubernatorial election Incumbent Democrat was a master of what?
5a7cdf89554299683c1c63b0	The Environment Act 1995 passed under the tutelage of a politician associated with what political party?
5a8f5be9554299458435d5ed	Which band was formed first Killing Joke or Acceptance ?
5ae4b55455429913cc2044db	Among the cast for "Suicide Squad", who has also appeared in "Flags of Our Fathers"?
5a89e98955429946c8d6ea0c	While at the University of Michigan, Louis Smith played with what American jazz trumpeter, bandleader, and composer?
5a8a03245542992e4fca84d5	What profession does Spice Girls discography and Emma Bunton have in common?
5ae4be5455429960a22e019c	Which is a shrub, Mimosa or Cryptocoryne?
5add44c25542997545bbbd0a	A Therapy was written and directed by what French-Polish film director who was born in Paris?
5a72a6d855429901807daf27	Of four Harry S. Truman Supreme Court candidates, who was the 53rd United States Secretary of the Treasury and the 13th Chief Justice of the United States?
5ade949b5542997c77adee63	The city Charles Prince Airport is approximately 16 km northwest of was called Salisbury until what year?
5adc0644554299438c868d08	The actress that played  Pearl Gallagher on the tv sitcom "Diff'rent Strokes" is also the voice of an animated character that debuted in what year?
5a8d5ec2554299585d9e37c4	Are Lycoris and Ammi both native to southern Asia?
5adf5daf5542995534e8c79d	Are Darren Benjamin Shepherd and Rémi Lange both American?
5ae64ad25542995703ce8b4f	What was the name of the commander who captured all of the French ships that varied in size?
5abba4b4554299642a094af3	What is the middle name of the Silicon Valley entrepreneur disussed in the non-fiction book The Unwinding?
5a801e845542992097ad2fd9	Which magazine produces more print editions yearly, Nautilus or TV Guide?
5ae39f405542991a06ce9a02	"Knock" is an example of fiction by Frederic Brown that has how many words?
5ae2e0fd55429928c4239524	What actor was also a president that Richard Darman worked with when they were in office?
5ac0d732554299294b219030	The Lang Labor Party was the group that aligned with the policies of the government that followed what system?
5ae54bbd5542990ba0bbb262	What is another name for basidiomycete fungus?
5a8637415542994775f60724	Which species is native to Asia, Corokia or Rhodotypos?
5a7621bb554299109176e650	Which album did the band Kraftwerk release after their successful album which reached number 25 on the US "Billboard" Hot 100 chart?
5ac3a47f554299391541386d	Dunstan is an electoral district that includes which suburb of Adelaide in the City of Norwood Payneham St Peters?
5a89b8f0554299669944a580	When was Aimee Carrero's depiction of Angie first aired?
5ab870ee5542990e739ec8f6	A Wind in the Door is part of a series written by who?
5ac15f6c5542994d76dccdf3	Are both Miltoniopsis and Strobilanthes examples of a genus?
5a8c6342554299240d9c214a	Claudine's Return starred the actress who played which role on "Married...with Children"?
5adcbc645542994d58a2f6b6	Fodder on My Wings is an album by a singer/pianist/songwriter born in which year ?
5aba7fd055429955dce3ee5e	Ladislav Matejka's Michigan Slavic Publications has published volumes by which historian considered to be the founder of morphophonology?
5ac270e05542992f1f2b38c9	What is the highest peak in the mountain range in which Elk Valley, Tennessee is located in?
5ab64cfa55429953192ad2b7	Who lived longer Ellen Glasgow or N. Scott Momaday ?
5ac39844554299741d48a2ac	Which mountain is higher, Nanda Devi or Broad Peak?
5a8b84875542995d1e6f13d7	Which cast member of Pitch Perfect 2 was born March 9, 1986?
5a8bd2f95542997f31a41dd2	Which Danish professional football club that won three Danish championships and five Danish Cup trophies did Keld Bordinggaard play for?
5a7f39d055429934daa2fd2a	Which is a comedy film, The Million Dollar Duck or Don Quixote?
5a7a49d85542994f819ef1bc	Who was born first of Leslie S. Hiscott and James Rolfe
5abd573c55429924427fcfb7	Zach Parise's father played in which league?
5addffa75542992200553bdc	Which director was also a writer, Noel M. Smith or Reza Parsa?
5ab613985542992aa134a418	What kind of material forms the wrapping for the chocolate candies that Hershey Kissables were shaped like?
5ac09d265542992a796ded39	Erving Goffman was cited as higher than a literary critic on which guide?
5a904b0c5542995651fb510e	"Up There Down There" is a rock song written by an american guitarist who married a fellow rock musician by the name of what?
5abda6e955429965af743d9b	What country does Ogwini Comprehensive Technical High School and Durban have in common?
5abcee275542993a06baf9af	What year did a director of a North Korean cinema film get kidnapped?
5a8484495542997175ce1ee8	Jamie Campbell Bower was a cast member of the TNT show that was canceled after how many seasons?
5ab852c05542990e739ec8c5	Which peak is flanked by Manaslu, Shispare or Ngadi Chuli?
5ac3a0db554299391541383a	Phyllis Kohn holds a seat in the House of Representatives which meets where?
5a8cea40554299441c6b9f76	Which mountain is taller, Gasherbrum II or Langtang Ri?
5ac3d68f554299076e296ca6	Jim Price appeared on the Rolling Stones Album released in what month?
5ab969ca55429970cfb8eac9	Where is Anticimex's parent company headquartered?
5ac1a6bf5542991316484b8d	In what state did this band form that is an American metalcore band, founded in mid-2009, and whose lead vocalist was Jerry Roush?
5a8f4d895542992414482a2d	What division of Mexican football is the team that Jesús Daniel García Esparza currently plays for?
5a84de255542991dd0999e06	Who had more pen names, George Orwell or Nelson DeMille?
5adf3feb5542993a75d2644c	Did both Anthony Burgess and Tennessee Williams use pen names?
5ab3c48755429969a97a81b8	What cuisine is described as a cultural blending of Mediterranean influences (such as those created by Italian and Spanish populations)?
5a83093c55429966c78a6b01	Were both Léopold Eyharts and Ulrich Walter a General in the French Air Force?
5ae5fb2d554299546bf82ff5	Who is the father of the king who attempted to have Eardwulf assassinated
5add24375542992c1e3a2542	Are Werther and The Odyssey both operas?
5ac3ba1855429939154138f3	Are 9 DeKalb Avenue and New York World Building both skyscrapers in Brooklyn?
5ab46a0f5542990594ba9c1b	Where did Leigh Anne Tuohy’s son play college football?
5a7f40055542992e7d278cc0	What did an English former footballer purchase in march 2009?
5a865e8a55429960ec39b67a	Do the bands 3OH!3 and Moonbabies have the same number of members?
5abb326055429966062416e7	Ruddles Brewery is owned by a pub retailer and brewer based in what city?
5ab545d3554299494045ef5c	The producer of "Live By NIght" began his film career playing what role in "Critters 3"?
5a74cfc75542996c70cfadfe	Which Bob Stoops coached team beat the 2016 Auburn Tigers football team?
5ae0b82855429906c02daaff	Which 2010 Norwegian documentary miniseries featured an expert who is the Director of the University of Cambridge's Autism Research Centre?
5ae1a7c8554299234fd042b0	Which American anthology horror series created and produced by Ryan Murphy and Brad Falchuk did  Denis O'Hare filmography performance in the first season of
5a7c99d555429935c91b5254	Who lived to an older age, Elia Kazan or Moustapha Akkad?
5a8b7ca65542997f31a41d49	When did the Romance languages of Slovenia evolver from Vulgar Latin?
5a86141f5542996432c571a5	Ashley Benson portrayed the role of Brit in the 2012 crime film directed by whom?
5abe87cb5542993f32c2a156	Millennium Greens were funded in part by a what type of lottery?
5a78eff155429974737f790a	What Happens in Vegas, an American comedy film starring Lake Bell, was released in what year?
5a8b84905542997f31a41d5d	On what kind of field did the team led by head coach Joe Harasymiak play?
5abecdf45542997719eab5d4	Lake Wales Ridge National Wildlife Refuge is on the US route that runs between a city in what Florida county?
5abbf8bc5542993f40c73c35	Are both Viken Babikian and Don Manoukian American ?
5abace6b5542996cc5e49e99	Irish print journalist, Arthur Quinlan, was the only one to interviewed which major figure of the Cuban Revolution?
5adfb790554299603e418389	What do Eragrostis and Rhexia have in common?
5ac11ee45542997d64295a7d	Which is a black-and-white film, Flying Padre or Inside Job?
5a7e1b7155429965cec5ea6c	Saltillo Engine is an engine plant in Ramos Arizpe that belongs to the American subsidiary of what company?
5a89f58f5542992e4fca84af	What station is 3 miles away from the railway station that was used in the film "Brief Encounter"?
5add2dae5542992c1e3a2558	Which building was completed first the W. R. Grace Building or 10 Hudson Yards?
5abce1fa5542993a06baf993	What nationality was the lover of Lord Alfred Douglas ?
5a89e47f5542992e4fca8457	The university where Rolf Martin Theodor Dahlgren worked as a professor has how many employees?
5ae658855542992ae0d162e3	When was the English rock band formed that's first recording remained unreleased for three years?
5ae69cfe55429908198fa65f	Reeves Plains Power Station is a proposal from a company owned by who?
5a7e689f55429934daa2fc1c	Daddy was an American Pit Bull who was integral to the work of what Mexican-American dog behaviorist with over 25 years of canine experience?
5a886364554299206df2b24b	What musical duo used samples from the first presenter of "Tomorrow's World" in their album Lost and Safe?
5a7a70b355429941d65f2647	Who was born later, Jerry Garcia or Joe Gooch?
5a7335b55542992359bc3290	who released the 2012 record of red?
5a78b3f7554299148911f94c	Joan Bennett Kennedy, who had three children including Kara Kennedy, was known for pursuing which career?
5a80a25d5542995d8a8ddfb7	What is the name of the vocalist who collaborated with the rap duo who won the 2002 Grammy Award for Best Rap Performance by a Duo or Group?
5a8f25175542997ba9cb31ea	Who directed the film Leigha Kayleen Hancock is best known for?
5adeacf955429975fa854f66	What commentator and author questioned the validity of CORE's non-profit status?
5ab28156554299449642c8ce	What league did was the team that played home games at Holman Stadium belong to?
5a84d71c5542997b5ce3ff75	Who was the king of England who became king after the death of his younger brother and whose reign was chaotic due to rivalry with relatives until his own death a few decades later?
5a810506554299260e20a202	What is the birth date of this American composer, who composed the Ghost Quartet?
5ab5279d5542996a3a96a03f	When was the female co-founder of the organization that published the "Daily Word" devotional born?
5ae1cb04554299234fd042fd	What other things did  blind Arab philosopher who is also  Abd Allah ibn al-Fadl teacher do
5a90b3c65542990a984936b7	The announcer of "Screen Gems Network" was the voice of a mascot for what cereal?
5a8dff3f5542995085b37370	In what field did a Swiss physicist who had a geometrical representation named after him work in?
5ab3fa095542992ade7c6f0a	Louis XVI style sought to evoke the artistic styles that were just then being rediscovered in  Pompeii and this ancient Roman town that was destroyed in what year
5a76a8bb5542993569682c76	In what country did Gildo Siopaes win a bronze medal for bobsledding in the 1964 Winter Olympics?
5ae1f2f3554299234fd0435a	Are Tetrastigma and Spruce both types of plants?
5ab42f3c55429942dd415ebc	What is the translation of the name of the river on which Widnes is located ?
5ab726415542993667793f52	What type of group does Roses Are Red and Sleeping with Sirens have in common?
5a77767a55429967ab10519b	Which interviewee featured in The History of Sex also hosted the radio show "Sexually Speaking"?
5a89f90a5542992e4fca84be	John Wickham Legg was recommended by Jenner for the post of medical attendant to which eighth child and youngest son of Queen Victoria and Prince Albert of Saxe-Coburg and Gotha?
5ab48a7c5542991751b4d7ab	What is this machine that is able to fly by gaining support from the air whose maneuvering is referenced to a standard rate turn, also known as a rate one turn?
5a7e02b75542997cc2c474f3	What year was the actor that co-starred with Sidney Poitier in Lieel Nikita born?
5a773e3955429972597f14c9	Who was born in Ireland and has coached the captain of MLS club Colorado Rapids?
5ae0036a55429942ec259bdf	What other two divisions of Argentine forces were involved in the war with Britain that incurred losses in aircraft?
5a8bd4d65542997f31a41dd8	Are both American Zeitgeist and Michael Jackson's This Is It documentary films about entertainment?
5ab87fa255429934fafe6e00	Sand Lake Baptist Church is located in a hamlet with a population of what at the 2010 census?
5abeab375542990832d3a091	The 1978 NBA World Championship Series had as MVP which Hall of Fame class member of 1988?
5a793f505542994bb9456fd1	Who was born first out of Leopold Lummerstorfer and Laurent Touil-Tartour?
5a7d1d825542995ed0d165f5	In what city did Charlie Spiller play college football?
5ae5be86554299546bf82f40	The actor of Professor Sprout in "Harry Potter" acted as a mother in a sitcom. In that sitcom, what was the daughter's name?
5a8208ee5542990a1d231f1e	The town of Sinclair, West Virginia, is named after the founder of the local oil drilling company. What is on Sinclair Oil's famous logo?
5ab73b2e5542993667793f9b	In what year was Kasper Schmeichel's father born?
5adc8d4f554299473435373d	Edwyn Collins and Ian Gillan both have which profession in common?
5abac27855429966062415ff	In which year was this American figure skater, actress, and sports commentator coached by Richard Callaghan for Olympic games, the U. S. national champion?
5ae4869755429970de88d99a	In which year was this English singer, songwriter, musician, activist and a co-founder of the Beatles born, whose classmate Bill Harry founded Mersey Beat at Liverpool Art College?
5ae202f2554299234fd0438d	Hndrxx features a guest appearance by what Canadian singer?
5a84c6df5542997b5ce3ff61	Did both Alan Crosland and Chris Columbus work as stage actor?
5ac292175542996366519a14	"52nd Street" is a 1978 album that earned two Grammy Awards for which piano-playing songwriter?
5a77a4fd5542997042120abc	Which professional footballer played for Kadji Sports Academy as a youth and went on to be the most decorated African player of all time?
5a85fb5e5542994775f606df	What is the nickname of the peninsula that is home to the Calabrian Black Squirrel?
5a908aaa55429933b8a20545	Were Ilya Ehrenburg and Harold Robbins both translators?
5ae74fb95542991e8301cc57	What is the name of the movie that srarred Stev McQueen in the orignal, and Pierce Brosnan in the remake?
5ae7b271554299540e5a564d	Phillip Pullman's book set in a parallel universe featuring a character named Lyra Belacqua was put into audio in what year?
5ab514dc5542990594ba9cfa	Who won the 2007 Copa America Final, with help from Julio Baptista?
5abb93275542993f40c73b3c	The first statue by Benjamin Victor was of a Paiute activist who was born with what name?
5ac02835554299294b218f2e	Frank Lamson-Scribner was adopted by a family near which town in Kennebec County?
5ae5df84554299546bf82fa8	What test preceded Operation Julian before negotiations began for the Coprehensive Test Ban Treaty?
5ae7db435542993210983f9a	What is the birthdate of this English actor best known for playing in Harry Potter and starring in The Woman in Black?
5a7c827e55429907fabeefa7	The 2011 Tennessee Tech Golden Eagles football team competed in a conference with how many members competing in football?
5a7d2c8d5542995ed0d16624	Who is older, Steven Tyler, or Elizabeth Fraser?
5ac017945542997d642959bc	What film did the sound editor for a 2013 Hong Kong-Chinese martial arts drama film based on the life story of the Wing Chun grandmaster Ip Man win two Academy Awards for?
5a739d8755429978a71e9048	Which publication is older, the Stanford Chaparral or Dime Magazine?
5ac300905542996773102682	Devilment finally found a stable vocalist in the founding member of which band?
5a713b325542994082a3e6b5	What was the capital of India when the Taj Mahal was commissioned?
5a808c215542995d8a8ddf90	Who's fifth album and debut single are Startin' Fires and Austin respectively?
5a81028b55429938b614228a	For which film did the Director team with NASA scientists, Aliens of the Deep or Poetry in Motion?
5a860642554299211dda2a3e	Ralph Faudree served as the American equivalent to what United Kingdom and Australian position?
5a90362f55429933b8a2049d	What play was written by Evgeny Schwartz and directed by Benno Besson?
5a829a7055429966c78a6a66	What is unique about the forum an American poet, memoirist, and civil rights activist spoke at?
5a7fd7a25542992e7d278dc3	What occupation do Anita Loos and Grace Metalious share?
5a716f575542994082a3e82f	Was it  Ishmael Reed or Joseph Campbell who said Follow your bliss?
5a8ec6fd55429917b4a5bdc1	Minus the Machine is the sixth studio album by a band formed in which city ?
5a7f7ca25542994857a76747	Keith Konrad Slettedahl appeared on which season of "How I Met Your Mother"?
5ab5c263554299488d4d9a18	Which country refrained from participating in the 1991 Baltic Cup though it had participated in previous Baltic Cup competitions?
5ac19ff35542991316484b61	Which was published or broadcast first, The Graveyard Book of Phineas and Ferb?
5a7570a65542996c70cfaefd	From what state was the congressman who became Secretary of Defense and reportedly refused to promote Les Brownlee to Secretary of the Army because he was not a CEO?
5a8a57fe55429930ff3c0da0	When did the Cartoon Network series that starred Jessie Usher as Lyle premiere?
5ac3ade05542995ef918c1e3	Sylvia Cecil performed musicals by the playwright and composer of what nationality?
5a7f2d3e5542993067513675	The Bellagio resort owned by MGM Resorts international is located in which US city?
5a7723ce55429966f1a36c9f	What midfielder for West Bromwich Albion is Michael John Standing an agent for?
5ab21c3b554299722f9b4cb4	What citizen was the author of Bimbos of the Death Sun?
5ab492155542991779162ce3	Palestine Brigade RAF was a response to which English soldier's request for an air formation?
5a7568805542992db9473658	What aviator participated to the Transatlantic flight organized by the "heir apparent" to Italian dictator Benito Mussolini?
5ae67fba5542996d980e7b9a	In which year did the artist who wrote Hyperreal release his debut studio album?
5adc905e5542994d58a2f662	What was the MGM Grand Garden Arena in which Britney Spears recorded fourth video album originally known as?
5abe49765542991f6610611f	The Bulls–Knicks rivalry involved a well known player who was how tall?
5ab8494d55429916710eb016	Which was founded first, University of California, Santa Barbara or Hamdard University?
5a74872655429979e2882978	What singer song writer born on December 13, 1989 wears jewelry from Porter Lyons?
5a79b525554299029c4b5f67	What performing traditionally from the longest continental mountain range in the world, are Grupo Aymara famous for?
5ae7940c55429952e35ea984	What is the name of shipping magnate Mærsk Mc-Kinney Møller' father?
5a8712095542991e771816af	Marwan Hage played for a college team that sponsors how many varsity sports teams?
5ac38c0755429939154137bb	Where were the brothers from that manufactured the balloon in which François Laurent d'Arlandes andJean-François Pilâtre de Rozier made the first manned free balloon flight?
5ab529005542996a3a96a045	In 2008, The Littlewoods Ireland Carnogie Leagues sponsor known as?
5a8787305542996e4f30882d	What other roles is the director of the American romantic comedy written by Peter Chiarelli and released in 2009 known for?
5a894bea55429946c8d6e910	The author of the young adult novel Running Before Wind was the first woman to write the screenplay for which Disney animated feature?
5a7b1c745542992d025e6777	What was unique about the attraction that was replaced by Monsters, Inc. Laughing Floor on April 2,2007?
5a79b495554299148911fa3b	Which serial killer was known to start killing first, Wayne Boden or Ted Bundy?
5aba3e3355429901930fa78c	Which airport Pago Pago International Airport or Chattanooga Metropolitan Airport is closer to the central business district of their local community ?
5a8307c055429966c78a6af9	Dana White's Tuesday Night Contender Series premiers weekly on this subscription-based video streaming service owned by the Ultimate Fighting Championship
5abbb116554299642a094b1d	Which university - the University of Rochester or the University of Colorado - is located further east?
5aba52e655429939ce03dc94	This term about a playwright who lived from 1564-1616 presented what about his works?
5a7a3edd5542990783324ed9	In which suburb of Melbourne, Australia did Harold Edward Holt go missing?
5a870a8e55429960ec39b707	George E. Blake was born in Yorkshire, England, formerly known as what?
5ab736a65542992aa3b8c7db	"She's a Mystery to Me" is a song on an album released in 1989 by what label?
5ae3ff2d5542995dadf242a9	Are Joe Walsh and Chester Bennington both guitarists?
5ae5415055429908b63265b7	Japanese Weekend School of New York has offices in the entertainment complex in what section of New Rochelle?
5ac413ca5542997ea680c9e9	In what metropolitan area is the future transfer point for the line previously designated the Bi-County Transitway?
5a7322165542994cef4bc470	What memeber of the artistic gymanstic team known as the "Final Five" who won a team gold medal at the Rio games was born on May 25, 1994?
5a828a7b55429954d2e2eb69	The retired American professional basketball player Walt Williams attended this institution in 1988 that is in which conference today?
5ab2421555429970612095cc	Who has won the most Olympic medals for figure skating, Debi Thomas or Katarina Witt?
5ab28a87554299449642c8ec	This expansion of the 2008 magazine article "Is Google Making Us Stoopid?" was a finalist for what award?
5a85f5115542991dd0999ed9	What kind of ships have been named after the King of Norway who ascended the throne in 1991?
5a73677455429901807db030	Of the companies that sponsor the British League Riders Championship, which is owned and operated by Goodyear Tire and Rubber Company?
5a7380e055429908901be2d6	Which building is newer, The Spiral, or the New York World Building?
5a7a10755542996a35c170b1	The most principle species of plants which requires an ericaceous type of compost can have what effect on its surroundings because of the way it takes up cations?
5abce85755429959677d6b3e	Le Rêve was created by the director behind what Cirque du Soleil production from 1998 onward?
5a807ceb554299485f598616	What "Splitting Image" voice artist provided testimony in Evidently... John Cooper Clarke?
5a77137455429972597f142a	Who died more recently, Ferdinand Anton Ernst Porsche or Ferdinand Porsche
5ae3368b5542991a06ce995b	What relationship did the inventors of the technique through which plywood can be bent in three dimensions have?
5a84b6ed5542994c784dda18	Is Awolnation an American alternative rock band and This Mortal Coil was a music collective
5adccdab5542994d58a2f6db	What year was the album featuring the trio made up of Posdnuos, Dave, and Maseo, alongside Lebanese-Syrian rapper Eslam Jawaad release?
5a8ac4dd5542992d82986f76	Which town near the county border with North Yorkshire was this Lancashire mill (closed in 1979 and demolished) located?
5a79d8ec5542996c55b2dc7e	In what California city was the first Torrid location opened?
5ab2f88755429976abd1bbe0	Were Thinking Fellers Union Local 282 and the Smiths, who had a lead singer of Morrissey, both active in 1986?
5ae610e55542995703ce8ae1	susquehanna university and paul musser are both in what city?
5abbfbcf55429965836003cf	James Leal Greenleaf worked on a monument located where?
5a736f7c5542991f29ee2e18	Which legal, autonomous North American tribal government signed its constitution in Oklahoma on September 6, 1839?
5a727ca45542994cef4bc2d8	What is Old Orchard Shopping Center currently called?
5a7587705542992db9473674	Which tropical storm has been present in the Central Pacific Ocean but not in the western north Pacific Ocean?
5ab915ad55429919ba4e239c	Who did Muhummad Ali fight next, in Houston, after the so-called Fight of the Century with Joe Frazier?
5a9080275542995651fb5175	What year was the Leeds football club, which Arthur Hydes played, formed?
5a778b345542992a6e59decf	Who was born first, Susan Oliver or W. S. Van Dyke?
5ac3b9c5554299657fa2911b	Name a member of a British-American supergroup who recored a version of Nobody's child in 1990
5ab2d3c5554299295394687a	Isaac Live Schreiber, better known as Live Schrieber, acted in Salt, a 2010 American action thriller film directed by whom?
5a81a2705542990a1d231e30	Which is farther north, Wynantskill, New York or Hannaford Brothers Company?
5a7dbc175542995ed0d1666b	What russian Marxist revolutionary born in 1875 was part of the Vpered organization?
5a84a5dc5542992a431d1a82	What National Hockey League (NHL) season saw the Dallas Stars finish the season in a lower position than the Nashville Predators?
5ab3357d554299166977419d	In which city is the parent company of Sterlite Industries headquartered?
5abd4c6d5542993062266c47	What is the home stadium where Dai Xianrong predominantly played?
5ae1af14554299234fd042c4	Are both William Beaudine and Richard Benjamin American actors?
5a88f7855542993b751ca8da	In what year did a movie that starred both Nicholas Cage and Cher come out?
5adf0e7c5542992d7e9f9297	What former LA King and current free agent went to school at Lorne Atkins Junior High in St Albert, Alberta?
5a77d2d25542992a6e59dfe2	What song was on an American radio network that is owned by Disney Channels Worldwide, Inc. is a song by Senegalese-American R&B and rapper Akon?
5a7c90125542990527d554d1	In which year was the author born that wrote about  the former succubus Jezebel, now the mortal Jesse Harris, as she tries to avoid her Hellish past and learn how to be truly human?
5adefcf15542995ec70e8f4c	What position does the First Vice Captain of Juventus play?
5a73f4f75542993a88ae2ebc	Which Missing You actor was born August 17 1993?
5ae1e8ab5542997283cd22ca	Anna Camp had a recurring role in the Fox series created by whom?
5ae1408a55429901ffe4ae2a	Did Holland's Magazine and Moondance both begin in 1996?
5a7b23d355429931da12c9f1	Who has been making music long Eric Gaffney or Pearl Jam?
5a81adfc55429903bc27b9a4	Who had a longer film career, Harry Sweet or John Biddle?
5a7716ee55429937353601cc	What US Airways pilot famously made an emergency landing on the Hudson River and went on to become an Aviation and Safety Expert for CBS News?
5a8fa20555429918e830d298	In 1967, there were how many active members in the organization whose first Grand Wizard was convicted for the 1966 murder of Vernon Dahmer?
5ae095f055429924de1b7103	Who has more scope of profession, B. Reeves Eason or Albert S. Rogell?
5ab72a035542993667793f5c	What military organization does SS China Maru and Douglas SBD Dauntless have in common?
5a8a09ff5542992d82986e6b	When did the husband of William Roper bornj who was also the father of  Margaret Roper?
5ab822ef55429916710eafff	Stephen Sondheim and Thomas Z. Shepard both worked in the production of what genre of music?
5abd724b55429924427fcfd9	Is Ashland, New Hampshire or Plymouth Regional High School located near the Scribner-Fellows State Forest?
5a8b7d7d5542997f31a41d4b	What Tony Award winner directed and co-produced Six by Sondheim?
5ae4be5c5542995ad6573e3a	Who recorded the song written by Johnny Russell
5add3acb5542990dbb2f7ddc	Whose real-life story was the inspiration of the film which included the song "We All Die Young"?
5abb23655542992ccd8e7f25	What was the formative year for the company eventually replaced by Suez Canal Authority?
5ae4a0ca5542995ad6573dcb	Bill Nelson flew as a Payload Specialist on a Space Shuttle launched for the first time in what year?
5ae535bc55429960a22e0260	The eldest daughter of Princess Louise of Denmark and Norway was the wife of a king whose motto was what?
5a8d9573554299068b959d51	What Old English poem commemorates the capturing of the five main towns of Danish Mercia?
5ade279e5542992fa25da6fa	Kent Dairy Round Barn is near the city in what Montana county?
5a7f19eb55429934daa2fcdb	Which band originated from the United States, Milky Chance or Stone Temple Pilots?
5ade3af855429939a52fe867	In the Library with the Lead Pipe, an academic journal on topics about libraries, is abstracted and indexed by this third largest private company in Birmingham, Alabama?
5adfecd755429942ec259b90	What year was the magazine that Stanley Bing spent a decade at founded in?
5a7fc5875542992e7d278d67	What Theo Avgerinos movie did the actor known for the role as Matt McNamara appear in?
5ab428915542991751b4d6b2	Who acted in the film and television series, "Harry and the Hendersons," and also worked with Danny Glover?
5ae71f06554299572ea54708	Christopher de Haro provided the financial backing to what Portuguese explorer who organised the Spanish expedition to the East Indies from 1519 to 1522?
5ae12aa6554299422ee99617	The ghetto that George Kadish documented held how many people at its peak?
5a89a82c5542993b751ca973	Which of the following has released ten solo albums: Kristin Hersh or Mike Patton?
5a829c1d55429966c78a6a67	What did  the man who  led Sweden to military supremacy during the Thirty Years' War found in 1623?
5a7125165542994082a3e5d0	Which composer was a French Romantic composer in the 1800's, Hector Berlioz or Gaetano Donizetti?
5a79ecd05542996c55b2dca1	Bobby Bowden coached which former Toronto Blue Jays minor league baseball player?
5a8edb5c55429917b4a5bde9	How many years was the politician coauthor of Common Sense, subtitled A new constitution for Britain an MP for?
5ac0cfb45542997d64295a58	What statistical area is the suburban city that houses the Charles Hosmer Morse Museum of American Art?
5abcffc2554299700f9d7951	What is the name of the company in Independent Hill, Virginia that is also headquartered in Houston Texas?
5ae634355542995703ce8b41	When was the host of the Los Angeles talk radio program Religion on the Line born?
5a832ad55542990548d0b1b5	What city hosts an annual convention devoted to a line of toys manufactured by a company based in Denmark?
5a903b7f55429933b8a204af	What year was the branch of military, who is credited with Operation Tidal Wave, created?
5a74b66a55429929fddd84cb	Was Lee Grant or Colin Campbell born first?
5ac3aa3655429939154138a2	What Albanian department is reasonbile for an international integration effort first started in 2014?
5a7471f655429979e2882955	Which American main title designer designed sequences for the founder of the Sundance Film Festival?
5ae628fd5542995703ce8b33	Cinnamon sugar is a spice used to flavor this traditional Spanish and Portugese fried pastry.
5ab2a1f35542997061209677	The 2017 Los Angeles Chargers season was the first season under which coach that began his professional coaching career with the Denver Broncos in 2000?
5a84edf65542994c784dda8d	Black Pearl was a South Korean girl group who were known to follow the steps of what Norwegian pop music duo comprising Marit Larsen and Marion Raven?
5a7ae2f2554299042af8f6aa	Which sport has been played at the BayArena in Leverkusen, Germany, since 1958?
5adbcc085542996e6852523c	What are some foods that may have been served at the Hawaiin Cottage?
5ae127c9554299422ee99612	Fighting Cock is produced in what Kentucky county?
5a7c17c95542990527d5544d	A guitar player called Noodles is a longtime member of which band, The Smashing Pumpkins or The Offspring?
5ae4d2a55542990ba0bbb161	Giselle Cossard was known as Mother Giselle of what type of diety?
5ae200655542994d89d5b2f4	How many students were enrolled in American professional bowler Chris Barnes' high school in the 2010-2011 school year?
5a72ba1a5542992359bc318b	Which song did Eminem and Rihanna collaborate on after their other collaboration song in studio album "Unapologetic?"
5ae489ab5542995ad6573d62	Which player, who also played for the New Jersey Nets and the Golden State Warriors, finished third in the league with 231 three-point field goals during the 1995-96 Atlanta Hawks season?
5a8563c05542997b5ce3fff4	Do Chestnut and Arenga trees both grow in the northern hemisphere?
5ae3b1ba5542992f92d82343	Which university did the third pick by the Philadelphia 76ers in the 2014 NBA draft attend before he was drafted?
5ab29426554299545a2cf99f	Calvin Murphy's record of being the shortest NBA player to play in an All-Star Game was tied by a player who was sent to what team in 2017?
5a8d40715542994ba4e3dc3a	This annual event held in several major cities in Finland is one of many all-night arts festival whose name is given to areas of high latitude in the weeks around what?
5adfc35755429906c02daa30	Bill Woodfull opened pairing with what cricketer who died in April of 1991?
5a7f7e3a5542992097ad2f89	What actor appeared in "Evening in Byzantium" and was nominated for the Academy Award for Best Supporting Actor in 1973 for "The Heartbreak Kid"?
5a86ea445542994775f60780	When was the female character that on June 9, 2015 was promoted to a series regular first introduced on "Once Upon a Time"?
5ab56200554299494045ef88	Which Olympic game featured Boules and happened right before medals started to be awarded?
5ae0380955429925eb1afc2e	Which bi-annual British style magazine did  Tim Walker  regularly shoots for
5ab875bd55429916710eb062	Mark Lawrence played for the Dallas Stars and which other NHL team?
5abfa0285542990832d3a171	Was Hoobastank or Fountains of Wayne formed first?
5a7fb23f5542994857a767be	What is the chemical formula of the organic material that clementines have less of than oranges?
5a7a34bf5542994f819ef151	In what NCAA division is the team Michael Beasley played basketball for in college?
5a77a3905542992a6e59df40	The 1997–98 UCLA Bruins men's basketball team lost to what team in the sweet sixteen match?
5ae3d6bd5542991a06ce9a2b	Which American band from Knoxville Tennessee released the album From Birth to Burial?
5a8b98665542995d1e6f1413	What is name of one of the primary holders of Schottenstein Stores Corp which was born in 1954?
5a8bbddf5542997f31a41db2	Was Without the King and Italy in a Day directed by the same person?
5a7e6df35542997cc2c47544	What was the other name of the textile mill on which The Mill was based on?
5ae2fffe55429928c423959c	What political party was the 6th governor of Hawaii that passed bills to help with global warming in Hawaii?
5ae721885542996d980e7cba	Stories USA starred which actor and comedian from "The Office"?
5a77ca3955429967ab1052a3	Which board game is newer, Splendor or Power Grid?
5ac0d1555542997d64295a5d	Which actor and film director is from German Jewish descent, Kurt Gerron or Dell Henderson?
5ae685fd5542996d980e7bda	Which magazine ranked the Indian Carnatic vocalist who collaborated with classical pianist Anil Srinivasan among 35 Game Changers under 35?
5ae141475542997b2ef7d185	I Like 'em Big and Stupid was a single whose B-side was played on the show of the record collector specializing in what type of music?
5a862974554299211dda2a95	Who is older, Jed Hoyer or John William Henry II?
5ab9b1fd5542996be202058e	What is the most populous city in the county where Caleb Stegall served as District attorney?
5a8c78a8554299585d9e36bc	Who coined the phrase that marked the period which included Sir Alexander Woodford's command of the 2nd battalion of the coldstream guards at the battle of waterloo?
5a77769e5542997042120a65	When Budweiser created a dog mascot to promote Bud Light in the 1980s, which rival brewer (with its own character Alex the Dog) were they competing with?
5a78f59755429970f5fffdf8	Who can play more instruments, Michael Monroe or Alison Goldfrapp?
5a7bb983554299042af8f7c1	Who directed the nuclear war drama where Rita May played Jimmy Kemp's mother?
5abea98d5542990832d3a07d	TimeCamp enables what type of commercial documents from a seller to a buyer?
5a86f204554299211dda2b60	James Cromwell stars in which movie that chronicles the life of Thoroughbred race horse?
5ac1846d55429964131be20b	In which city were the olympic games held in which Willi Meurer competed in the individual and team road race events?
5a8eb63455429917b4a5bdb7	With which American musician, singer-songwriter, and multi-instrumentalist from Berklee College of Music did Jonny Browning collaborate?
5a8591715542994c784ddb27	What was the breakthrough role of the actor starring in Good Boy! and was a native of Atlanta?
5a84c6e65542994c784dda48	What is the nationality of the man who finished second for ART Grand Pix in the 2016 Baku GP2 Series round?
5abdb9775542993f32c2a01b	Kim English was selected by the Pistons during the draft held at what location?
5a877df15542993e715abf7a	Are David Schwimmer and James Wan in the same industry?
5a808f96554299485f598655	Vasily Agapkin's most well-known march was written in honor of what event?
5a89df265542992e4fca840d	Which was developed first, Dick Smith Super-80 Computer or Pecom 32?
5a7a73e45542996c55b2ddb6	Evan Buliung played the character Aragon who is based on a character in a book series written by which author?
5ae50eff55429908b6326500	What is the last name of the singer behind Southern Child?
5ae16ea85542990adbacf790	When did the UVF Mid-Ulster Brigade conducted the attack The Miami Showband killings?
5ae657d55542995703ce8b5b	This stadium, the largest in eastern Europe, was home to the 1998 IAAF Grand Prix Final.  How many seats does it have?
5a8c42445542996e8ac88a3f	What revolutionary group was writer Mary Williams raised by before being adopted by director of the Peace and Justice Resource Center in Los Angeles County Tom Hayden?
5a82a1ae55429954d2e2eb89	Between Aspidistra and Cyrtanthus, which genus of plant belongs to the Subfamily Amaryllidoideae?
5add292b5542990d50227e0a	In what city is the mortgage lending company, founded by Dan Gilbert, headquartered?
5a7cc9db55429907fabef036	Devorah Adler worked as Director of Research for a 2008 presidential candidate, who served until when in the U.S. Senate?
5a7b735c5542997c3ec9718a	The Toyota FJ Cruiser is built by this Toyota subsidiary which is a leading producer of what type of trucks in Asia?
5ac213805542992f1f2b37e7	When did the animated series Kent Scott wrote end after beginning in September of 2002 on "Nick on CBS"?
5ae72c7d5542991e8301cb91	A sparse image is used by the FileVault feature in Mac OS X in versions later than which?
5a711bb55542994082a3e597	Steven Covey, the father of Sean Covey, wrote what similar sounding title to The 7 Habits of Highly Effective Teens?
5ae684925542995703ce8b71	Actor David Lee Stenstrom played the character Waldo the inventor in a TV show that ran on Nickelodeon during what yeras?
5a7283355542991f9a20c4b1	Who is the grandfather to Frederick II and was the Holy Roman Emperor until death?
5a7557d75542992d0ec05f68	Which "Roseanne" star is in Scream 2?
5a75227955429929fddd8508	What is the name of the largest shopping center in the City of Tea Tree Gully?
5abc0e095542996583600417	50th Military Airlift Squadron was stationed at this base named in honor of who
5a8e00515542995a26add454	Who is the wife of the actor who played Derrick Banning in EastEnders in 1996 ?
5ae75c395542991bbc9761f7	The revue Putting It Together was devised by Stephen Sondheim and what actress best known as Miss Marple?
5ae43d7f5542996836b02c59	Which director, John Schlesinger or Barbara Albert, was also a writer and film producer?
5a8ccceb554299653c1aa128	what city was the chapel that Princess Anne got married in located?
5adf95745542995534e8c7f8	Where does Śivarāma Swami conduct courses on Vaishnava Theology?
5ac473e4554299204fd21f54	Are Kim Tae-yeon and Laura Stoica of the same nationality?
5ae1f3df554299234fd04364	When did the  American rock singer  which performed  Recorded covers died
5ade86b255429939a52fe8e0	Where is the ice hockey team based that Zdeno Chára currently serving as captain of?
5ab48bab5542991779162cd3	Which Canadian Professional ice hockey player of Albanian origin bought in on the deal for the Ontario Raiders?
5a7458ff55429979e2882918	That Darn Cat and Honey, I Blew Up the Kid are both what?
5a8ea03e5542990e94052b81	Atlanta Zero Mile Post is located within a historic area opened in what year ?
5ae1e22a5542997f29b3c160	The role of "Celene" in the film "Walk All over Me" was played by an actress that voices what role in the "Starcraft 2" triolgy?
5abe364e5542993f32c2a08e	Lollipop Chainsaw featured Juliet Starling, who was voiced by a Canadian-American actress who has done voice roles for what Teen Titans spinoff series?
5a8f44135542992414482a24	In what county are the Wichita Wild based in?
5a7a1e635542990783324e69	What division are the 2013 Valdosta State Blazers football team and the Gulf South Conference a part of?
5a752fb75542993748c897df	What pop band features an Argentine actress that appeared in the television series "Chiquititas"?
5a7793275542992a6e59df04	Which country is the firm that owns Babycham located?
5ae2b794554299495565db10	When was the producer of  Michel'le born?
5a86e6f65542994775f6077c	How many Indians were killed in the massacre that "kyáiyótokan" was a survivor of?
5a77d4eb55429949eeb29f74	Who was born first, Yanka Dyagileva or Alexander Bashlachev?
5a8126265542995ce29dcbc9	Which South African anti-apartheid archbishop was part of the actions against the ruling National Party government?
5a8182e255429938b614234d	Who was the personal assistant to General of the Armies John Joseph "Black Jack" Pershing during World War I?
5ac27d2555429963665199dc	The teaching method that Maggie Gripenberg was the first to introduce to Finland is used to teach what?
5adee8ff55429975fa854fb8	What dance competition television series features host and NFL reporter Erin Andrews?
5a7730015542994aec3b7210	Which TV series, written by the creators of Robocalypse, is set in Bikini Bottom?
5a8b45765542995d1e6f1333	What music school did the singer of The Search for Everything: Wave One attend?
5ae72a975542991e8301cb75	Which 2003 action-adventure platforming video game was written by Reid Harrison?
5ade3e69554299728e26c68d	what country are Mudvayne and Hellyeah both from?
5ae3d0bb5542990afbd1e1e5	are Dee Dee Ramone and Alex Band both singers, songwriters and musicians?
5abfa0be5542990832d3a173	Tyler Redenbach was selected 77th overall by the Phoenix Coyotes in an NHL draft that was held in what city?
5a7ca98f55429935c91b5288	What religion was the martyr to whom the Lady of the Valey statue is dedicated?
5a7776b955429967ab10519e	The 2004 romantic drama film based on Shake'spears play of the same name was produced by whom?
5a7b72e15542997c3ec97187	The Motion Picture Soundtrack The Woman in Red featured this American Singer who became a United Nations Ambassador for what organization?
5a7fb7985542994857a767d2	Which retired Argentine footballer who played as a forward was a main player for Valencia CF?
5ab56ed0554299637185c597	Telescope Hill is near the hamlet that is in what Suffolk County, New York town?
5ae09d6155429945ae9593d4	Lee Sung-jae stars in the film Barking Dogs Never Bite which is what film genre?
5ae2c6bf554299492dc91c6c	Which Austrian writer and journalist introduced the term "Journaille "
5abdf68c5542993f32c2a06b	Who has a longer middle name, Alice Walker or Michael Herr?
5a7fe0b55542994857a76818	Are The Maine and Black both from Tempe, Arizona?
5adcad175542994ed6169bc3	What did the American writer who wrote Into Thin Air  primarily known for in his writings
5a7c220b5542990527d5545c	In 2014, the Co-operative Bank planned to launch a train service in Wiltshire called Go-op. Where is the bank headquartered
5ab96d405542996be20204de	Who owns and operates the location where ROH 13th Anniversary Show took place?
5a7149cf5542994082a3e773	What 2015 British-Canadian-Irish romantic drama was Finola Dwyer a producer of?
5a7616755542992d0ec06028	Where is the county seat for people living in Henderson Point, Mississippi?
5ac1a9cc5542994ab5c67dc0	Crucible is a geodemography computer system created by a company that has stores in how many countries?
5ac45b23554299204fd21f31	The 1994 "The Shadow" co-stars Lone, Penelope Ann Miller, Peter Boyle, Jonathan Winters, Tim Curry and an actor that has received how many Emmy Award nominations?
5ab9560855429970cfb8ea73	How many people were killed in the collapse of the bridge featured in the drama film, The Public Domain ?
5a84f06f5542994c784dda92	What type of community does Bob Hope Airport and Boeing Field have in common?
5adf6a5c5542995ec70e8ff9	In what city does the most successful American and international five-and-dime business have a historic building?
5ac03b395542992a796decce	The screenplay for Alain Resnais' second film is who?
5ab4071955429976abd1bd38	How long was the career of the actor in The Skull?
5a85cd295542997175ce202b	Who was the military commander of the last active ruler of the Ptolemaic Kingdom of Egypt?
5a86ed6155429960ec39b6d9	In what year was the American country rock band who's number one song was done as a cover on the album "What If?" founded?
5a90bb4e55429916514e7536	When was the town Emma Gramatica given its current name?
5ac257fe55429951e9e68562	Who has more scope of profession, Bob Fosse or Angelina Jolie?
5a90ba1b55429933b8a205c6	Who has a better career-high singles ranking Daniel Vacek or Fabio Fognini ?
5aba94e355429901930fa845	Jonathan Groff was 30 years old when he appeared in a historical musical written by whom?
5ae1f2d4554299234fd04358	Which English former professional footballer ho played as a centre-back, did  Chris Jones played with
5a75462d5542996c70cfaed3	Who was born first, Kwok Kin Pong or Edison Chen?
5ae0ac1c5542993d6555ec07	Between Gareth Evans and Pierre Chenal, who's had a more diver career?
5adc6f6255429947ff173961	Which plant genus is part of a family with a longer name, Morning glory or Rothmannia?
5a8756aa5542994846c1cd69	Wapping has the oldest riverside tavern, dating back from when?
5ab8736455429916710eb058	Are Yut and Tsuro both board games?
5ae0fe4e554299422ee995a9	What type of diet does the author of Eat to Live: The Amazing Nutrient-Rich Program for Fast and Sustained Weight Loss advocate?
5a878d795542993e715abf9d	What animation company produced the first season of an animated television series co-created by Jorge Aguirre?
5a7781c955429949eeb29ea8	What former two-weight world champion is represented by boxing managed Ziggy Rozalski?
5a8d51355542994ba4e3dc6b	What color was the dog that Socks had conflicts with?
5a70f6425542994082a3e44c	Renamed in 2014, what was the vehicle offered as a prize to contestants on the first season of The Amazing Race Canada?
5aba7e2c55429955dce3ee5a	Did Lewis Allen or Danny DeVito play Louie De Palma?
5a7c651a55429935c91b5188	The mulga apple is is often eaten by people who genetic research has inferred a date of habitation as early as when?
5a81ca0d5542990a1d231ebb	Which of the office buildings used to staff the White House used to be known as the State, War, and Navy Building?
5a825da055429954d2e2eb17	Which style is the building located on the East Side of Midtown Manhattan that Robert Von Ancken appraised?
5a73630655429901807db020	Who was born first, Antonin Artaud or  Elizabeth Taylor?
5a77aa095542995d83181260	Which aircraft engine powers a General Dynamics aircraft of which over 4500 have been built?
5ab97cd0554299753720f81a	Elizabeth Austin wrote for a fitness magazine founded by who?
5a84de5f5542991dd0999e07	Where was the father of the Jackson, Mississippi mayor elected in 2017 born?
5ae06ee755429945ae959352	What is the city where Orville Siegfried went to college and that is located in Jackson county?
5ab84bab55429934fafe6d49	Terence Richard "Terry" Norris starred in a 2007 Australian drama film that was directed by Richard Roxburgh, and was based on a memoir by who?
5ae6793e5542991bbc9760e2	Until what year did the Chief of Justice of the Supreme Court that administered the presidential oath of office to Abraham Lincoln on his first inauguration as the 16th President of the United States hold that office?
5a81418455429903bc27b95f	Who is the mother of the Texas business man that co-founded Ignite! Learning, Inc?
5adc872b5542994d58a2f62f	Which jobs do Jeff Tremaine and Keanu Reeves share?
5ae81b895542997ec272770c	The maternal grandmother of Princess Marie Cécile of Prussia was born in which year ?
5a7e910a554299306751357f	Who was the artist that recorded a duet in 1985 for the CBS TV series 'Dallas' with an artist that was born in 1951 and has twenty #1 hits?
5a8f75e6554299458435d635	The city where Alex Shevelev died is the capital of what region?
5a7e040f5542990b8f503b13	Who was born first, Bruce Conner or Nils Gaup?
5addb1515542995b365fab60	In what year was the uprising that marred John P. Buchanan's term as governor ignited?
5ab80bbf5542991d32223818	Which airport is operated by the Coos Country Airport District, Southwest Oregon Regional Airport or Lawton–Fort Sill Regional Airport?
5a848a685542997b5ce3feae	Who was the brother of the wife of the Democratic Party nomination for Vice President in 1972?
5ab6238e554299710c8d1e6d	When Copsi was made earl of Northumbria he went back to reside in a town at the confluence of which two rivers?
5ab92307554299753720f72d	What Pakistani actor and writer from Islamabad helped write for the 2012 Pakistani comedy drama sitcom, "Coke Kahani"?
5abba3b1554299642a094aed	Are both Volvic and Canfield's Diet Chocolate Fudge natural spring waters ?
5a8173fa554299260e20a28e	Are Billy and Barak both breeds of scenthound? (Barak is also known as a Bosnian Coarse-haired Hound)
5a8caf1d554299585d9e3720	Were both of the following rock groups formed in California: Dig and Thinking Fellers Union Local 282?
5ac132a755429964131be17c	Blackfin is a family of processors developed by the company that is headquartered in what city?
